id,transcription
0,HE HOPED THERE WOULD BE STOOL FOR DINNER TURNIPS AND BRUISED POTATOES AND FAT MUTTON PIECES TO BE LATELED OUT AND THICK PEPPERED FLOUR FATTENED SAUCE
1,STUFFED INTO YOU HIS BELLY COUNSELED HIM
2,AFTER EARLY NIGHTFALL THE YELLOW LAMPS WOULD LIGHT UP HERE AND THERE THE SQUALID QUARTER OF THE BROWFALS
3,HOW ARE BARTY AND HE GOOD IN YOUR MIND
4,NAME BUT DEN FRESH KNELLY IS WAITING ON YOU COULD NIGHT HUSBAND
5,THE MUSIC CAME NEARER AND HE RECALLED THE WORDS THE WORDS OF SHELLEYS FRAGMENT UPON THE MOON WANDERING COMPANIONLESS PALE FOR WEARINESS
6,THE DULL LIGHT FELL MORE FAINTLY UPON THE PAGE WHEREON ANOTHER REQUATION BEGAN TO UNFOLD ITSELF SLOWLY AND TO SPREAD A BRAW ITS WIDENING TAIL
7,A COLD LUCID INDIFFERENCE RAINED IN HIS SOUL
8,THE KAYOS AND WHICH HIS ARDOR EXTINGUISHED ITSELF WAS A COLD INDIFFERENT KNOWLEDGE OF HIMSELF
9,AT MOST BY AN ALMS GIVEN TO A BEGGAR WHOSE BLESSING HE FLED FROM HE MIGHT HOPE WEARILY TO WIN FOR HIMSELF SOME MEASURE OF ACTUAL GRACE
10,WELL NOW INNESS I DECLARE YOU HAVE A HEAD AND SO HAS MY STICK
11,ON SATURDAY MORNINGS WHEN THE SO DALITY MET IN THE CHAPEL TO RECITE THE LITTLE OFFICE HIS PLACE WAS A QUSHIONED NEALING DESKET THE RIGHT OF THE ALTAR FROM WHICH HE LED HIS WING OF BOYS THROUGH THE RESPONSES
12,HER EYES SEEMED TO REGARD HIM WITH MILD PITY HER HOLINESS A STRANGE LIGHT GLOWING FAINTLY UPON HER FRAIL FLESH DID NOT HUMILIATE THE SINNER WHO APPROACHED HER
13,IF EVER HE WAS IMPELLED TO CASTS IN FROM HIM AND TO REPENT THE IMPULSE THAT MOVED HIM WAS THE WISH TO BE HER NIGHT
14,HE TRIED TO THINK HOW IT COULD BE
15,BUT THE DUSK DEEPENING IN THE SCHOOL ROOM COVERED OVER HIS THOUGHTS THE BELL RANG
16,THEN YOU CAN ASK HIM QUESTIONS ON THE CATICASM DEADLESS
17,STEPHEN LEANING BACK AND DRAWING EYEDLY ON HIS SCRIBBLER LISTENED TO THE TALK ABOUT HIM WHICH HARON CHECKED FROM TIME TO TIME BY SAYING
18,IT WAS STRANGE TOO THAT HE FOUND AN ARROD PLEASURE IN FOLLOWING UP TO THE END THE RIGID LINES OF THE DOCTRINES OF THE CHURCH AND PENETRATING INTO OBSCURE SILENCES ONLY TO HEAR AND FEEL THE MORE DEEPLY HIS OWN CONDEMNATION
19,THE SENTENCE OF SAINT JAMES WHICH SAYS THAT HE WHO HAVE FENDS AGAINST ONE COMMANDMENT BECOMES GUILTY OF ALL HAD SEEMED TO HIM FIRST A SWOLLEN FRAZE UNTIL HE HAD BEGUN TO GROPE IN THE DARKNESS OF HIS OWN STATE
20,IF A MAN HAD STOLED ON A POUND IN HIS YOUTH AND HAD USED THAT POUND TO A MASS A HUGE FORTUNE HOW MUCH WAS HE OBLIGED TO THE GIVE BACK THE POUND HE HAD STOLEN ONLY WERE THE POUND TOGETHER WITH THE COMPOUND INTEREST ACREWING UPON IT OR ALL HIS HUGE FORTUNE
21,IF ALAYMON AND GIVING BAPTISM POOR THE WATER BEFORE SAYING THE WORDS IS THE CHILD BAPTIZED
22,HOW COMES IT THAT WHILE THE FIRST BEATITUDE PROMISES THE KINGDOM OF HEAVEN TO THE POOR OF HEART THE SECOND BE ATTITUDE PROMISES ALSO TO THE MEEK THAT THEY SHALL POSSESS THE LAND
23,WHY WAS THE SACRAMENT OF THE UGARIST INSTITUTED UNDER THE TWO SPECIES OF BREAD AND WINE IF CHESIS CHRIST BE PRESENT BODY AND BLOOD SOUL AND DIVINITY IN THE BREAD ALONE AND IN THE WINE ALONE
24,IF THE WINE CHANGE INTO VINIGOR AND THE HOST CRUMBLE INTO CORRUPTION AFTER THEY HAVE BEEN CONSECRATED IS JESUS CHRIST STILL PRESENT UNDER THEIR SPECIES AS GOD AND AS MAN
25,A GENTLE KICK FROM THE TALL BOY IN THE BENCH BEHIND VERGED STEPHEN TO ASK A DIFFICULT QUESTION
26,THE RECTOR DID NOT ASK FOR A CATECHISM TO HEAR THE LESSON FROM
27,HE CLASPED HIS HANDS ON THE DESK AND SAID
28,THE RETREAT WILL BEGIN ON WHEN SDAY AFTERNOON IN HONOUR OF SAINT FRANCES ZAVIOR WHOSE FEAST DAY IS SATURDAY
29,ON FRIDAY CONFESSION WILL BE HEARD ALL THE AFTERNOON AFTER BEADS
30,BEWARE OF MAKING THAT MISTAKE
31,STEPHEN'S HEART BEGUN SLOWLY TO FOLD AND FADE WITH FEAR LIKE A WITHERING FLOWER
32,HE HAS CALLED AS YOU KNOW THE APOSTLE OF THE INDIES
33,A GREAT SAINT SAINT FRANCES SAVIER
34,THE RECTOR PAUSED AND THEN SHAKING HIS CLASP TO HANDS BEFORE HIM WENT ON
35,HE HAD THE FAITH IN HIM THAT MOVES MOUNTAINS
36,A GREAT SAINT FRANCES DISAVIER
37,IN THE SILENCE THEIR DARK FIRE KINDLED THE DUSK INTO A TONY GLOW
38,HE COULD WAIT NO LONGER
39,FOR A FULL HOUR HE HAD PACED UP AND DOWN WAITING BUT HE COULD WAIT NO LONGER
40,HE SET OFF ABRUPTLY FOR THE BULL WALKING RAPIDLY LEST HIS FATHER'S SHRILL WHISTLED MIGHT CALLED HIM BACK AND IN A FEW MOMENTS HE HAD ROUNDED THE CURVE AT THE POLICE BARRICK AND WAS SAFE
41,THE UNIVERSITY
42,BRIDE AFTER SATISFACTION UPLIFTED HIM LIKE LONG SLOW WAVES
43,WHOSE FEET ARE AS THE FEET OF HEARTS AND UNDERNEATH THE EVERLASTING ARMS
44,THE PRIDE OF THAT DIM IMAGE BROUGHT BACK TO HIS MIND THE DIGNITY OF THE OFFICE HE HAD REFUSED
45,SOON THE WHOLE BRIDGE WAS TREMBLING AND RESOUNDING
46,THE UNCOUTH FACES PASSED HIM TOO BY TWO STAINED YELLOW OR READ OR LIVE IT BY THE SEA AND AS HE STROVE TO LOOK AT THEM WITH EASE AND INDIFFERENCE A FAINT STAIN OF PERSONAL SHAME AND COMMISERATION ROSE TO HIS OWN FACE
47,ANDREW WITH HIMSELF HE TRIED TO HIDE HIS FACE FROM THEIR EYES BY GAZING DOWN SIDEWAYS INTO THE SHALLOW SWIRLING WATER UNDER THE BRIDGE BUT HE STILL SAW A REFLECTION THEIR INN OF THEIR TOP HEAVY SILKATS AND HUMBLED TAPE LIKE COLLARS AND LOOSELY HANGING CLARICAL CLOTHES BROTHER HICKY
48,BROTHER MACHARDLE BROTHER KILF
49,THEIR PIETY WOULD BE LIKE THEIR NAMES LIKE THEIR FACES LIKE THEIR CLOTHES AND WAS IDLE FOR HIM TO TELL HIMSELF THAT THEIR HUMBLE AND CONTRITE HEARTS IT MIGHT BE PAID OF FAR RICHARD TRIBUTE OF DEVOTION THAN HIS HAD EVER BEEN A GIVEN TEN FOLD MORE ACCEPTABLE THAN HIS ELABORATE ADORATION
50,IT WAS IDLE FOR HIM TO MOVE HIMSELF TO BE GENEROUS TOWARDS THEM TO TELL HIMSELF THAT IF HE EVER CAME TO THEIR GATES STRIPPED OF HIS PRIDE BEAT AND AND BEGGARS WEEDS THAT THEY WOULD BE GENEROUS TOWARDS HIM LOVING HIM AS THEMSELVES
51,IDLEN IN BITTERING FINALLY TO ARGUE AGAINST HIS OWN DISPASSIONATE SERTITUDE THAT THE COMMANDMENT OF LOVE BADES NOT TO LOVE OUR NEIGHBOUR AS OURSELVES WITH THE SAME A MOUNT AND INTENSITY OF LOVE BUT TO LOVE HIM AS OURSELVES WITH THE SAME KIND OF LAW
52,THE PHRASE AND THE DAY AND THE SCENE HARMONIZED IN A CORD
53,WORDS WAS AT THEIR COLORS
54,THEY WERE VOYAGING ACROSS THE DESERTS OF THE SKY A HOST OF NO MADS ON THE MARCH VOYAGING HIGH OVER IRELAND WESTWARD BOUND
55,THE EUROPE THEY HAD COME FROM LAY OUT THEIR BEYOND THE IROCEE EUROPE OF STRANGE TONGUES AND VALLEYED AND WOULD BEGAR TO AND CITADEL AND OF ENTRENCHED AND MARFULED RACES
56,AGAIN
57,A VOICE FROM BEYOND THE WORLD OF HIS CALLING
58,ALLOWS STUFF AND US HERE COMES THE DEADLESS
59,THEIR DIVING STONE POYSED ON ITS RUDE SUPPORTS AND ROCKING UNDER THEIR PLUNGES AND THE RUFF HUME STONES OF THE SLOPING BREAK WATER OVER WHICH THEY SCRAMBLED IN THEIR HORSE PLAY GLEAMED WITH COLD WEATH LUSTER
60,HE STOOD STILL INDEFERENCE TO THEIR CALLS AND PARRIED THEIR BANTER WITH EASY WORDS
61,IT WAS A PAIN TO SEE THEM AND A SWORD LIKE PAYING TO SEE THE SCIENCE OF ATOLESCENCE THAT MADE REPELLENT THEIR PITIABLE NAKEDNESS
62,STEP THE NOSE DEAD LOSE
63,A MOMENT BEFORE THE GHOST OF THE ANCIENT KINGDOM OF THE DAINS HAD LOOKED FORTH THROUGH THE VESTURE OF THE HAZE WRAPPED CITY
64,YOU WILL FIND ME CONTINUALLY SPEAKING OF FORMEN TITION WHOLE BIND TURNER AND TIN CUT OUT IN ALMOST THE SAME CHARMS
65,THEY UNITE EVERY QUALITY AND SOMETIMES YOU A FINE ME REFRIEND TO THEM AS COLORISTS SOMETIMES AS CURESCURESTS
66,BY BEING STUDIOUS OF COLOR THEY ARE STUDIOUS OF DIVISION AND WHILE THE CURAS SCURESS DEVOTES HIMSELF TO THE REPRESENTATION OF DEGREES OF FORCE IN ONE THING ON SEPARATED LIGHT THE COLORESTS HAVE FOR THEIR FUNCTION THE ATTAINMENT OF BEAUTY BY RANGEMENT OF THE DIVISIONS OF LIGHT
67,MY FIRST IMPRINCIPLE REASON WAS THAT THEY INFORCED BEYOND ALL RESISTANCE ON ANY STUDENT WHOM I HAD ATTEMPT THE COPY THEM THIS METHOD OF LAYING PORTIONS OF DISTINCT HUGH SIDE BY SIGHED
68,SOME OF THE TOUCHES INDEED WHEN THE TINT HAS BEEN MIXED WITH MUCH WATER HAD BEEN LAID AND LITTLE DROPS OR PONDS SO THAT THE PIGMENT MIGHT CRYSTAL IS HARD AT THE EDGE
69,DOES THE HEAD OF A PARENT WITH A LITTLE FLOWER IN HIS BEAK FROM A PICTURE OF CARPATIOUS ONE OF HIS SERIES OF THE LIFE OF SAINT GEORGE
70,THEN HE COMES TO THE BEAK OF IN
71,THE BROWN GROUND BENEATH IS LEFT FOR THE MOST PART ONE TOUCH A BLACK IS PUT FOR THE HOLLOW TO DELICATE LINES OF DARK GRAYED FIND THE OUTER CURVE AND ONE LITTLE QUIVERING TOUCH OF WHITE DRAWS HE INNER EDGE OF THE MANDABLE
72,FOR BELIEVE ME THE FONAPHY OF ART CAN ONLY RATIFY THERE OPINION THAT THE BEAUTY OF A COCKROB IN IS TO BE RED AND OF A GRASS PLOT TO BE GREEN AND THE BEST SKILL VART IS AN INSTANTLY SEIZING ON THE MENAFOLD DELICIOUSNESS OF LIGHT WHICH YOU CAN ONLY SEIZE BY PRECISION OF INSTANTANEOUS TOUCH
73,NOW YOU WILL SEE IN THESE STUDIES THAT THE MOMENT THE WHITE IS INCLOSED PROPERLY AND HARMONIZED WITH THE OTHER HUES IT BECOME SOMEHOW MORE PRECIOUS AND PEARLY THAN THE WHITE PAPER AND THAT I AM NOT AFRAID TO LEAVE A WHOLE FIELD OF UNTREATED WHITE PAPER ALL ROUND IT BEING SURE THAT EVEN THE LITTLE DIAMONDS AND THE ROUND WINDOW WILL TELL IS JEWELS IT THERE GREDATED JUSTLY
74,BUT IN THIS BEN YET COPIED FROM TURNER YOU HAVE THE TWO PRINCIPLES BROUGHT OUT PERFECTLY
75,THEY ARE BEYOND ALL OTHER WORKS THAN I KNOW EXISTING THE PENANT FOR THEIR AFFECT ON LOW SUBDUED TONES THEIR FAVORITE CHOICE IN TIME OF DAYBING EITHER DAWN OR TWILIPE AND EVEN THEIR BRIDE A SUNSETS PRODUCED CHIEFLY OUT OF GRAY PAPER
76,AND MAY BE THAT A GREAT COLORLESS WILL USE HIS UTMOST FORCE OF COLOR AS A SINGER HAS FULL POWER OF VOICE BUT LOUD OR LOW THE VIRTUES IN BOTH CASES ALWAYS IN REFINEMENT NEVER IN LOUDNESS
77,IT MUST REMEMBER BE ONE OR THE OTHER
78,DO NOT THEREFORE THINK THAT THE GOTHIC SCHOOL IS NEASY ONE
79,THE LOVE THAT SCHOOLS THAT EVERYTHING SHALL BE SEEN CLEARLY WHAT LEAST ONLY IN SUCH MISTER FAINTNESS IS SHALL BE DELIGHTFUL AND I HAVE NO DOUBT THAT THE BEST INTRODUCTION TO IT WOULD BE THE ELEMENTARY PRACTICE OF PAINTING EVERY STUDY ON A GOLDEN GROUND
80,THIS IT ONCE COMPELS YOU TO UNDERSTAND THAT THE WORK IS TO BE IMAGINATIVE INDECRATIVE THAT IT REPRESENTS BEAUTIFUL THINGS IN THE CLEAREST WAY BUT NOT UNDER EXISTING CONDITIONS AND THAT IN FACT YOUR PRODUCING JEWELLERS WORK RATHER THAN TICTURES
81,THAT A STYLES WERE STRANGER SEVERE DOES NOT MEAN THAT IT IS ALSO ARENEUS
82,IN ALL EARLY GOTHIC ARTING DEED YOU WILL FIND FAILURE OF THIS KIND ESPECIALLY DISTORITION AND REGIDITY WHICH ARE IN MANY RESPECTS PAINFULLY TO BE COMPARED WITH THE SPLENDID REPOSE OF CLASSIC ART
83,THE LARGE LETTER CONTAINS INDEED ENTIRELY FEBRUANT ILL DRAWN FIGURES THAT IS MERELY CHILDISH AND FAILING WORK OF IN A FEAR HAND IT IS NOT CHARACTERISTIC OF GOTHIC OR ANY OTHER SCHOOL
84,BUT OBSERVE YOU CAN ONLY DO THIS ON ONE CONDITION THAT OF STRIVING ALSO TO CREATE IN REALITY THE BEAUTY WHICH YOU SEEK IN IMAGINATION
85,IT WILL BE WHOLLY IMPOSSIBLE FOR YOU TO RETAIN THE TRANQUILLITY OF TEMPERANCE PHILICITY OF FAITH NECESSARY FOR NOBLE PUREST PAINTING UNLESS YOU ARE ACTIVELY ENGAGED IN PROMOTING THE FELISTY AND PEACE OF PRACTICAL LIFE
86,YOU MUST LOOK AT HIM IN THE FACE FIGHT HIM CONQUER HIM WITH WHAT SCAVE YOU MAY YOU NEED NOT THINK TO KEEP OUT OF THE WAY OF HIM
87,THE COLOREST SAYS FIRST OF ALL AS MIGHT DELICIOUS PARKET WAS RUBY SO THIS NASTY VIPER SHALL BE BLACK AND THEN IS THE QUESTION CAN I ROUND HIM OFF EVEN THOUGH HE HAS BLACK AND MAKE HIM SLIMY AND YET SPRINGING AND CLOSE DOWN CLOTTED LIKE A POOL OF BLACK BLACK BLACK BLACK BLACK BLACK BLACK BLACK BLACK BLACK BLACK BLOOD ON THE EARTH ALL ALL SAME
88,NOTHING WILL BE MORE PRECISE TO YOU I THINK IN THE PRACTICAL STELL YOU OF ART THAN THE CONVICTION WHICH WILL FORCE ITSELF ON YOU MORE EVERY HOUR OF THE WAY ALL THINGS ARE BOUND TOGETHER LITTLE HUNGRATE IN SPIRIT AND A MATTER
89,YOU KNOW HAVE JUST BEEN TELL YOU HOW THE SCHOOL MATERIALISM IN CLAY AND VOLVED ITSELF AT LAST IN CLOUD AND FIRE
90,HERE IS NEQUALLY TIFFICULT GREEK SCHOOL AND SCAPE BY WILSON LOST HOLY AND GOLDEN MIST THE TREES SO SLIGHTLY DRAWN THAT YOU DON'T KNOW IF THEY ARE TREES WERE TOWERS AND NO CARE FOR COLLOUR WHAT SO EVER PERFECTLY DECEPT OF IN MARVELOUS AFFECT OF SUNSHINE THROUGH THE MIST A POLLOW IN THE PIPHAN
91,NOW HERE IS RAPHILE EXACTLY BETWEEN THE TWO TREES STILL DRAWN LEIF BY LEAF WHOLLY FORMER THE BEAUTIFUL MIST COMING GRADUALLY INTO THE DISTANCE
92,WHILE THEN LAST HE WAS TERMS GREEK SCHOOL OF THE HIGHEST CLASS AND YOU DEFINE HIS ART ABSOLUTELY AS FIRST THE DISPLAYING INTENSELY AND WITH THE STERNEST INTELLECT OF NATURAL FORM AS IT IS AND THEN THE INVELOPMENT OF IT WITH CLOUD AND FIRE
93,ONLY THERE ARE TWO SORTS OF CLOUD AND FAR
94,HE KNOWS IN BATH
95,THERE'S ONE IN THERE'S ANOTHER THE DUDLEY AND THE FLINT
96,IT IS ONLY UP PENCIL OUTLINE BY EDWARD BURN JOHNS IN ILLUSTRATION IN THE STORY OF PSYCHE IT IS THE INTRODUCTION OF PSYCHE AFTER ALL HER TROUBLES INTO HEAVEN
97,EVERY PLANT IN THE GRASS IS SET FORMALLY GROWS PERFECTLY AND MAY BE REALIZED COMPLETELY
98,EXQUISITE ORDER AND UNIVERSAL WITH THE TURNAL LIFE AND LIGHT THIS IS THE FAITH AND EFFORT OF THE SCHOOLS OF CRYSTAL AND YOU MAY DESCRIBE AND COMPLETE THERE WORK QUITE LITERALLY BY TAKING ANY VERSES OF CHOSER IN HIS TENDERMOOD AND OBSERVING HOW HE INSISTS ON THE CLEARNESS FIRST AND THEN ON THE OARER
99,THUS IN CHASSER'S DREAM
100,IN BOTH THESE HIGH MYTHICAL SUBJECTS THE SURROUNDING NATURE THOSE SUFFERING IT STILL DIGNIFY AND BEAUTIFY AND BEAUTIFUL
101,EVERY LINE IN WHICH THE MASTER TRACES IT EVEN WERE SEEMINGLY NEGLIGION IS LOVELY AND SET DOWN WITH A MEDITATE OF CALMNESS WHICH MAKES THESE TWO ETCHINGS CAPABLE OF BEING PLACED BESIDE THE MOST TRANQUIL WORK OF WHOLE BINE OR DEAR
102,BUT NOW HERE'S A SUBJECT OF WHICH YOU WILL WONDER AT FIRST WHY TURN A DREW IT AT ALL
103,IT HAS NO BEAUTY WHAT SO EVER NO SPECIALTY OF PICTURESQUENESS AND ALL ITS LINES ARE CRAMPED AND POOR
104,THE CRANTNESS IN THE POVERTY ARE ALL INTENDED
105,IT IS A GLEANER BRINGING DOWN HER ONE SHIEF OF CORN TO AN OLD WATER MILL ITSELF MOSSY AND RENT SCARCELY ABLE TO GET ITS STONES TO TURN
106,THE SCENE IS ABSOLUTELY ARCADIAN
107,SEE THAT YOUR LIES BE AND NOTHING WORSE THAN A BOY'S CLIMBING FOR HIS ENTANGLED KIPE
108,IT WILL BE WELL FOR YOU YOU JOIN NOT WITH THOSE WHO INSTEAD OF KITES FLY VALCANS WHO INSTEAD OF OBEYING THE LAST WORDS OF THE GREAT CLOUD SHEPHERD TO FEED HIS SHEEP LIVED THE LIVES HOW MUCH LESS THAN VANITY OF THE WHARWOOL FROM THE GUEREGO
109,ALSO A POPULAR CONDRIVANCE WHEREBY LOVE MAKING MAY BE SUSPENDED AND BUT NOT STOPPED DURING THE PICKNEXIES AND
110,HURRANG THE TIRESOME PRODUCT OF A TIRELESS TONGUE
111,ANGOR HANG PAINFUL TO HEAR
112,HAY FEVER A HEART TRERBLE CAUSED BY FALLING AND LOVE WITH A GRASS WE DO
113,HEAVEN AGGRED PLACE TO BE RAISED TO
114,HEDGE A FENCE
115,HEREDITY THE CAUSE OF ALL OUR FAULTS
116,HORSE SENSE A DEGREE OF WISDOM THAT KEEPS ONE FROM BETTING ON THE RACES
117,HOSE MAN'S EXCUSE FOR WETTING THE WALK
118,HOW TELL A PLACE WHERE A GUEST OFTEN GIVES UP GOOD DOLLARS FOR POOR QUARTERS
119,HOW SCLEANING A DOMESTIC UP HEVIL THAT MAKES IT EASY FOR THE GOVERNMENT TO ENLIST ALL THE SOLDIERS IT NEEDS
120,HUSBAND THE NEXT THING TO A WIFE
121,HOSSEY WOMAN AND BOND TIE
122,TIDE TO A WOMAN
123,HYBOCRET A HORSE DEALER
124,THOSE PRETTY WRONGS THAT LIBERTY CONVITS WHEN I AM SOME TIME ABSENT FROM THY HEART THY BEAUTY AND I YEARS FULL WELL DEFITS FOR STILL TEMPTATION FOLLOWS WHERE THOU ART
125,I ME
126,NO MATTER THEN ALTHOUGH MY FOOTDED STAND UPON THE FATHEST EARTH REMOVED FROM THEE FOR NIMBLE THOUGHT CAN JUMP BOTH SEE AND LAND AS SOON AS THINK THE PLACE WHERE HE WOULD BE BUT ARE
127,THOUGHT KILLS ME THAT I AM NOT THOUGHT TO LEAP LARGE LENGTHS OF MILES WHEN NOW ART GONE BUT THAT SO MUCH OF EARTH AND WATER ROUGHT I MUST A TEND TIMES LEASURE WITH MY MOON RECEIVING NOT BY ELEMENTS SO SLOW BUT HEAVY TEARS BADGES OF EITHERS WELL
128,MY HEART OFF PLEED THAT THOU IN HIM DOST LIE A CLOSET NEVER PIERCED WITH CRYSTAL EYES BUT THE DEFENDANT DOTH THAT PLEAD NIGH AND SAYS IN HIM THY FAIR APPARENCE LIES
129,YOU ARE MY ALL THE WORLD AND I MUST STRIVE TO KNOW MY SHAMES AND PRAISES FROM YOUR TONGUE NONE ELSE TO ME NOR I TO NONE ALIVE THAT MY STEELED SENSE OR CHANGES RIGHT OR WRONG
130,OH TIS THE FIRST TIS FIRST TIS FIRST TIS FIRST TIS FIRST TIS FIRST AND MY GREAT MIND MOST KINGLY DRINKS IT UP MINE I WELL KNOWS WHAT WITH HIS GREEN AND TO HIS PALETT DAUGHTH PREPARE THE CUP IF IT BE POISONED TIS THEN THAT SIR SIN THAT MINE I LOVE IT AND DARTH FIRST BEGIN
131,BUT WHY FEARING TIME WHOSE MILLIONED ACCIDENTS CREEP IN TWIXT VOUSE AND CHANGE TO CREESE OF KINGS TANS SACRED BEAUTY BLOND THE SHOPS AND TENTS DIVERT STRONG MINDS TO THE COURSE OF ALTERING THE PRESENT DOUBTING OF THE REST
132,LOVE IS A BABE THEN MY TIME NOT SAY SO TO GIVE FULL GROWTH TO THAT WHICH STEW DAWTH GROW
133,SO I RETURN REBUTE TO MY CONTENT AND GAINED BY ILL THRICE MORE THAN I HAVE SPENT
134,IT WAS THIS OBSERVATION THAT TRUE FROM DUGLAS NOT IMMEDIATELY BUT LATER IN THE EVENING OF REPLY THAT HAD THE INTERESTING CONSEQUENCE TO WHICH I COLLETENTION
135,SOMEONE ELSE TO OLD AS DOOR NUT TICULARLY EFFECTIVE WHICH I SAW HE WAS NOT FOLLOWING
136,CRIED ONE OF THE WOMEN HE TOOK NO NOTICE OF HER HE LOOKED AT ME BUT AS IF INSTEAD OF ME HE SAW WHAT HE SPOKE OF
137,THERE WAS A UNANIMOUS GROWN AT THIS HAND MUCH REPROACH AFTER WHICH IN HIS PREYOCCUPIED WAY HE EXPLAINED
138,THE STORIES WRITTEN
139,THIGH COOL DRIGHT TO MY MAN AND ENCLOSED THE KEY HE COULD SEND DOWN THE PACKET AS HE FINDS IT
140,THE OTHERS RESENTED POSTPONMENT BUT IT WAS JUST AS GROUPLES THE CHARMED ME
141,TO THIS HIS ANSWER WAS PROMPT WHO SANK GOD NO AND IS THE RECOGNO AND IS THE RECOGNORS
142,HE HUNG FIRE AGAIN O WOMANS
143,SHE HAS BEEN DEAD THESE TWENTY YEARS
144,SHE SENT BE THE PAGES IN QUESTION BEFORE SHE DIED
145,SHE WAS THE MOST AGREEABLE WOMAN I'VE EVEN KNOWN IN HER POSITION SHE WOULD HAVE BEEN WORTHY OF ANY WHATEVER
146,COURSE AND SIMPLY THAT YOU SAID SO BUT THAT I KNEW SHE HADN'T I WERE SURE I COULD SEE
147,YOUR LEASILY JUDGE WHY WHEN YOU HERE BECAUSE THE THING HAD BEEN SUCH A SCARE HE CONTINUED TO FIX ME
148,YOU CAW A CUTE
149,HE CRITTED THE FIRE AND DROPPED BACK INTO HIS CHAIR
150,FROBABLY NOT TILL THE SECOND POST
151,IT WAS ALMOST THE TONE OF HOPE EVERYBODY WILL STAY
152,CRY THE LADIES WHOSE DEPARTURE HAD BEEN FIXED
153,MISSUS GRIFFEN HOWEVER EXPRESSED THE NEED FOR LITTLE MORE LIGHT
154,COO WAS IT SHE WAS IN LOVE WITH THE STORY WILL TELL I TOOK UPON MYSELF TO REPLY OH I CONT WEAK TO THE STORY VOSTORY VOSTORY WON'T TELL SAID DUGLESS NOT IN ANY LATURAL VULGARWAY MORE IS THE PITY THAN
155,WHY YOU TELL DOGLESS
156,FOREAL IF I DON'T KNOW WHO SHE WAS IN LOVERITH I KNOW WHO HE WAS
157,LET ME SAY HERE DISTINCTLY TO HAVE DONE WITH IT THAT THIS NARRATIVE FROM AN EXACT TRANSCRIPT OF MY OWN MADE MUCH LATER IS WHAT I SHALL PRESENTLY GIVE
158,POUR DUNKNESS BEFORE HIS DEATH WENT IT WASN'T SIGHT COMMITTED TO ME THE MANUSCRIPT THAT REACHED HIM ON THE THIRD OF THESE DAYS AND THAT ON THE SAME SPOT WITH A MEN SEFFECT HE BEGAN TO READ TO OUR HUSH TO LITTLE CIRCLE ON THE NIGHT OF THE FORTH
159,THE DEPARTING LADIES WHO HAD SAID THEY WOULD STAY DIDN'T OF COURSE THANK HEAVEN STAY THEY DEPARTED IN CONSEQUENCE OF ARRANGEMENTS MADE IN A RAGE OF CURIOSITY AS THEY PROFESSED PRODUCED BY THE TOUCHES WITH WHICH HE HAD ALREADY WORKED HIS UNK
160,THE FIRST OF THESE TOUCHES CONVEYED THAT THE WRITTEN STATEMENT TOOK UP THE TAIL AT A POINT AFTER IT HAD IN A MANNER BEGUN
161,HE HAD FOR HIS OWN TOWN RESIDENCE OF BIG HOW SPILLED WITH THE SPOILS OF TRAVEL AND THE TROPHES OF THE CHASE AND BUT IT WAS TO HIS COUNTRY HOME AND OLD FAMILY PLACE IN ESSEX THAT HE WISHED HER IMMEDIATELY TO PROCEED
162,THE AWKWARD THING WAS THAT THEY HAD PRACTICALLY KNOW OTHER RELATIONS AND THAT HIS OWN AFFAIRS TOOK A BALL HIS TIME
163,THEY WERE PLENTY OF PEOPLE TO HELP BUT OF COURSE THE YOUNG LADY WHO SHOULD GO DOWN AS GOVERNESS WOULD BE IN SUPREME AS ORTY
164,I DON'T ANTICIPATE
165,SHE WAS YOUNG I'M TRIED NERVOUS IT WAS A VISION OF SERIOUS DUTIES AND LITTLE COMPANY FOR REALLY GREAT LONELINESS
166,YES BUT THAT'S JUST THE BEAUTY OF HER PASSION
167,IT WAS THE BEAUTY OF IT
168,ITS OUND A DULL THAT SOUND ITS STRANGE AND ALL THE MORSE OR BECAUSE IT IS MAIN CONDITION WHICH WAS
169,SHE PROMISED TO DO THIS AND SHE MENTIONED TO ME THAT WHEN FOR A MOMENT DISPURDENT DELIGHTED HE HELD HER HAND THENKING HER FOR THE SACRIFICE SHE ALREADY FELT HER WARDED
170,BUT WAS THAT ALL HER REWARD ONE OF THE LADY'S ASK
171,HOW STRANGE IT SEEMED TO THE SAD WOMAN AS SHE WATCHED THE GROWTH AND THE BEAUTY THAT BECAME EVERY DAY MORE BRILLIANT AND THE INTELLIGENCE THAT THROUGH ITS QUIVERING SUNSHINE OVER THE TINY FEATURES OF THIS CHILD
172,GOD AS A DIRECT CONSEQUENCE OF THE SIN WHICH MAN THUS PUNISHED HAD GIVEN HER A LOVELY CHILD WHOSE PLACE WAS ON THAT SAME DISHONORED BOSOM TO CONNECT HER PARENT FOR EVER WITH THE RACE AND DESCENT OF MORTALS AND TO BE FINALLY ABLESS TO SOUL IN HEAVEN
173,YET THESE THOUGHTS AFFECTED HUSTOR PRIN LESS WITH HOPE THAN APPREHENSION
174,THE CHILD HAD A NATIVE GRACE WHICH DOES NOT EMBARRIABLY COEXIST WITH THAUGHTLESS BEAUTY ITS ATTIRE HOWEVER SIMPLE ALWAYS IMPRESSED THE BEHOLDER AS IF IT WERE THE VERY GARB THAT PRECISELY BECAME IT BEST
175,THIS OUTWARD MUTABILITY INDICATED AND DID NOT MORE THAN FAIRLY EXPRESSED THE BARRIOUS PROPERTIES OF HER INNER LIFE
176,HASTER COULD ONLY ACCOUNT FOR THE CHILD'S CHARACTER AND EVEN THEN MOST VAGUELY END IMPERFECTLY BY RECALLING WHICH SHE HERSELF HAD BEEN DURING THAT MOMENT IS PERIOD WHILE PEARL WAS EMBIBING HER SOUL FROM THE SPIRITUAL WORLD AND HER BODILY FRAME FROM ITS MATERIAL OF EARTH
177,THEY WERE NOW ILLUMINATED BY THE MORNING RADIANCE OF A YOUNG CHILD'S DISPOSITION BUT LATER IN THE DAY OF EARTHLY EXISTENCE MIGHT BE PERLIFIC OF THE STORM AND WHERE A WIND
178,HESTER PRIN NEVERTHELESS THE LOVING MOTHER OF THIS ONE CHILD RAN LITTLE RISK OF ERRYING ON THE SIDE OF UNDUCE EVERITY
179,MINDFUL HOWEVER OF HER OWN ERRORS AND MISFORTUNES SHE EARLY SAW TO IMPOSE A TENDER BUT STRICT CONTROL OVER THE INFANT IMMORTALITY THAT WAS COMMITTED TO HER CHARGE
180,AS TO ANY OTHER KIND OF DISCIPLINE WHETHER ADDRESS TO HER MIND OR HEART LITTLE POOR ALL MIGHT OR MIGHT NOT BE WITHIN ITS REACH IN ACCORDANCE WITH THE CAPRICE THAT ROLLED THE MOMENT
181,IT WAS A LOOK SO INTELLIGENT YET IT EXPLECABLE PERVERSE SOMETIMES SO MELICIOUS BUT GENERALLY ACCOMPANIED BY A WILD FLOW OF SPIRITS THAT HASTER COULD NOT HAVE QUESTIONING AT SUCH MOMENTS WHETHER PEARL WAS A HUMAN CHILD
182,BEHOLDING IT HESTER WAS CONSTRAINED TO RUSH TOWARDS THE CHILD TO PURSUE THE LITTLE EALTH IN THE FLIGHT WHICH SHE ENVARIABLY BEGAN TO SNATCH HER TO HER BOSOM WITH A CLOSE PRESSURE AND EARNEST KISSES NOT SO MUCH FROM OVERFLOWING LOVE AS TO ASSURE HERSELF THAT PEARL WAS FLESH AND BLOOD AND NOT UTTERLY DELUCIVE
183,BROODING OVER ALL THESE MATTERS THE MOTHER FELT LIKE ONE WHO HAS A VOTE DISPIRIT BUT BY SOME A REGULARITY IN THE PROCESS OF CONJURATION HAS FAILED TO WIND THE MASTER WORD THAT SHOULD CONTROL THIS NEW AND INCOMPREHENSIBLE INTELLIGENCE
184,PERRIL WAS A BORN OUTCAST OF THE INVANTILE WORLD
185,PERIL SAW AND GAZED INTENTLY BUT NEVER SOUGHT TO MAKE ACQUAINTANCE
186,IF SPOKE INTO SHE WOULD NOT SPEAK AGAIN
187,HESTERPRINE WENT ONE DAY TO THE MANCHIN OF GOVERNOR BELLING HIM WITH A PAIR OF GLOVES WHICH SHE HAD FRIENDS AND EMBORRADER TO HIS ORDER AND WHICH WERE TO BE WARN ON SOME GREAT OCCASION OF STATE BORE THOUGH THE CHANCES OF A POPULAR ELECTION HE STILL HELD AN HONOURABLE AND IMPLUENTIAL PLACE AMONG THE COLONIAL MAGISTRACY
188,ANOTHER AND FAR MORE IMPORTANT REASON THAN THE DELIVERY OF A PAIR OF EMBORDERED GLOVES EMPELLED HESTER AT THIS TIME TO SEEK AN INTERVIEW WITH A PERSONAGE OF SO MUCH POWER AND ACTIVITY IN THE AFFAIRS OF THE SUDDELMENT
189,AT THAT EPOCH OF PERSTINE SIMPLICITY HOWEVER MATTERS OF EVEN SLIGHTER PUBLIC INTEREST AND A FAR LESS IN TRINSIC WEIGHT THAN THE WELFARE OF HUSTER ENTER CHILD WERE STRANGELY MIXED UP WITH A DILIBERATIONS OF LEGISLATORS AND ACTS OF STATE
190,THE PERIOD WAS HARDLY IF IT ALL OUR LEAR THAN THAT OF OUR STORY WHEN A DISPUTE CONCERNING THE RIGHT OF PROPERTY IN A PIG NOT ONLY CAUSE A FIERCE AND BITTER CONTEST IN THE LEGISLATIVE BODY OF THE COLONY BUT RESULTED IN AN IMPORTANT MODIFICATION OF THE FRAMEWORK ITSELF OF THE LEGISLATURE
191,WE HAVE SPOKEN OF PEARLS RICH AND LUXURIANT BEAUTY A BEAUTY THAT SHOWN WITH DEEP AND VIVID TENTS A BRIGHT COMPLEXION EYES POSSESSING INTENSITY BOTH OF DEPTH AND GLOW AND HAIR ALREADY OF A DEEP GLOSSY BROWN AND WHICH IN AFTER YEARS WOULD BE NEARLY AKIN TO BLACK
192,IT WAS THE SCARLET LETTER IN AND OTHER FORM THE SCARLET LETTER AND DOWNED WITH LIFE
193,THE MOTHER HERSELF AS IF THE RED IGNOMINY WERE SO DEEPLY SCORCH INTO HER BRAIN THAT ALL HER CONCEPTIONS ASSUMED ITS FORM HAD CAREFULLY ROUGHT OUT THE SIMILITUDE LAVISHING MANY HOURS OF MORBID INGENUITY TO CREATE AND ANALOGY BETWEEN THE OBJECT OF HER AFFECTION AND THE EMBLEM OF HER GUILT AND TORTURE
194,BUT IN TRUTH PERIL WAS THE ONE AS WELL AS THE OTHER AND ONLY AND CONSEQUENCE OF THAT IDENTITY HAD HESTER CONTRIVED SO PERFECTLY TO REPRESENT THE SCARLET LETTER IN HER APPEARANCE
195,COME THEREFORE AND LET US SCLING MUT AT THEM
196,BUT PEARL WHO WAS A DAUNTLESS CHILD AFTER FROWNING STAMPING HER FOOT AND SHAKING HER LITTLE HAND WITH A VARIETY OF THREATENING GESTURES SUDDENLY MADE A RUSH AT THE NOT OF HER ENEMIES AND PUT THEM ALL TO FLIGHT
197,SHE SCREAMED AND SHOUTED TO WITH A TERRIFIC VOLUME ASSOUND WHICH DOUBTLESS CAUSE THE HEARTS OF THE FUGITIVE TO QUAKE WITHIN THEM
198,IT WAS FURTHER DECORATED WITH STRANGE AND SEEMINGLY CABILISTIC FIGURES AND DIAGRAMS SUITABLE TO THE QUAINT TASTE OF THE AGE WHICH HAD BEEN DRAWN IN THE STUCCO WHEN NEWLY LAID ON AND HAD NOW GROWN HARD AND DORABLE FOR THE ADMIRATION OF AFTER TIMES
199,THEY APPROACHED THE DOOR WHICH WAS OF AN ARCHED FORM AND FLANKED ON EACH SIDE BY A NARROW TOWER OR PROJECTION OF THE EDIFICE IN BOTH OF WHICH WERE LATICE WINDOWS THE WOODEN SHUDDERS TO CLOSE OVER THEM AT NEED
200,LIFTING THE IRON HAMMER THAT HUNG AT THE PORTAL HASTILE PRINC GAVE A SUMMONS WHICH WAS ANSWERED BY ONE OF THE GOVERNOR'S BOND SERVANTS A FREE BORN ENGLISH MAN BUT NOW A SEVEN YEARS SLAVE
201,YEAR HIS HONORABLE WORSHIP IS WITHIN BUT HE HATH THEY GODLY MINISTER OR TO WITH HIM AND LIKEWISE A LEACH
202,YOU MAY NOT SEE HIS WORSHIP NOW
203,WITH MANY VARIATIONS SUGGESTED BY THE NATURE OF THIS BUILDING MATERIALS DIVERSITY OF PLIMATE AND HE DIFFERENT MODE OF SOCIAL LIFE GOVERNOR BELLINGHAM HAD PLANNED HIS NEW ABITATION AFTER THE RESIDENCES OF GENTLEMEN OF FAIR STATE IN HIS NATIVE LAND
204,ON THE TABLE AND TOKEN THAT THE SENTIMENT OF OLD ENGLISH HOSPITALITY HAD NOT BEEN LEFT BEHIND STOOD A LARGE PUTOR TANKERED AT THE BOTTOM OF WHICH HAD HASTER OR PEARL PEEPED INTO IT THEY MIGHT HAVE SEEN THE FROT THE REMNANT OF A RECENT DRAFT OF ALE
205,LITTLE PEARL WHO WAS AS GREATLY PLEASED WITH THE GLEAMING ARMOUR AS SHE HAD BEEN WITH THE GLITTERING FRONT AS PIECE OF THE HOUSE SPENT SOME TIME LOOKING INTO THE POLISHED MIRROR OF THE BREAST PLATE
206,MOTHER CRIED SHE I SEE YOU HERE LUCK LUCK LUCK
207,AND TRUTH SHE SEEMED ABSOLUTELY HIDDEN BEHIND IT
208,FEARL ACCORDINGLY RAN TO THE BOW WINDOW AT THE FURTHER END OF THE HALL AND LOOKED ALONG THE VISTA OF A GARDEN WALK CAPITED WITH CLOSELY SHAVEN GRASS AND BOARDERED WITH SOME RUDE AND IMATORE ATTEMPT AT TRUBBERY
209,BUT THE PROPRIETOR APPEARED ALREADY TO HAVE READY TO HAVE RELINQUISHED AS HOPELESS THE EPPORT TO PERPETUATE ON THIS SIDE OF THE ATLANTIC IN A HARD SOIL AND AMID THE CLOSE STRUGGLE FOR A SUBSISTENCE THE NATIVE ENGLISH TASTE FOR ORNAMENTAL GARDENING
210,THERE WERE A FEW ROSE BUSHES HOWEVER AND A NUMBER OF APPLE TREES PROBABLY THE DESCENDANCE OF THOSE PLANTED BY THE REVEREND MISTER BLACKSTONE THE FIRST SETTLER OF THE PININSALA THAT HALF MITHELOGICAL PERSONAGE WHO RIDES THOUGH ARE EARLY ANIMALS SEATED ON THE BACK OF A BALL
211,PERIL SEEING THE ROSEBUSHES BEGAN TO CRIE FOR OUR RED ROSE AND WOULD NOT BE PASSIFIED
212,HE WORE BLUE SILK STOCKINGS BLOOMY PANTS WITH GOLD BUTTLES A BLUE RUFFLED WAIST ENDER JACKET OF BRIGHT BLUE BRAITED WITH GOLD
213,HIS HAT HAD A PEAKED CROWN IN A FLAT BRIM AND AROUND THE BRIM WAS A ROW OF TINY GOLDEN BELLS THAT TINKLED WHEN HE MOVED
214,INSTEAD OF SHOES THE OLD MAN WAR BOOTS WITH TURN OVERTOPS AND HIS BLUE COAT HAD WIDE COFFS OF GOLD BRAID
215,FOR A LONG TIME HE HAD WISHED TO EXPLORE THE BEAUTIFUL LAND OF EYES IN WHICH THEY LIVED
216,WHEN THEY WERE OUTSIDE UNSIMPLY LATCHED THE DOOR AND STARTED UP THE PATH
217,NO ONE WOULD DISTURB THEIR LITTLE HOUSE EVEN IF ANY ONE CAME SO FAR INTO THE THICK FOREST WHILE THEY WERE GONE
218,AT THE FOOT OF THE MOUNTAIN SEPARATED THE COUNTRY OF THE MONSCANES FROM THE COUNTRY OF THE GILLACANS THE PATH DIVIDED
219,HE KNEW IT WOULD TAKE THEM TO THE HOUSE OF THE CROOKED MAGICIAN WHOM HE HAD NEVER SEEN BUT WHO WAS THEIR NEAREST NEIGHBOUR
220,ALL THE MORNING THEY TRUDGED UP THEM OUT IN PATH AND AT NOON UNCLE AND ODOGO SAT ON A FALLEN TREE TRUNK AND ATE THE LAST OF THE BREAD WHICH THE OLD LUNCHKIN HAD PLACED IN HIS POCKET
221,THEN THEY STARTED ON AGAIN AND TWO HOURS LATER CAME IN SIGHT OF THE HOUSE OF DOCTOR PIPPED
222,OH CANNOT AT THE DOOR OF THE HOUSE AND A CHUBBY PLEASANT FACED WOMAN DRESSED ALL AND BLEW OPENED IT AND GREETED THE VISITORS WITH A SMILE
223,I AM MY DEAR AND ALL STRANGERS ARE WELCOMED TO MY HOME
224,WE HAVE COME FROM A FIRE LONELIER PLACE THAN THIS ALONE YOUR PLACE
225,AND YOU MUST BE ODE YOU THE UNLUCKY SHE ADDED
226,OH YOU HAD NEVER EATEN SUCH A FINE MEAL IN ALL HIS LIFE
227,THEY ARE CHAVELING REPLIED O JOE AND WE STOP THEY CARE HOUSE JUST AREST IN REFRESH YOURSELVES
228,THE WOMAN SEEMED THOUGHTFUL
229,AT ONE IN STOOD A GREAT FIREPLACE IN WHICH A BLUE LOG WAS BLAZING WITH A BLUE FLAME AND OVER THE FIRE HUNG FOUR CATTLES IN A ROW ALL BUBBLING IN STEAMING AT A GREAT RATE
230,IT TAKES ME SEVERAL YEARS TO MAKE THIS MAGIC POWDER BUT AT THIS MOMENT I AM BLEAVED TO SAY IT IS NEARLY DONE YOU SEE I MAKING IT FROM MY GOOD WIFE MARGAL OTTE THE ONCE TO USE SOME OF IT FOR A PURPOSE OF HER OWN
231,YOU MUST KNOW SAID MARGALLOT WHEN THEY WERE ALL SEATED TOGETHER ON THE BROAD WINDOW SEAT THAT MY HUSBAND FOOLISHLY GAVE AWAY ALL THE POWDER OF LIFE HE FIRST MADE TO OLD MAMBY THE WHICH WHO USED TO LEAVE IN THE COUNTRY OF THE GILLACANS TO THE NORTH AT HERE
232,THE FIRST LOT WE TETCHED ON OUR GLASK HAT WHICH NOT ONLY BEGAN TO LIVE BUT HAS LIVED EVER SINCE
233,I THINK THE NEXT GLASS CAP AND MAGICIAN MAKES WILL HAVE NEITHER BRAINS NOR HEART FOR THEN IT WILL NOT OBJECT TO CATCHING MISE AND THEY PROVE OF SOME USE TO US
234,I AM AFRAID I DON'T KNOW MUCH YOU'VE OUT THE LAND OF EYES
235,YOU SEE I'VE LIVED ON MY LIFE WITHOUT NUMPY OF A SILENT ONE AND THERE WAS NO INTO TELL ME ANYTHING
236,THAT IS ONE REASON YOU ARE OGILI SAID THE WOMAN IN SYMPATHETIC TONE
237,I THINK I MUST SHOW YOU MY PATCH WORK GIRL SAID MARGALEOT LAUGHING AT THE BOY'S ASTONISHMENT FOR SHE'S RATHER DIFFICULT TOAK SPLAIN
238,BUT FIRST I WILL HELL YOU THAT FROM MANY YEARS I HAVE LONGED FOR A SERVANT TO HELP ME WITH A HOUSEWORK AND TO COPE THEM YEALS AND WASH THE DISHES
239,YET THAT TASK WAS NOT SO EASY AS YOU MAY SUPPOSE
240,A BED QUILT MADE OF PATCHES OF DIFFERENT KINDS AND COLLARS OF QUAW ONLY SO TOGETHER
241,SOMETIMES IT IS CALLED A CRAZY QUILT BECAUSE THE PATCHES AND COLOURS ARE SO MIXED UP
242,WHEN I FOUND IT I SAID TO MYSELF THAT IT WOULD DO NICELY FROM MY SERVANT GIRL FOR WHEN SHE WAS BROUGHT TO LIFE SHE WOULD NOT BE PROUD NOR HAUGHTY AS THE GLASS CAT IS FOR SOUGHT TO DREADFUL MIXTURE OF COLOURS WOULD DISCOURAGE HER FROM TIME TO BE AS THE BLUE MUCH KINS ARE
243,AT THE EMERAL CITY WHERE OUR PRINCESS ALL SMELLY OF SGREEN IS THE POPULAR COLOR
244,I WILL SHOW YOU WOULD A GOOD JOW BY DID AND SHE WENT TO A TALL CUPBOARD AND THREW OPEN THE DOORS
245,OH YOU'LL EXAMINE THIS CURIOUS CONTRIVANCE WITH WONDER
246,MARGALOT HAD FIRST MADE THE GIRLS FORM FROM THE PATCHWORK QUILT AND THEN SHE HAD DRESSED IT WITH A PATCH WORK SKIRT AND AN APRON WITH POCKETS IN IT USING THE SAME GAME ETERIAL THROUGHOUT
247,THE HEAD OF THE PATCHWARE GIRL WAS THE MOST CURIOUS PART OF HER
248,THE HAIR WAS A BROWN YARN WHO HUNG DOWN ON HER NECK AND SEVERAL NEAT BRAIDS
249,GOLD IS THE MOST COMMON METAL IN THE LAND OF EYES AND IS USED FOR MANY PURPOSES BECAUSE IT IS OFT AND PLIABLE
250,NO I FORGOT ON ABOUT THE BRAINS EXCLAIMED THE WOMAN
251,WELL THAT MAY BE TRUE AGREED MARGUELA BUT ON THE CONTRARY A SERVANT WITH TOO MUCH BRAINS IS SURE TO BECOME IN APPENDENT IN HIGH AND MIGHTY AND FEEL ABOVE HER WORK
252,SHE POURED INTO THE DISH ACQUANITY FROM EACH OF THESE BOTTLES
253,I THINK THAT WILL DO SHE CONTINUED FOR THE OTHER QUALITIES ARE NOT NEEDED IN A SERVANT
254,SHE RAN TO HER HUSBAND SIDE AT ONCE AND HELPS HIM LIFT THE FOUR CATTLES FROM THE FIRE
255,THEIR CONTENTS HAD ALL BOILED AWAY LEAVING IN THE BOTTOM OF EACH CATTLE A FEW GRAINS A FINE WHITE POWDER
256,VERY CAREFULLY THAT MAGICIAN REMOVED THIS POWDER PLACING IT ALTOGETHER IN A GOLDEN DISH WHERE HE MIXED IT WITH A GOLDEN SPOON
257,NO ONE SAW HIM DO THIS FOR ALL WERE LOOKING AT THE POWDER OF LIFE BUT SOON THE WOMAN REMEMBERED WHAT SHE HAD BEEN DOING AND CAME BACK TO THE CUBBARD
258,OH JO BECAME A BIT UNEASY AT THIS FOR HE HAD ALREADY PUT QUITE A LOT OF THE CLEVERNESS POWDER IN THE DISH BUT HE DARED NOT INTERFERE AND SO HE COMFORTED HIMSELF WITH THE THOUGHT THAT ONE CANNOT HAVE TOO MUCH CLEVERNESS
259,HE SELECTED A SMALL GOLD BOTTLE WITH A PEPPER BOX TOP SO THAT THE POWDER MIGHT BE SPRINGLED ON ANY OBJECT THROUGH THE SMALL HOLES
260,MOST PEOPLE TALK TOO MUCH SO IT IS A RELIEF TO FIND ONE HE TALKS TOO LITTLE
261,I AM NOT ALLOWED TO BEFORE MAGIC EXCEPT FOR MY OWN AMUSEMENT HE TOLD HIS VISITORS AS HE LIGHTED A PIPE WITH A CROAKED STEM AND BEGAN TO SMOKE
262,THE WISE IT OF OS WHO USED TO BE A HUMBOWD IN KNEW NO MATTIC AT ALL HAS BEEN TAKING LESSONS OF GLINDA AND UNTOLD HE IS GETTING TO BE A PRETTY GOOD WIZARD BUT HE IS NEARLY THE ASSISTANT OF THE GREAT SOURCERS
263,IT TRULY IS ASSERTED THE MAGICIAN
264,I NOW USE THEM AS ORDIMENTAL STATUARY IN MY GARDEN
265,DO YOU ME WHAT A CHATTER BOX YOU GETTING TO BE YOUNG REMARKED THE MAGICIAN WHO WAS PLEASED WITH THE COMPLIMENT
266,ASKED THE VOICE IN SCORNFUL ACCENTS
267,THE GREATFUL APPLAUSE OF THE CLERGY HAS CONSECRATED THE MEMORY OF A PRINCE WHO INDULGED THEIR PASSIONS AND PROMOTED THEIR INTEREST
268,THE EDICT OF MALAN THE GREAT CHARTER OF TOLERATION HAD CONFERMED TO EACH INDIVIDUAL OF THE ROMAN WORLD THE PRIVILEGE OF CHOOSING AND PROFESSING HIS OWN RELIGION
269,BUT THIS INESTIMABLE PRIVILEGE WAS SOON VIOLATED WITH THE KNOWLEDGE OF TRUTH THE EMPEROR AND BIBE THE MAXIMS OF PERSECUTION AND THE SEX WHICH DESCENTED FROM THE CATHOLIC CHURCH WERE AFFLICTED AND APPRESSED BY THE TRIUMPH OF CHRISTIANITY
270,CONSTANTEEN EASILY BELIEVED THAT THE HEROTICS WHO PRESUMED TO DISPUTE HIS OPINIONS OR TO OPPOSE HIS COMMANDS WERE GUILTY OF THE MOST OBSERVED AND CRIMINAL OBSTINACY AND THAT ESSEASINABLE AVOLICATION OF MODEROUS EVERITIES MIGHT SAVE THOSE ON HAPPY MEN FROM THE DANGER OF AN EVERLASTING CONDEMNATION
271,SOME OF THE PENAL REGULATIONS WERE COPIED FROM THE EDICTS OF DIACLETION AND THIS METHOD OF CONVERSION WITH APPLODED BY THE SAME BISHOPS WHO HAD FELT THE HAND OF APPRESSION AND PLEADED FOR THE RIGHTS OF HUMANITY
272,THEY ASSERTED WITH CONFIDENCE AND ALMOST OF THE EXULTATION THAT THE OPPOSTOLICAL SUCCESSION WAS INTERRUPTED THAN ALL THE BISHOPS OF THE EUROPE AND ASIA WERE INFECTED BY BECONTASION OF GUILT INSCUSION AND THAT THE PAROGATIVES OF THE CATHOC CHURCH WERE CONFINED TO THE CHOSEN PORTION OF THE INTEGRITY OF THEIR FAITH AND DISCIPLINE
273,BISHIPS VIRGINS AND EVEN SPOTLESS INFANCE WERE SUBJECTED TO THE DISGRACE OF A PUBLIC PENNANCE BEFORE THEY COULD BE ADMITTED TO THE COMMUNION OF THE DONNITESTS
274,PROSCRIBED WHY THE CIVIL AND CLEASIASTICAL HOWERS OF THE EMPIRE THE DONATIST STILL MAINTAINED IN SOME PROVINCES PARTICULARLY IN IMMIDDIA THERE IS APPEARIOR KNUMBERS AND FOUR HUNDRED BISHOPS ACKNOWLEDGED THE JURISTICTION OF THEIR PRIMATE
275,SINCE THE PERIOD OF OUR TAIL THE ACTIVE SPIRIT OF THE COUNTRY HAS SURROUNDED IT WITH A BELT OF RICH AND THRIVING SETTLEMENTS THOUGH NONE BUT THE HUNTER OR THE SAVAGE IS EVER KNOWN EVEN NOW TO PENETRATE ITS WILD RECESSES
276,THE DEWS WERE SUFFERED TO EXHAIL AND THE SUN HAD DISPERSED THE MISTS AND WAS SHETTING A STRONG AND CLEAR LIGHT IN THE FOREST WHEN THE TRAVELERS RESUMED THEIR JOURNEY
277,AFTER PROCEEDING A FEW MILES THE PROGRESS OF HOCKEY WHO LED THE ADVANCE BECAME MORE DELIBERATE AND WATCHFUL
278,HE OFTEN STOPPED TO EXAMINE THE TREES NOR DID HE CROSS A RIVULET WITHOUT ATTENTIVELY CONSIDERING THE QUANTITY THE VELOCITY AND THE COLOR OF ITS WATERS
279,DISTRUSTING HIS OWN JUDGMENT HIS OWN JUDGMENT HIS OPINION OF CHINGATCH GOOK WERE FREQUENT AND EARNEST
280,YET HERE WE WITHIN A SHORT RANGE OF THE SCARROONS AND NOT A SIGN OF A TRAIL HAVE RECROSSED
281,LET US RETRACE OUR STEPS AND EXAMINE AS WE GO WITH KEEN ARE EYES
282,SHING AT GOOK HAD CAUGHT THE LOOK AND MOTIONING WITH HIS HAND HE BADE HIM SPEAK
283,THE EYES OF THE WHOLE PARTY FOLLOWED THE UNEXPECTED MOVEMENT AND READ THEIR SUCCESS IN THE AIR OF TRIUMPH THAT THE YOUTH ASSUMED
284,IT WOULD HAVE BEEN MORE WONDERFUL HAD HE SPOKEN WITHOUT A BIDDING
285,SEE SAID UNCAS POINTING NORTH AND SOUTH AT THE EVIDENT MARKS OF THE BROAD TRAIL ON EITHER SIDE OF HIM THE DARK HAIR HAS GONE TOWARD THE FOREST
286,IF A RIVELET OR RIVOLET OR BIT OF EARTH HARDER THAN COMMON SEVERED THE LENGTHS OF THE CLEW THEY FOLLOWED THE TRUE EYE OF THE SCOUT RECOVERED THEM AT A DISTANCE AND SELDOM RENDERED THE DELAY OF A SINGLE MOMENT NECESSARY
287,EXTINGUISHED BRANDS WERE LYING AROUND A SPRING THE AWFULS OF A DEAR WERE SCATTERED ABOUT THE PLACE AND THE TREES WERE EVIDENT MARKS OF HAVING BEEN BROWS BY THE HORSES
288,A CIRCLE OF A FEW HUNDRED FEET IN CIRCUMFERENCE WAS DRAWN AND EACH OF THE PARTY TOOK A SIGNANT FOR HIS PORTION
289,THE EXAMINATION HOWEVER RESULTED IN NO DISCOVERY
290,THE WHOLE PARTY CROWDED TO THE SPOT WERE UNCASPOINTED OUT THE IMPRESSION OF A MOCKESOM IN THE MOIST ELUVION
291,RUN BACKGUNCAS AND BRING ME THE SIZE OF THE SINGERS FOOT
292,NOTWITHSTANDING THE HIGHRESOLUTION OF HOCKEY HE FULLY COMPREHENDED ALL THE DIFFICULTIES AND DANGER HE WAS ABOUT TO ENCUR
293,IN HIS RETURN TO THE CAMP HIS ACCUTE HIM PRACTISED INTO LEX WERE INTENTLY ENGAGED INDIVISING MEANS TO COUNTERACT A WATCHFULNESS AND SUSPICION ON THE PART OF HIS ENEMIES THAT HE KNEW WHERE IN NO DEGREE IN FERIOR TO HIS OWN
294,IN OTHER WORDS WHILE HE HAD IMPLICIT FAITH IN THE ABILITY OF BAILEMS ASKED TO SPEAK HE WAS SOMEWHAT SKEPTICAL ON THE SUBJECT OF A BARE SINGING AND YET HE HAD BEEN ASSURED OF THE LATTER ON THE TESTIMONY OF HIS OWN EXQUISITE ORGANS
295,THERE WAS SOMETHING IN HIS AIR AND A MANNER THAT BETRAYED TO THE SCOUT THE UTTER CONFUSION OF THE STATE OF HIS MIND
296,THE INGENIOUS HOCKEY WHO RECALLED THE HASTY MANNER IN WHICH THE OTHER HAD ABANDONED HIS POST AT THE BEDSIDE OF THE SICK WOMAN WAS NOT WITHOUT HIS SUSPICIONS CONCERNING THE SUBJECT OF SO MUCH SOLEMN DELIBERATION
297,THE BARE SHOOK HIS SHAGGY SIDES AND THAT A WELL KNOWN VOICE REPLIED
298,CAN THESE THINGS BE RETURNED DAVID BREATHING MORE FREELY AS THE TRUTH BEGAN TO DAWN UPON HIM
299,COME COME RETURNED HOCK I UNCASING HIS HONEST COUNTENANCE THE BETTER TO ASSURE THE WAVERING CONFIDENCE OF HIS COMPANION YOU MAY SEE A SKIN WHICH IF IT BE NOT AS WHITE HAS ONE OF THE GENTLE ONES HAS NO TENGE OF RED TO IT THAT THE WINDS OF THE HEAVEN IN THE SON HAVE NOT BESTOWED NOW LET US TO BUSINESS
300,THE YOUNG MAN AS IN BONDAGE AND MUCH I FEAR HIS DEATH AS DECREED
301,I GREATLY MOURNED THAT ONE SO WELL DISPOSED SHOULD DIE IN HIS IGNORANCE AND I HAVE SOUGHT A GOODLY HIM CAN YOU LEAD ME TO HIM
302,THE TASK WILL NOT BE DIFFICULT RETURN DAVID HESITATING THOUGH I GREATLY FEAR YOUR PRESENCE WOULD RATHER INCREASE THAN MEDIGATE HIS UNHAPPY FORTUNES
303,THE LODGING WHICH UNCAS WAS CONFINED WAS IN THE VERY CENTRE OF THE VILLAGE AND IN A SITUATION PERHAPS MORE DIFFICULT AND ANY OTHER TO APPROACH OR LEAVE WITHOUT OBSERVATION
304,FOR REFIVE WITH THE LATTER ONLY LINGERED ABOUT THE DOOR OF THE PRISON OF UNCAS WHERE HE BUT CLOSE OBSERVERS OF THE MANNER OF THEIR CAPTIVE
305,DELIVERED IN A STRONG TONE OF ASSENT ANNOUNCED THE GRATIFICATION THE SAVAGE WOULD RECEIVE AND WITNESSING SUCH AN EXHIBITION OF WHEATNESS AND AN ENEMY SO LONG HATED AND SO MUCH FEARED
306,THEY DREW BACK A LITTLE FROM THE ENTRANCE AND MOTION TO THIS OPPOSED CONJURER TO ENTER
307,BUT THE BARE INSTEAD OF A BAYING MAINTAINED OF THE SEAT IT HAD TAKEN AND GROWLED
308,THE CUNNING MAN AS AFREED THAT HIS BREATH WILL BLOW UPON HIS BREATHERS AND TAKE AWAY THEIR COURAGE TOO CONTINUED DAVID AND PROVING THE HAND HE RECEIVED THEY MUST STAND FURTHER OFF
309,THEN IS OF SATISFIED OF THEIR SAFETY THE SCOUT LEFT HIS POSITION AND SLOWLY ENTERED THE PLACE
310,IT WAS SILENT AND GLOOMY BEING TENANTED SOLELY BY THE CAPTIVE AND LIGHTED BY THE DYING EMBERS OF A FIRE WHICH HAD BEEN USED FOR THE PURPOSE OF COOKERY
311,LONCAS OCCUPIED A DISTANT CORNER AND A RECLINING ATTITUDE BEING RIGIDLY BOUND BOTH HANDS AND FEET BY STRONG AND PAINFUL WITHS
312,THE SCOUT WHO HAD LEFT DAVID AT THE DOOR TO ASCERTAIN THEY WERE NOT OBSERVED THOUGHT IT PRUDENT TO PRESERVE HIS DISGUISE UNTIL ASSURED OF THEIR PRIVACY
313,WHAT SHALL WE DO WITH THE MINGLES AT THE DOOR THEY COUNT SIX AND THE SINGER AS AS GOOD AS NOTHING
314,THE DELAWARES ARE CHILDREN OF THE TORTOS IN THE OUTSTRIP THE DEAR
315,LUNCAS WHO HAD ALREADY PROACHED THE DOOR AND READYNESS TO LEAD THE WAY NOW RECOILED AND PLACED HIMSELF ONCE MORE IN THE BOTTOM OF THE LODGE
316,BUT HOCK I WHO WAS TOO MUCH OCCUPIED WITH HIS OWN THOUGHTS TO NOTE THE MOVEMENT CONTINUED SPEAKING MORE TO HIMSELF INTO HIS COMPANION
317,SO UNCAS YOU HAD RETTER TAKE THE LEAD WHILE I WILL PUT ON THE SKIN AGAIN AND TRUST TO CUNNING FOR WANT OF SPEED
318,WELL WHAT CAN'T BE DONE BY MAIN COURAGE IN WAR MUST BE DONE BY CIRCUMVENTION
319,AS SOON AS THESE DISPOSITIONS WERE MADE THE SCOUT TURN TO DAVE IN AND GAVE HIM HIS PARTING INSTRUCTIONS
320,MY PURSUITS ARE PEACEFUL AND MY TEMPER I HUMBLY TRUST IS GREATLY GIVEN TO MERCY AND LOVE RETURNED DAVID A LITTLE NETTLE THAT SO DIRECT AND ATTACK ON HIS MANHOOD BUT THERE ARE NONE WHO CAN SAY THAT I HAVE EVER FORGOT IN MY FAITH IN THE LORD EVEN IN THE GREATEST STRAITS
321,IF YOU ARE NOT THEN KNOCKED ON THE HEAD YOUR BEING A NON COMPOSSER WILL PROTECT YOU AND YOU'LL THEN HAVE A GOOD REASON TO EXPECT TO DIE IN YOUR BED
322,SIT CHOOSE FOR YOURSELF TO MAKE A RUSH OR TERRY HERE
323,BRAVELY AND GENEROUSLY HAS HE BATTLED IN MY BEHALF AND THIS IN MORE WILL I DARE IN HIS SERVICE
324,KEEP SILENT AS LONG AS MAY BE AND IT WOULD BE WISE WHEN YOU DO SPEAK TO BREAK OUT SUDDENLY IN ONE OF YOUR SHOUTINGS WHICH WILL SERVE TO REMIND THE INDIANS THAT YOU ARE NOT ALTOGETHER AS RESPONSIBLE AS MEN SHOULD BE
325,IF HOWEVER THEY TAKE YOUR SCALP AS I TRUST IN BELIEVE THEY WILL NOT DEPEND ON IT UNCASS AND I WILL NOT FORGET THE DEED BUT REVENGE IT AS BECOMES TRUE WARRIORS AND TRUSTY FRIENDS
326,HOLD SADAVID PERCEIVING THAT WITH THIS ASSURANCE THEY WERE ABOUT TO LEAVE HIM I AM AN UNWORTHY UNHUMBLE FOLLOWER OF ONE WHO TAUGHT NOT THE DAMNABLE PRINCIPLE OF REVENGE
327,THEN HEAVING A HEAVY SIGH PROBABLY AMONG THE LAST HE EVER DREW AND PINING FOR A CONDITION HE HAD SO LONG ABANDONED HE ADDED IT IS WHAT I WOULD WISH TO PRACTICE MYSELF AS ONE WITHOUT ACROSS OF BLOOD THOUGH IT IS NOT ALWAYS EASY TO DEAL WITH A FELLOW CHRISTIAN
328,GOD BLESS YOU FRIEND I DO BELIEVE YOUR SENT HAS NOT GREATLY WRONG WHEN THE MATTER IS DULY CONSIDERED AND KEEPING A TERNITY BEFORE THE EYES THOUGH MUCH DEPENDS ON THE NATURAL GIFTS IN THE FORCE OF TEMPTATION
329,THE DELAWARE DOG HE SAID LEANING FORWARD AND PEERING THROUGH THE DIM LIGHT TO CATCH THE EXPRESSION OF THE OTHER'S FEATURES IS HE AFRAID
330,WILL THE HERENS HERE IS GROWNS
331,AND WHO HE CAN STARTED ON HIS FEET AND SHOOK A SHAGGY COVERING AS THOUGH THE ANIMAL HE COUNTERFITTED WAS ABOUT TO MAKE SOME DESPERATE EFFORT
332,HE HAD NO OCCASION TO DELAY FOR AT THE NEXT INSTANT A BURST OF CRIES FILLED THE OUTER AIR AND RAD ALONG THE WHOLE EXTEND OF THE VILLAGE
333,UNC HIS CAST HIS SKIN AND STEPPED FORTH IN HIS OWN BEAUTIFUL PROPORTIONS
334,I WILL ENDEAVOUR IN MY STATEMENT TO AVOID SUCH TERMS AS WOULD SERVE TO LIMIT THE EVENTS TO ANY PARTICULAR PLACE OR GIVE A CLEW AS TO THE PEOPLE CONCERNED
335,I HAD ALWAYS KNOWN HIM TO BE RESTLESS IN HIS MANNER BUT ON THIS PARTICULAR OCCASION HE WAS IN SUCH A STATE OF UNCONTROL BELEGITATION THAT IT WAS CLEAR SOMETHING VERY UNUSUAL HAD OCCURRED
336,MY FRIENDS TEMPER HAD NOT IMPROVED SINCE HE HAD BEEN DEPRIVED OF THE CONGENIAL SURROUNDINGS OF BAKER STREET
337,WITHOUT HIS SCRAPBOOKS HIS KEMICALS AND HIS HOMELY AND TIDINESS HE WAS AN INCOMFORTABLE MAN
338,I HAD TO READ IT OVERCAREFULLY AS THE TEXT MUST BE ABSOLUTELY CORRECT
339,I WAS ABSENT ROTHER MORE THAN AN HOUR
340,THE ONLY DUPLICATE WHICH EXISTED SO FAR AS I KNEW WAS THAT WHICH BELONGED TO MY SERVANT BANISTER A MAN WHO HAS LOOKED AFTER MY ROOM FOR TEN YEARS AND WHOSE HONESTY IS ABSOLUTELY ABOVE SUSPICION
341,THE MOMENT I LOOKED AT MY TABLE I WAS AWARE THAT SOMEONE HAD RUMAGED AMONG MY PAPERS
342,THE PROOF WAS IN THREE LONG SLIPS I HAD LEFT THEM ALL TOGETHER
343,THEY ALL TURNED OF WAS THAT SOME ONE PASSING HAD OBSERVED THE KEY IN THE DOOR HAD KNOWN THAT I WAS OUT AND HAD ENTERED TO LOOK AT THE PAPERS
344,I GAVE HIM A LITTLE BRANDY A LEFT HIM COLLAPSED IN A CHAIR WILL I MADE A MOST CAREFUL EXAMINATION OF THE ROOM
345,A BROKE AND TIP OF LED WAS LYING THEIR ALSO
346,NOT ONLY THIS BUT ON THE TABLE I FOUND A SMALL BALL OF BLACK DULL OR CLAY WITH SPECKS OF SOMETHING WHICH LOOKS LIKE SIGHT US IT
347,ABOVE ALL THINGS I DESIRE TO SETTLE THE MATTER QUIETLY AND DISGREETLY
348,TO THE BEST OF MY BELIEF THEY WERE ROLLED UP
349,DID ANY ONE KNOW THAT THESE PROOFS WOULD BE THERE NO ONE SAVE THE PRINTER
350,I WAS IN SUCH A HURRIED ACCOME TO YOU YOU LEFT YOUR DOOR OPEN
351,SO IT SEEMS TO ME
352,NOW MISTER THOMBS AT YOUR DISPOSAL
353,ABOVE WERE THREE STUDENTS ONE ON EACH STORY
354,THAN HE APPROACHED IT AND STANDING ONTIPPED HOW WITH HIS NECK CRAIN HE LOOKED INTO THE ROOM
355,THERE IS NO OPENING EXCEPT THE ONE PAIN SET OUR LEARNED GUIDE
356,I AM AFRAID THERE ARE NO SIGNS HERE SAID HE
357,ONE COULD HARDLY HOPE FOR ANY OPON SO DRY DAY
358,YOU LEFT HIM IN A CHAIR YOU SAY WHICH CHEER BY THE WINDOW THERE
359,THE MAN ENTERED AND TOOK THE PAPERS SHEET BY SHEET FROM THE CENTRAL TABLE
360,AS A MANNER OF FACT HE COULD NOT SAID SOMES FOR I ENTERED BY THE SIDE DOOR
361,HOW LONG WITH IT TAKEN TO DO THAT USING EVERY POSSIBLE CONTRACTION A CORDIVER AND HOUR NOT LESS
362,THEN HE TOSSED IT DOWN AND SEIZED THE NEXT
363,HE WAS IN THE MIDST OF THAT WHEN YOUR RETURN CAUSED HIM TO MAKE A VERY HURRIED RETREAT VERY HURRIED SINCE HE HAD NOT TIME TO REPLACE THE PAPERS WHICH WOULD TELL YOU THAT HE HAD BEEN THERE
364,MISTER SAW MISS WAS SOME ONE OVERWHELMED BY THIS FLOOD OF INFORMATION
365,HOMES HOW DOUBT A SMALL CHIP WITH THE LETTERS END AND A SPACE OF CLEAR WOOD AFTER THEM YOU SEE
366,WHAT'S AND I HAVE ALWAYS DONE YOU AND INJUSTICE THERE ARE OTHERS
367,I WAS HOPING THAT IF THE PAPER ON WHICH HE WROTE WAS THIN SOME TRACE OF IT MIGHT COME THROUGH UPON THIS POLISH SURFACE NOW I SEE NOTHING
368,AS HOMES DREW THE CURTAIN I WAS AWARE FROM SOME LITTLE RIGIDITY AND IN LEARNNESS OF HIS ATTITUDE THAT HE WAS PREPARED FOR AN IMMERGENCY
369,HOMES TURNED AWAY AND STOOPED SUDDENLY TO THE FLOOR HOLLOW WHAT IS THIS
370,HOMES HOW IT OUT ON HIS OPEN PALM IN THE GLARE OF THE ELECTRIC LIGHT
371,WHAT COULD HE DO HE CAUGHT UP EVERYTHING WHICH WOULD BETRAY HIM AND HE RUSHED INTO YOUR BEDROOM TO CONCEAL HIMSELF
372,I UNDERSTAND YOU TO SAY THAT THERE ARE THREE STOOD TO USE THE STAIR AND ARE ON THE HABIT OF PASSING YOUR DOOR YES THERE ARE
373,AND THEY ARE ALL INFOR THE SEXEMINATION YES
374,ONE HARDLY LIKES TO THROW SUSPICION WHERE THERE ARE NO PROOFS
375,LET US SOON AS SPICIONS I WILL LOOK AFTER THE PROOFS
376,MY SCHOLAR HAS BEEN LEFT VERY POOR BUT HE HAS HARD WORKING AND INDUSTRIOUS HE WILL DO WELL
377,THE TOP FLOOR BELONGS TO MOLES MECCLAREN
378,I DO NOT GO SO FAR AS THAT BUT OF THE THREE HE IS PERHAPS THE LEAST ON LIKELY
379,HE WAS STILL SUFFERING FROM THE SUDDEN DISTURBANCE OF THE QUIET RETEEN OF HIS LIFE
380,BUT I HAVE OCCASIONALLY DONE THE SAME THING AT OVERTIMES
381,DID YOU LOOK AT THESE PAPERS ON THE TABLE
382,HOW CAME YOU TO LEAVE THE KING IN THE DOOR
383,ANY ONE IN THE ROOM COULD GET OUT YES SIR
384,I REALLY DON'T THINK HE KNEW MUCH ABOUT AT MISTER HOMES
385,ONLY FOR I MINUTE OUR SO
386,OH I WOULD NOT VENTURE TO SAY SIR
387,YOU HAVEN'T SEEN ANY OF THEM NO SIR
388,IT WAS THE INDIAN WHOSE DARK CILLOW ADD APPEARED SUDDENLY UPON HIS BLIND
389,HE WAS PACING SWIFTLY UP AND DOWN HIS ROOM
390,THE SET OF ROOMS IS QUITE THE OLDEST IN THE COLLEGE AND IT IS NOT UNUSUAL FROM VISITORS TO GO OVER THEM
391,NO NAMES PLEASE SAID HOMES AS WE KNOCKED AT GOKER'S STORE
392,OF COURSE HE DID NOT REALIZE THAT IT WAS KNOCKING BUT NONE THE LESS HIS CONDUCT WAS VERY UNCOURTEOUS AND INDEED UNDER THE CIRCUMSTANCES RATHER SUSPICIOUS
393,THAT IS VERY IMPORTANCE AND HOMES
394,YOU DON'T SEEM TO REALIZE THE POSITION
395,TO MORROW WAS THE EXAMINATION
396,I CAN BELOW THE EXAMINATION TO BE HELD IF ONE OF THE PAPERS HAS BEEN TEMBERED WITH THE SITUATION MUST BE FACED
397,IT IS POSSIBLE THAT I MAY BE AN APPOSITION THEN TO INDICATE SOME COURSE OF ACTION
398,I WILL TAKE THE BLACK CLAY WITH ME ALSO THE PENCIL CUTTINGS GREW BY
399,WHEN WE WERE OUT IN THE DARKNESS OF THE QUADRANGLE WE AGAIN LOOKED UP AT THE WINDOWS
400,THE FOUND MOUTH FELLOW AT THE TOP
401,HE IS THE ONE WITH THE WORST RECORD
402,WHY BANISTER THE SERVANT WHAT'S HIS GAME IN THE MATTER
403,HE IMPRESSED ME HIS BEING A PERFECTLY HONEST MAN
404,MY FRIEND DID NOT APPEAR TO BE DEPRESSED BY HIS FAILURE BUT SHRUGGED HIS SHOULDERS AND HALF HUMOROUS RESIGNATION
405,NO GOOD MY DEAR WATSON
406,I THINK SO YOU HAVE FORMED A CONCLUSION
407,YES MY DEAR WATS AND I HAVE SOLVED THE MYSTERY
408,LOOK AT THAT HE HELD OUT HIS HAND
409,ON THE PALM WERE THREE LITTLE PEARMENTS OF BLACK DOWY CLAY
410,AND ONE MORE THIS MORNING
411,IN A FEW HOURS THE EXAMINATION WOULD COMMENCE AND HE WAS STILL IN THE DELEM OF BETWEEN MAKING THE FACTS PUBLIC AND ALLOWING THE COLPORATE TO COMPUTE FOR THE VALUABLE SCHOLISHIP
412,HE COULD HARDLY STAND STILL SO GREAT WAS HIS MENTAL AGITATION AND HE RAN TOWARDS HOMES WITH TWO EAGER HANDS OUTSTRETCHED THANK HAVE AND THAT YOU HAVE COME
413,YOU KNOW HIM I THINK SO
414,IF THIS MATTER IS NOT TO BECOME PUBLIC WE MUST GIVE OURSELVE CERTAIN POWERS AND RESOLVE OURSELVES INTO A SMALL PRIVATE COURT MARSHAL
415,NO SIR CERTAINLY NOT
416,THERE WAS NO MAN SIR
417,HIS TROUBLED BLUE EYES GLASSED AT EACH OF US AND FINALLY RESTED WITH AN EXPRESSION OF BLANK DISMAY UPON BANISTER IN THE FARTHER CORNER
418,JUST CLOSE THE DOOR SAID HOMES
419,WE WANT TO KNOW MISTER GOACRIST HOW YOU AND HONORABLE MAN EVER CAME TO COMMIT SUCH AN ACTION AS THAT OF YESTERDAY
420,FOR A MOMENT GILCREST WITH UPRAISED HAND TRIED THE CONTROL HIS RITHING FEATURES
421,COME SAID HOMES KINDLY IT IS HUMAN TO AIR AND IT LEAST NO ONE CAN ACCUSE YOU HAVE BEING A CALICE CRIMINAL
422,WELL HOW DON'T TROUBLE TO ANSWER LISTEN AND SEE THAT I DO YOU KNOW AND JUSTICE
423,HE COULD EXAMINE THE PAPERS IN HIS OWN OFFICE
424,THE INDEA NINE ALSO THOUGHT NOTHING OF
425,WHEN I APPROACHED YOUR ROOM I EXAMINED THE WINDOW
426,NO ONE LESS THAN THAT WOULD HAVE A CHANCE
427,I ENTERED AND I TOOK YOU INTO MY CONFIDENCE AS TO THIS GESTIONS OF THE SIDE TABLE
428,HE RETURNED CARRYING HIS JUMPING SHOES WHICH ARE PROVIDED AS YOU ARE WHERE WITH SEVERAL SHARP SPIKES
429,NO HARM WOULD HAVE BEEN DONE HAD HAD NOT BEEN THAT AS HE PASSED YOUR DOOR HE PERCEIVED THE KEY WHICH HAD BEEN LEFT BY THE CARELESSNESS OF YOUR SERVANT
430,A SUDDEN HIM PULSE CAME OVER HIM TO ENTER AND SEE IF THEY WERE INDEED THE PROOFS
431,HE PUT HIS SHOES ON THE TABLE
432,GLOVES SAID THE YOUNG MAN
433,SUDDENLY HE HEARD HIM AT THE VERY DOOR THERE WAS NO POSSIBLE ESCAPE
434,HAVE I TOLD THE TRUTH MISTER GOCREST
435,I HAVE A LETTER HEAR MISTER SOMES WHICH I ROTE TO YOU EARLY THIS MORNING IN THE MIDDLE OF A RESTLESS NIGHT
436,IT WOULD BE CLEAR TO YOU FROM WHAT I HAVE SAID THAT ONLY YOU COULD HAVE LET THIS YOUNG MAN OUT SINCE YOU RELEFT IN THE ROOM AND MUST HAVE LOCKED THE DOOR WHEN YOU ANNOUNT
437,IT WAS SIMPLE ENOUGH SIR IF YOU ONLY HAD KNOWN BUT WITH ALL YOUR CLEVERNESS IT WAS IMPOSSIBLE THAT YOU COULD KNOW
438,IF MISTER SON'S SAW THEM THE GAME WAS UP
439,AND THE DEBATE BETWEEN THE SINGER SOCIETIES HEARD OFFEND SO THE FIFTEENTH THE MENMENT HAD BEEN NOT ONLY A NOTABLE BIT OF REASONING BUT DELIVERED WITH REAL ENTHUSIASM
440,THE SOUTH SHE HAD NOT THOUGHT OF SERIOUSLY AND YET KNOWING OF ITS DELIGHTFUL HOSPITALITY AND MILD CLIMATE SHE WAS NOT AVERSE TO CHARLEST IN OR NEW ORLANDS
441,JOHN TAILOR WHO ITS APPORTED HER THROUGH COLLEGE WAS INTERESTED IN COTTON
442,BETTER GO HE HAD COUNCIL SINTENCIOUSLY
443,MIGHT LEARN SOMETHING USEFUL DOWN THERE
444,BUT JOHN IT IS NO SOCIETY JUST ELEMENTARY WORK
445,THEN LOOKING UP TOM'S CALTY
446,FINES AND CRUSSWELLS THERE BIG PLANTATIONS RADED IT TO HUNDRED AND FIFTY THOUSAND DOLLARS
447,SOME OTHERS TOO BIG CAUGHT AND COUNTY
448,YOU OUGHT TO KNOW JOHN IF I TEACH NEGROES ALL SCARCELY SEE MUCH OF PEOPLE IN MY OWN CLASS
449,AT ANY RATE I SAY GO
450,HERE SHE WAS TEACHING DIRTY CHILDREN IN THE SMELL OF CONFUSED ODORS AND BODILY PERSPIRATION WAS TO HER TIMES UNBEARABLE
451,SHE WANTED A GLANCE OF A NEW WOOKS AND VARIOTICALS AND TALK OF GREAT VALANTHORIES IN HER FORMS
452,SO FOR THE HUNDRED TIME SHE WAS THINKING TO DAY AS SHE WALKED ALONE UP THE LANE BACK OF THE BARN AND THEN SLOWLY DOWN THROUGH THE BOTTOMS
453,COTTON SHE BAUSED
454,SHE HAD ALMOST FORGOTTEN THAT IT WAS HERE WITH IN TOUCH IN SIGHT
455,THE GLIMMERING SEA OF DELICATE LEAVES WHISPERED AND MURMURED BEFORE HER SEARCHING A WAY TO THE NORTHWORK
456,THERE MIGHTY A BIT OF FORTRY HERE AND THEREBUT MOST OF THIS PLACE WAS SUCH DESPERATE CROWS
457,HER GUARD SHIFTED TO THE GREEN STOCKS AND LEAVES AGAIN AND SHE STARTED TO MOVE AWAY
458,CAUGHTON IS A WONDERFUL THING IS IT NOT VOICE SHE SAID RATHER PRIMLEY
459,MISTER DID THAT NO MUCH ABOUT GOTTEN BUT AT LEAST ONE MORE MARKED SEEMED COLD FOR
460,DON'T KNOW WELL OF ALL THINGS IN WOULDLY COMMENTED MISS TAYLOR LITTLE RAYBORN AND CUTTEN AND OH WELL AS MUCH AS TO ASK WHAT'S THE USE SHE TURNED AGAIN TO GO
461,I SUPPOSE THOUGH IT'S TOO EARLY FOR THEM THEN CAME THE EXPLOSION
462,GOOD WAS DON'T GROW ON TO TOPS OF VISE BUT ON TO GROUND ON DURITS LIKE HIMSE IS THAT SO
463,THE GOLD IN FLACE IT'S THIS HELVEL FLEECE HE HARKENED
464,SONT I MUTE DEMMIRED BLEES WON'T YOU
465,THOU FOR ONE LITTLE HALF HOUR SHE HAD BEEN A WOMAN TALKING TO A BOY NO NOT EVEN THAT SHE HAD BEEN TALKING JUST TALKING THERE WERE NO PERSONS IN THE CONVERSATION JUST THINGS ONE THING CUTTON
466,THE HONORABLE CHARLES SMITH MISS SO AS BROTHER WAS WALKING SWIFTLY UP TOWN FROM MISTER EASTERLY'S WALL STREET OFFICE AND HIS FACE WAS PALE
467,AT LAST THE COTTON COMBINE WAS TO ALL APPEARANCES IN ASSURED FACT AND HE WAS SLATED FOR THE SINNET
468,WHY SHOULD HE NOT BE AS OTHER MEN
469,SHE WAS NOT HERSELF A NOTABLY INTELLIGENT WOMAN SHE GREATLY ADMIRED INTELLIGENCE OR WHATEVER LOOKED A HER LIKE INTELLIGENCE AND OTHERS
470,AS SHE AWAITED HER GUESS SHE SERVAY THE TABLE WITH BOTH SATISFACTION AND DISQUIETUDE FOR HER SOCIAL FUNCTIONS WERE FEW TO NIGHT THERE WERE SHE JECKED THEM OFF ON HER FINGERS SIR JAMES CRITENED THE RICH ENGLISH MENUFACTURER AND MISTER HARRY CRESWELL IN HIS SISTER JOHN TAILOR AND HIS SISTER JOHN TAILOR AND HIS SISTER CHARL SMITH WHOM THE EVENING PABERS MENCHINE OF GUESSS THAS SISTER CINITOR F FR F F FROROME F FROME FREANSSSSSSSSSS EAINAI EALER ERRRRRRRRRRRRRRRRRRRRR ALIOR AN AN AN AN ANS ANS AN AN ANTOR AN ANS E 
471,MISSUS GRAY HAD MET SOUTHERNERS BEFORE BUT NOT INTIMATELY AND SHE ALWAYS HAD IN MIND VIBIDLY THEIR CRUELTY TO OR NEGROES A SUBJECT SHE MADE A POINT OF INTRODUCING FORTHWITH
472,SHE WAS THEREFORE MOST AGREEABLY SURPRISED TO HEAR MISTER CRESWELL EXPRESS HIMSELF SO CORDIALLY AS A PROVING OF NEGRO EDUCATION
473,DO BELIEVE IN SO MEDUCATION ASKED MERRY TAILOR
474,I BELIEVE IN THE TRAINING OF PEOPLE TO THE HAST COMPACITY THE ENGLISHMAN HERE HARDLY SECOND IT HIM
475,BUT CRUSSWELL ADDED SIGNIFICATELY CARPASSITY ADDIFFERS IN NO MUST LAY BETWEEN RACES
476,THE VANDA POOLS WERE SURE OF THIS AND THE ENGLISHMAN INSTANCING INDEAR BEGAN QUITE ELOQUENT MISSUS GRAY WAS MYSTIFIED BUT HARDLY DARED ADMITTED THE GENERAL TREND OF THE CONVERSATION SEEMED TO BE THAT MOST INDIVIDUALS NEEDED TO BE SUBMITTED TO THE SHARP RESCRUTINY BEFORE BEING ALLOWED MUCH EDUCATION AND AS FOR THE MOWER RACES IT WAS SIMPLY CRIMINAL TO TO OPPOOLED SUCH US OPPPORTUNINITITIES TIES TIES TIE TIES TO T T TO T T T T T T TO T TO TO THEAS THEAS TOEAS T T THEAS THEAS THEAS T T THEAS T EAS TOEM
477,MAUSITIVE THE HEROIC ADDED CRUSS WELL AVOIDING HIS SISTER'S EYES
478,BUT WE AN AUDOR EXACTLY WILCOME
479,MARY TAYLOW HOWEVER RELATED THE TAIL OF ZORA TO MISSUS GRAY'S PRIVATE EAR LATER
480,FORTUNATELY SAID MISTER VANDAR WHO NORTHERNOS AND SAW THERE'S ALL RIVING AT A BENNAMUTUAL UNDERSTANDING ON MOST OF THESE MATTERS
481,HE KNEW THE SILVER FLEECE HE IS EXARAS MUST BE RUINED
482,IT WAS THE FIRST GREAT SORROW OF HIS LIFE IT WAS NOT SO MUCH THE LOSS OF THE COTTON ITSELF WITH THE FANTASY THE HOPES THE DREAMS BUILT AROUND IT
483,AH THE SWAMP THE GROOL SWAMP
484,THE REVELATION OF HIS LOVE LIGHTED AND RIGHT AND SLOWLY TO AT FLAME LIKE A SUN RISE OVER HIM AND LEFT HIM AND BROWNING WONDER
485,HE PANTED TO KNOW IF SHE TOO KNEW OR KNEW AND CARED NOT OLD CARED AND KNEW NOT
486,SHE WAS SO STRANGE IN WHOM IN A CREATURE
487,THE WORLD WAS WATERVAILED MISS
488,THEN OF A SUDDEN THAT MIDDAY THE SUNSHOT OFF HOT AND STILL NO BREATH OF AIR STIRRED THE SKY WAS LIKE LOOSE THEAMED
489,WHERE WAS THE USE OF IMAGINING
490,THE LUGLOOD HAD BEEN LEVEL WITH THE DIGS AWAKE AGO AND NOW
491,PERHAPS SHE TOO MIGHT BE THERE WAITING WEEPING
492,HE STARTED AT THE THOUGHT HE HURRIED FOR IT SADLY
493,HIS BLASH TO STAMP TO LONG FARTHER AND FARTHER ONWARD UNTIL LEANINED THE RAMPART OF THE CLEARING AND PUT FOOT UPON THE TREE BRIDGE
494,THEN HE LOOKED OWN THE LOOGOON WAS DRY
495,HE STOOD A MOMENT BEWILDERED BEEN TURNED AND RUSHED UPON THE ISLAND A GREAT SHEET OF GAZZLING SUNLIGHT SWEPT THE PLACE AND BENEATH LAY A MIGHTY MASS OF ALL OF GREEN THINK TALL WETS AND WILLOWY
496,THE SQUARES OF COTTON SHARP EDGED HEAVY WERE JUST ABOUT TO VERSE TO BULLS
497,OR ONE LONG MOMENTY PAUSED STUPID A GAPE WITH UTTER AMAZEMENT THEN LEANED DISILY AGAINST THE TREE
498,HE GAZED ABOUT HER PLEXED ASTONISHED
499,HERE LAY THE READING OF THE WIDDLE WITH INFINITE WORK AND PAIN SOME ONE HAD DOUGH A CANOE FROM THE LAGOON TO THE CREEK INTO WHICH THE FORMER HAD DRAINED BY A LONG AND COOK IT WAY THUS ALLOWING IT TO EMPTY DIRECTLY
500,HE SAT DOWN WEAK BEWILDERED AND ONE THOUGHT WAS UPPER MOST SORRA
501,THE YEARS OF THE DAYS OF HER DYING WERE TEN
502,THE HOPE IN DREAM OF HARVEST WAS UPON THE LAND
503,UP IN THE SICK ROOMS OR A LAY ON THE LITTLE WIDE BED
504,THEN NED AND WEB OF ENDLESS THINGS HAD BEEN CRAWLING AND CREEPING AROUND HER SHE HAD STRUGGLED AND DUMB SPEECHLESS TERROR AGAIN SOME MIGHTY GRASPING THAT STROVE FOR HER LIFE WAS NARLED AND CREEPING FINGERS BUT NOW AT LAST WEEKLY SHE OPENED HER EYES AND QUESTIONED
505,FOR WHILE SHE LAY IN HER CHAIR AND HAPPY DREAMY PLEASURE ITS SON AND BIRD AND TREE
506,SHE ROLLS WITH A FLEETING GLANCE GATHERED THE SHAWL AROUND HER THEN GLIDING FORWARD WAVERING TRIMULOUS SLIPPED ACROSS THE ROAD AND INTO THE SWAMP
507,SHE HAD BEEN BORN WITHIN ITS PORTERS WITHIN HIS BORDERS SHE HAD LIVED AND GROAN AND WITH IN ITS BORDER SHE HAD MET HER LOVE
508,ON SHE HURRIED UNTIL SWEEPING DOWN TO THE LEGOON AND THE ISLAND LOW THE CAUTEN LABOR FOR HER
509,THE CHAIR WAS ENTIE WHEN HE KNEW
510,HE DARTED THROUGH THE TREES AND PAUSED A TALL MAN STRONGLY BUT SLIMLY MADE
511,IT IS VERY FINE OLD PLACE OF RED BRICK SOFTENED BY A PALE POWDERY LIKEN WHICH HAS DISPERSED ITSELF WITH HAPPY IRREGULARITY SO AS TO BRING THE RED BRICK INTERMS OF FRIENDLY CONTAININGSHIP WITH A LIMESTONE ORNAMENTS SURROUNDING THE THREE GABLES THOUGH WINDOWS AND THE DOORPLACE
512,BUT THE WINDOWS ARE PATCHED WITH WOODEN TAINS AND THE DOOR A THINK IS LIKE THE GATE IT IS NEVER OPENED
513,FOR IT IS A SOLID HEAVY HANDSOME DOOR AND MUST ONCE HAVE BEEN IN THE HEABT OF SHUDDING WITH A SUNNEROUS BAYING BEHIND THE LIVERY LACKEY WHO WOULD JUST SEEN HIS MASTER AND MISTRESS OFF THE GROUNDS IN A CARRIAGE AND PAIR
514,A LARGE OPEN FIRE PLACE WITH RUSTY DOGS IN IT AND A BARE BOARDED FLOOR AT THE FAR END FLEECES OF WALL STACKED UP IN THE MIDDLE OF THE FLOOR SOME EMPTY CORN BAGS
515,AND WHAT THROUGH THE LEFT HAND WINDOW
516,SEVERAL CLOSED HORSES OPINION ESPENDING WHEEL IN AN OLD BOX WHITE OPEN AND STOFFED FULL OF COLORED RAGS
517,AT THE EDGE OF THIS BOX THEIR LIES A GREAT WOODEN DALL WHICH SO BAR AS MUTILATION IS CONCERN BETTERS A STRONG RESEMBLANCE TO THE FINEST SCREEK SCULPTURE IN ESPECIALLY IN THE TOTAL LOSS OF ITS NOSE
518,THE ISTORY OF THE HOUSE HAS PLAIN NOW
519,BUT THERE IS ALWAYS AS STRONGERS SENSE OF LIFE WHEN THE SUN IS BRILLIANT AFTER RAIN AND NOW HE IS POURING DOWN HIS BEAMS AND MAKING SPARKLES AMONG THE WET STRAW AND LIGHTING UP EVERY PATCH OF VIVID GREEN MOSS ON THE RED TILES OF THE COWSHED ENTURNING EVEN THE MUDDY WATER THAT IS MUCH BODY IN IT IS POSSIBLE
520,WHERE THE GREAT BARN DOORS ARE THROWN WHITE OPEN AND MEN ARE BUSY THERE MEN IN THE HARNESS UNDER THE SUPERINTENDENTS OF MISTER GOBY THE WOOD AWE OTHERWISE SADDLER WHO ENTERTAINS THEM WITH A LATEST TREADLESTON GAS UP
521,HAD HE SURROUL OFTEN TOOK THE APPROTUNITY WHEN HER ANSWER ANTS BACK WAS TURNED OF LOOKING AT THE PLEASING REFLECTION OF HERSELF IN THOSE POLISHED SERVICES FOR THE OAK TABLE WAS USUALLY TURNED UP LIKE A SCREEN AND WAS MORE FOR EARNMENT THAN FOR US ALWAYS SHONE LIKE JASPER
522,DO NOT SUPPOSE HOWEVER BUT MISSUS POYSER WAS ELDERLY OR SHRUE WISH AND HER APPEARANCE SHE WAS A GOOD LOOKING WOMAN NOT MORE THAN EIGHT ENTHURTY AFFAIR COMPLEXION AND SANDY HAIR WELL SHAPEN LIGHT FOOTED
523,THE VAMILY LIKENESS BETWEEN HER AND HER KNEES DINAMORIC WITH A CONTRAST BETWEEN HER KEENNESS AND DINESS SEREFIC GENTLENESS OF EXPRESSION MIGHT HAVE SERVED A PAINTER AS AN EXCELLENT SUGGESTION FOR A MARTHA IN MARY
524,HER TONGUE WAS NOT LESS KEEN THAN HER EYE AND WHENEVER A DAM SO CAME WITH A YEAR SHOT SEEMED TO TAKE UP AN UNFINISHED LICHER AS A BARREL ORGAN TAKES UP ATUNE PERCISELY AT THE POINT WHERE IT HAD LEFT OFF
525,THE FACT THAT IT WAS CHURNING DAY WAS ANOTHER REASON WHY IT WAS INCONVENIENT TO HAVE THE WIDOWS AND WHY CONSEQUENTLY MISSUS POYSER SHOULD SCOLD MOLLY THE HOUSEMAID WITH UNUSUAL SEVERITY
526,DWALL APPEARANCE MOLLY HAD GOT THROUGH HER AFTER IN HER WORK IN AN EXEMPLARY MANNER HAD CLEANED HERSELF WITH GREAT DESPATCH AND NOW CAME TO ASK SUBMISSIBLY IF SHE SHOULD SIT DOWN TO HER SPINNING TO MILKING TIME
527,SPITTING INDEED
528,I NEVER KNEW YOUR EQUALS FOR GALLOWSNESS
529,YOU TAUGHT YOU DESCRIB A FLOOR I SHOULD LIKE TO KNOW
530,COME THE WALL FOR THE WIDOWS INDEED
531,THAT'S WHICH HE'D LIKE TO BE DOING IS IT
532,THAT'S THE WAY WITH YOU THAT'S THE ROAD YOU'D ALL LIKE TO GO HAD LONGS TO RUIN
533,MISTER OUTLAYS INDEED
534,YOU ARE ARRAN PRESITING DOWN TO YOUR WORK A LITTLE WHILE AFTER AT STIME TO PUT BY
535,MONEY MY ROANS TRIED TOLD THESE PUT IT DOWN TO WARM
536,COLD AS IT MY DARLING BLUS YOUR SWEET FACE
537,SHE'S GOING TO PUT THE ARNING THINGS AWAY
538,MONEY I DID LIKE TO DO INTO THE BARN TO TOM HE TO SEE THE WOOD ODD
539,NO NO NO TIDY HAD DID HER FEET WHAT SAID MISSUS POYSER CARRYING AWAY HER IRED
540,DID EVER ANYBODY SEE THE LIKE SCREAMED MISSUS POYSER RUNNING TOWARDS THE TABLE WHEN HER EYE HAD FALLEN ON THE BLUE STREAM
541,TODDY HOWEVER HAD DESCENDED FROM HER CHAIR WITH GREAT SWIFTNESS AND WAS ALREADY IN RETREAT TOWARDS THE DAREY WITH A SORT OF WIDLING RUN AND IN A MOUNT OF FAT ON THE NAPE OF HER NECK WHICH MADE HER LOOKED LIKE THE MEADOW MORPHIS OF A WHITE SUCKLING PIG
542,AND SHE WAS VERY FOUND OF EW TOO IN RACHEL
543,I OFTEN HEARD HER TALK OF YOU IN THE SAME SORT OF WAY
544,WHEN SHE HAD BACK BAN ILLNESS AND I WAS ONLY ELEVEN YEARS OLD SHE USED TO SAY YOU'LL HAVE A FRIEND ON EARTH IN YOUR AUNT RACHEL IF I AM TAKEN FROM YOU FOR SHE HAS A KIND HEART AND I'M SURE I'VE FOUND IT SO
545,AND THERE'S LINEN IN THE HOUSE IS I COULD WELL SPARE YOU RIGHT OUT LOTS A SHEETING AND TABLE CLOTHING AND TALLING VISIT ME UP
546,BUT NOT MORE THAN WAS IN THE VIBLE AND SAID DINAH
547,NAY DEAR AND YOU NEVER HEARD ME SAY THAT ALL PEOPLE ARE CALLED TO FORSAKE THEIR WORK IN THEIR FAMILIES
548,WE CAN ALL BE SERVANTS OF GOD WHEREVER OUR LOT IS CAST BUT HE GIVES US STIFFERENT SORTS OF WORK ACCORDING AS HE FITS US FOR IT AND CALLS US TO IT
549,I COULD KNOW MORE HELP SPENDING MY LIFE AND TRYING TO DO WHAT I CAN FOR THE SOULS OF OTHERS THEN YOU COULD HELP RUNNING IF YOU HEARD LITTLE TOTTY CRYING AT THE OTHER END OF THE HOUSE THE VOICE WOULD GO TO YOUR HEART YOU WOULD THINK THE DEAR CHILD WAS IN TROUBLE OR AND DANGER AND YOU COULDN'T REST WITHOUT RUNNING TO HELP HER
550,I'VE STRONG ASSYRANTS THAT NO EVIL WILL HAPPENED YOU AND MY UNCLE IN THE CHILDREN FOR MANY THING I HAVE DONE
551,I DIDN'T PREACH WITHOUT DIRECTION
552,DIRECTION
553,ARE AN ACCOMMON PATIENCE WITH YOU
554,BY THIS TIME THE TWO GENTLEMAN HAD REACHED THE PALINGS AND HAD GOT DOWN FROM THEIR HORSES HE WAS PLAYING THEY MEANT TO COME IN
555,SAID MISTER ERONE WITH HIS STATELY CORDIALITY
556,WHO SIR DON'T MENTION IT SAID MISSUS POYCER
557,I DELIGHTING YOUR KITCHEN
558,POYSER IS NOT AT HOME MISSY
559,SAID KEPT IN DOTY THORN SITTING HIMSELF WERE HE GOOD SEAT ALONG THE SHORT PASSAGE TO THE OPEN DAIRY DOOR
560,NO SIR HE ISN'T HE'S GONE TO ROSITOR TO SEE MISTER WEST THE FACTOR ABOUT THE WALL
561,BUT THERE'S FATHER AND BARN SIR IF HE'D BE OF ANY USE
562,NO THANK YOU I'LL JUST LOOK AT THE WELL SON LEAVE A MESSAGE ABOUT THEM WITH YOUR SHEVERED
563,I MUST COME ANOTHER DAY AND SEE YOUR HUSBAND I WANT TO HAVE A CONSULTATION WITH HIM ABOUT HORSES
564,FOR IF HIS ANYWHERE IN THE FARM WE CAN SEND FOR HIM AND A MINUTE
565,OH SIR SAID MISSUS POYSER RATHER LARNED YOU WOULDN'T LIKE IT ALL
566,BUT YOU KNOW MORE ABOUT THAT THAT I DO SIR
567,I THINK I SHOULD BE DOING YOU ASSERVICE TO TURN YOU OUT OF SUCH A PLACE
568,I KNOWS FARM IS IN BETTER ORDER THAN ANY OTHER WITH INTEND MILES OF US THEN AS FOR THE KITCHEN HE ADDED SMILING I DON'T BELIEVE THERE'S ONE IN THE KINGDOM TO BEAT IT
569,BY THE BYE I AM NEVER SEE YOUR DAIRY AND MUST SEE YOUR DAIRY MISSUS POYSER
570,THIS MISSUS POISOR SAID BLUSHING AND BELIEVING THAT THE CAPTAIN WAS REALLY INTERESTED IN HER MILK PANS AND WOULD ADJUST HIS OPINION OF HER TO THE APPEARANCE OF HER DAIRY
571,OH I'VE NO DOUBT ITS AND CAPITAL ORDER
572,THE PARIS PLANNED LIKE THAT OF THE CHRYSTAL PALACE WAS A TEMPORARY EXHIBIT
573,THE LONDON PLAT WAS LESS STEP RARY BUT NOT PERMANENT SUPPLYING BEFORE IT WAS DORN OUT NO FEWER THAN THREE THOUSAND LAMPS IN HOTELS GERCHES STORES AND WELLINGS AND THE VICINITY OF WHOLE BURNVIADA
574,THERE MESSERS JOHNSON AND HAMMER A PUT INTO PRACTICE MANY OF THE IDEAS NOW STANDARD IN THE ART AND SECURED MUCH USEFUL DATE OF FOR THE WORK IN NEW YORK OF WHICH THE STORY HAS JUST BEEN TONE
575,THE DINAMO ELECTRIC MACHI THOSE SMALL WAS ROBUST FOR UNDER ALL THE VARION SPEEDS OF WATERPOWER AND THE VACISSITUDES OF THE PLANT TO WHICH IT BELONGED IT CONTINUED IN ACTIVE USE UNTIL EIGHTEEN EIGHTY NINE SEVENTEEN YEARS
576,OWING TO HIS INSISTENCE ON LOW PRESSURE DIRECT COURATE FOR USE INDENSELY POPULATED DISTRICTS AS THE ONLY SAFE AND TRULY UNIVERSAL PROPHITABLE WAY OF DELIVERING ELECTRICAL ENERGY TO THE CONSUMERS AT IS IN HAS BEEN FREQUENTLY SPOKEN OF AS AN OPPONENT OF THE ALTERNATING CURRED
577,WHY IF WE ARRECTED STATION AT THE FALLS IT IS A GREAT ADCONOMY TO GET IT UP THE CITY
578,THERE SEEMS NO GOOD REASON FOR BELIEVING THAT IT WILL CHANGE
579,BROAD AS THE PRAIRIES AND FREE AND THOUGHT AS THE WINDS THAT SWEPT THEM HE IS IDIOSE AND CRADICALLY OPPOSED TO LOSE AND WASTEFUL MUFFITS TO PLANS OF ENTIRE THAT NEGLECT THE POOR AT THE GATE
580,EVERYTHING HE HAS DONE HAS BEEN AIMED THAT THE CONCERBATION OF ENERGY THE CONTRACTION OF SPACE THE INTENSIFICATION OF CULTURE
581,FOR SAW YEARS IT WAS NOT FOUND PHESIBLE TO OPERATE MOTORS ON ALTERNATING CURRENT CIRCUITS AND THAT REASON WAS OFTEN URGED AGAINST AT SERIOUSLY
582,IT COULD NOT BE USED FOR ELECTRIPLATING OR DEPOSITION NOR COULD IT GEARGE TO RIDGE BATTERIES ALL OF WHICH ARE EASILY WITHIN THE ABILITY OF THE DIRECORRET
583,BUT WHEN IT CAME TO BE A QUESTION OF LIGHTING A SCATTERED SUBURB A GROUP OF DWELLINGS ON THE OUTSKIRTS ARE REMOTE COUNTRY RESIDENCE OR A FAR MOUSE THE ALTERNATING COURAGE IN ALELEMENTS SAVE ITS DANGER WAS AND IS IDEA
584,EDITION WAS INTOLERANT OF SHAMMON SHAUGHTY AND NOTHING WOULD SATISFY HIM THAT COULD NOT STAND CROSS EXAMINATION BY MIKE RESCOPED TUBE AND GALDENOMENTER
585,UNLESS HE COULD SECURE AN ENGINE OF SMOOTH RUNNING AND MORE EXACTLY GOVERN AND REGULAR THAN THOSE EVALIBLE FOR HIS DINAMO AND LAMP EDISON REALIZED THAT HE WOULD FIND IT ALMOST IMPOSSIBLE TO GIVE A STUDY LIGHT
586,MISTER ADDITION WAS A LEADER FAR AHEAD OF THE TIME
587,HE OBTAINED THE DESIRED SPEED AND LOAD WITH A FRICTURE BRIKE ALSO REGULATIVE OF SPEED BUT WAITED FOR AN INDICATOR TO VERIFY IT
588,THEN AGAIN THERE WAS NO KNOWN WAY TO LUPRICATE AND ENGINE FOR CONTINUOUS RUNNING AND MISTRETISING IN FARM ME THAT AS A MARINE ENGINE STARTED BEFORE THE SHIP LEFT THE YORK UNCONTINUED RUNNING UNTIL IT REACHED ITS HOME PORT SO AT ENGINE FOR HIS PURPOSES MUST PRODUCED LIGHT AT ALL TIMES
589,ADDISH INHAD INSTALLED HIS HIS STORIC FIRST GREAT CENTRAL STATIONSYSTEM IN NEW YORK ON THE MULTIBLE ARCH SYSTEM COVERED BY HIS FEETER AND MAIN INVENTION WHICH RESULTED IN ANNOTABLE SAVING IN THE COST OF CONDUCTORS AS AGAINST A STRAIGHT TWO WIRESTS SYSTEMPT THROUGHOUT OF THE TREE KIND
590,HE SOON FORCE AWE THAT STILL GREATER ECONOMY WOULD BE NECESSARY FOR COMMERCIAL SUCCESS NOT ALONE FOR THE LARGER TERRITORY OPENING BUT FOR THE COMPACT DISTRICT OF LARGE CITIES
591,THE STRONG POSITION HELD BY THE EDICINE SYSTEM UNDER THIS STRENUOUS COMPETITION THAT WAS ALREADY SPRINGING UP WAS ENORMOUSLY IMPROVED BY THE INTRODUCTION OF THE THREE WIRESYSTEM AND EGAVE AN IMMEDIATE EMPITENCE TO INCONDISCENT LIGHTING
592,IT WAS SPECUALLY SUITED FOR A TRIAL PLAT ALSO IN THE EARLY DAYS WHEN THE YIELD OF SIX SORE EIGHT LAMPS TO THE HORSEBOWER WAS CONSIDERED SUBJECT FOR CONVRATULATION
593,THE STREET CONDUCTORS WERE OF THE OVERHEAD PULL LINE CONSTRUCTION AND WERE INSTALLED BY THE CONSTRUCTION COMPANY THAT HAD BEEN ORGANIZED BY ADDICENT TO BUILD ANY QUIP CENTRAL STATIONS
594,MEANWHILE HE HAD CALLED UPON ME TO MAKE A REPORT OF THE THREE WAR SYSTEM KNOWN IN ENGLAND AS THE HOPKINSON BOTH DOCKINSON BOTH DOCKINSON AND MISTER EDICINE BEING INTEPENDENT INVENTORS AT PRACTICALLY THE SAME TIME
595,I THINK HE WAS PERHAPS MORE PRECIATIVE THAT I WAS OF THE DISCIPLINE OF THE EDICINE CONSTRUCTION TO PARDON AND THOUGHT IT WOULD BE WELL FOR US TO WAIT UNTIL THE MORNING THE FORTH BEFORE WE STARTED UP
596,BUT THE PLAINT RAN AND IT WAS THE FIRST THREE WIRE STATIONED IN THIS COUNTRY
597,THEY WERE LATER USED AS RESERVED BICHINGS AND FINALLY WITH THE ENGINE RETIRED FROM SERVICE ASPART OF THE COLLECTION OF AT A SONIA BUT THEY REMAIN IN PRACTICALLY AS GOOD CONDITION AS ONE INSTALLED AND EIGHTEEN EIGHTEEN EIGHTEEN EIGHTH EITHERY
598,THE ARCLAMP INSTALLED OUTSIDE A CUSTOMER'S PREMISES OR IN A CIRCUIT FOR PUBLIC STREET LIGHTING BURNED SO MANY HOURS NIGHTLY SO MANY NIGHTS IN THE MONTH AND WAS PAID FOR AT THAT RATE SUBJED TO REBATE FOR HOURS WHEN THE LAMP MIGHT BE OUT THE RAXIBIT
599,EDICINE HELD THAT THE ELECTRICITY SOULED MUST BE MEASURED JUST LIKE GAS OR WATER ANY PRECEDED TO DEVELOP A METER
600,THERE WAS INFINITE SKEPTICES AND AROUND HIM ON THE SUBJECT AND WHILE OTHER INVENTORS WERE ALSO GIVING THE SUBJECT VERYTHOUGHT THE PUPPLIC TOOK IT FOR GRANTED THAT ANYTHING SO UTTERLY INTANGIBLE AS ELECTRICITY THAT COULD NOT BE BROUGHT TO ACCURATE REGISTRATION
601,HANDS THE ADDITION ELECTOR LITIC METER IS NO LONGER USED DESPITE ITS EXCELLENT QUALITIES
602,THE PRINCIPAL EMPLOYED IN THE ADDISINT ELECTRILITIC METER IS THAT WHICH EXEMPLIFIES THAT POWER OF ELECTRICITY TO DECOMPOSE A CHEMICAL SUBSTANCE
603,ASSOCIATED WITH THE SIMPLE FORM OF APPARATUS WERE VARIOUS INGENIOUS DETAILS AND REFINEMENTS TO SECURE REGULARITY OF OPERATION FREEDOM FROM INACCURACY AND IMMUNITY FROM SUCH TAMPERING AS WOULD PERMIT FEFT OF COURAGE OR DAMAGE
604,THIS STANDARD EDICINE METER PRACTICE WAS TO REMOVE THE SELVES ONCE EMONTH TO THE METER ROOM OF THE CENTRAL STATION COMPANY FOR EXAMINATION ANOTHER SAT BEING SUBSTITUTED
605,IN DECEMBER EIGHTEEN EIGHTY EIGHTH MISTER DOBBERTO JANKS READ AN INTERESTING PAPER BEFORE THE AMERICAN INSTITUTE OF ELECTRICAL ENGINEERS ON THE SIX YEARS OF PRACTICAL EXPERIENCE HAD UP TO THAT TIME WITH THE METER THAN MORE GENERALLY IN USE THAN ANY OTHER
606,THE OTHERS HAVING BEEN AN OPERATION TOO SHORT AT TIME TO SHOW DEFINITE RESULTS ALTHOUGH THEY ALSO WENT QUICKLY TO A DIVID AND VACES
607,IN THIS CONNECTION IT SHOULD BE MENTION THAT THE ASSOCIATION OF EDICINE ALLUMINATING COMPANIES IN THE SAME YEAR ADOPTED RESOLUTIONS UNANIMOUSLY TO THE EFFECT THAT THE EDICID METER WAS ACCURED AND THAT ITS USE WAS NOT EXPENSIVE FOR STATIONS ABOVE ONE THOUSAND LIGHTS AND THAT THE BEST FANATIAL RESULTS WERE IN VARIABLY SECURED IN ESTATION LIGHTS ALIGHTS AND LIGHTS AND LIGHTS LIGHTS ALITS LIGHTS AN LIOUATSTSTSTSTSTSTST LIOLIOLIONGHE LIONG LIOUATSTSTS LIOUATS LIATSTSTS LIOUATS LIATS LIOLIOLIOLIATS LIATS LICTSTS LIAT
608,THE METER CONTINUED IN GENERAL SERVICE DURING EIGHTEEN NINE AND PROBABLY UP TO THE CLOTHES OF THE CENTURY
609,HE WAIT AND REWAYED THE METERPLATES AND PURSUED EVERYLIDE OF INVESTIGATION IMAGINABLE BUT ALL IN VAIN
610,HE FELT HE WAS UP AGAINST IT AND THAT PERHAPS ANOTHER KIND OF A JOB WOULD SOON DIM BETTER
611,THE PROBLEM WAS SOUGHT
612,WE WERE MORE INTERESTED IN THE TEGHNICAL CONDITION OF THE STATION THAN IN THE COMMERCIAL PART
613,WE HAD METERS IN WHICH THERE WERE TWO BOTTLES OF LIQUID
614,HERE SHE WOULD SDAY COMFORTED AND SOOTHED AMONG THE LOVELY PLANTS AND RICH EXHAUTICS REJOICING THE HEART OF OLD TURN ARE THE GARDENER WHO SENTS POLLY SPIRST RAPTROUS ENTRANCE HAD TAKEN HER INTO HIS GOOD GRACES FOR ALL TIME
615,EVERY CHANCE SHE COULD STEAL AFTER BRACK THIS HOURS WERE OVER AND AFTER THE CLAMOROUS DEMANDS OF THE BOYS UPON HER TIME WERE FULLY SATISFIED WAS SEIZED TO FLY ON THE WINGS OF THE WIND TO THE FLOWERS
616,THEN DEAR SAID MISSUS WITNEY YOU MUST BE KIND IT TO HEAR THAN EVER THINK WHAT IT WOULD BE FOR ONE OF YOU TO BE AWAY FROM HOME EVEN AMONG BRENDS
617,SOMEHOW OF ALL THE DAYS WHEN THE HOME FEELING WAS THE STRONGEST THIS DAY IT SEEMED AS IF SHE COULD BEAR AT NO LONGER
618,IF SHE COULD ONLY SEE FRANZY FOR JUST ONE MOMENT
619,OH SHE'S ALWAYS AT THE PIANO SAID MAN SHE MUST BE THERE NOW SOMEWHERE AND THEN SOMEBODY LAUGHED
620,AT THIS THE BUNDLE OPEN SUDDENLY AND OUT POPPED RONSIE
621,BUT POLLY COULDN'T SPEAK AND HAVE JASPER HADN'T CAUGHT HER JUST IN TIME SHE WOULD HAVE TUMBLED OVER BACKWARD FROM THE STOOL PHRONSIE AND ALL
622,ASKED PHRONSIE WHETHER LITTLE FACE CLOSE TO PALLY'S OWN
623,NAW YOU'LL STAY CRIED MAN SAY POLLY WON'T YOU
624,OH YOU'RE ARE THE DEAREST AND BEST MISTER KING I EVER SAW BUT HOW DID YOU MAKE MAMMY THAT HER COME
625,IS ANY SPLENDID CRIED JASPER AND INTENSE PRIDE SWELLING UP FATHER KNEW HOW TO DO IT
626,THERE THERE HE SAID SOOTHINGLY PATTING HER BROWN FASIHE HEAD
627,I KNOW GASPED POLLY CAN JOLLING HER SOBS I WON'T ONLY I CAN'T THANK YOU
628,ASKED PHRONSIE IN INTENSE INTEREST SLIPPING DOWN OUT OF POLLY'S ARMS AND CROWDING UP CLOSE TO JASPER SIDE
629,YES ALL ALONE BY HIMSELF ASSERTED JASPER VEHIMENTLY AND WINKING PURIOUSLY TO THE OTHERS TO STOP THEIR LAPPING HE DID NOW TRULY FRONTSIE
630,AH NO JAPTURE I MUST GO BY MY VERY OWN SELF
631,MARE JAP YOU'VE GOT IT LAUGHED PERCY WHILE THE OTHERS SCREAMED AT THE SIDE OF JASPER SPACE
632,DON'T MIND IT POLLY WHISPERED JASPER PRESENT HER FAULT
633,DEAR ME ADJACULATED THE OLD GENTLEMAN AND THE ATMOST AMAZEMENT AND SUCH A TIME AS I'VE HAD TO GET HER HERE TOO
634,HOW DID HER MOTHER EVER LET HER GO
635,SHE ASKED IMPOSSIVELY I DIDN'T BELIEVE YOU COULD PERSUADE HER FATHER
636,I DIDN'T HAVE ANY FAIRS IF I WORKED AT RIGHTLY SAID THE OLD GENTLEMAN FROM PLACENTLY
637,HE CRIED AND HIGH DUDGEN JUST AS IF HE OWNED THE WHOLE OF THE PEPPERS AND COULD DISPOSE OF THEM ALL TO SUIT HIS MANSEY
638,AND THE OLD GENTLEMAN WAS SO DELIGHTED WITH HIS SUCCESS THAT HE HAD THE BURST OUT INTO A SERIES OF SHORT HAPPY BITS OF LAUGHTER THAT OCCUPIED QUITE A SPACE OF TIME
639,AT LAST HE CAME OUT OF THEM UNWIPED HIS FACE VIGOROUSLY
640,IT IS SIXTEEN YEARS SENT JAWN BURGS AND DIED
641,HIS WIFE NOW LIES BESIDE HIM AND THE WHITE SHACKED THAT MARKED THEIR GRAVES GLEAMS ACROSS THE WHEAT FIELDS
642,FROM THE NOR REGION GRAVE YARD ONE LOOKS OUT OVER A VAST CHUCKERBOARD MARKED OFF IN SQUARES OF WHEAT AND CORN LIGHT END DARK AND LIGHT
643,FROM THE GRAVE YARD GATE ONE CAN COWN THAT DOZEN GAILY PAINTED FARMHOUSES THE GILDED WEATHER VEINS ON THE BIG RED BARNS WINK AT EACH OTHER ACROSS THE GREEN AND BROWN AND YELLOW FIELDS
644,THE AIR AND THE ERR THOR CURIOUSLY MATED AND INTERMINGLED AS IF THE ONE WERE THE BREATH OF THE OTHER
645,HE WAS A SPLENDID FIGURE OF A BOY TALL AND STRAIGHT AS A YOUNG PINETRY WITH A HANDSOME HEAD AND STORMY GRAY EYE STEEPLY SET UNDER A SERIOUS BROW
646,THAT'S NOT MUCH OF A JAWB FOR AN ADLEYED HERE I'VE BEEN TO TOWN AND BACK
647,HAD EXANDERED AT TWO SLEEPLAID
648,SHE GATHERED UP HER REIGNS
649,PLEASE WEIGHT FOR ME MOREY AMIL COAXT
650,I NEVER SEE LOSE SIDE OVER HERE
651,HOW BROWN YOU'VE GOT SINCE YOU CAME HOME I WISH I HAD AN ADDLY TO MALMY ARCHARD
652,I GET WHAT TO MY KNEES WHEN I GO DOWN TO PICK CHERIEF
653,INDEED HE HAD LOOKED AWAY WITH THE PURPOSE OF NOT SEEING IT
654,THEY THINK YOUR PROUD BECAUSE YOU'VE BEEN AWAY TO SCHOOL OR SOMETHING
655,THERE WAS SOMETHING INDIVIDUAL ABOUT THE GREAT FARM AMOST UNUSUAL TRIMNESS AND CARE FOR DETAIL
656,ON EITHER SIDE OF THE ROAD FOR A MILE BEFORE YOU REACHED THE FOOT OF THE HILL STOOD TALL O SADCH OR AND CHETCHES THEIR GLASSY GREEN MARKING OFF THE YELLOW FIELDS
657,ANY ONE THEREABOUT WOULD HAVE TOLD YOU THAT THIS WAS ONE OF THE RICHEST FARMS ON THE DIVIDE AND THAT THE FARMER WAS A WOMAN AT EXANDRA BURGSON
658,THERE IS EVEN A WHITE ROLL OF BEHIVES IN THE ORCHARD UNDER THE WALL NAT DREES
659,FRANK RED ENGLISH STOLEY AND THE MORE HE READ ABOUT THIS DEBOARDS CASE THE ANGRIER HE GREW
660,MY RESIDE
661,A BREAST WIND HAD COME UP ON WAS DRIVING PUFFY WHITE CLOUDS ACROSS THE SKY
662,THE ORCHARD WAS SPARKLING AND RIPPLING IN THE SUN
663,THAT INVITATION DECIDED HER
664,OH BUT I'M GLAD TO GET THIS PLACE MODE
665,JUST SMELL THE WILD ROSES THEY ARE ALL THEY SO SPICIA AFTER ARRAIN
666,WE NEVER HAD SO MANY UP THEM IN HERE BEFORE
667,I SUPPOSE IT'S THE WET SEASON WILL YOU HAVE TO COT THEM TO
668,I SUPPOSE THAT'S THE WET THESE AND TOO THEN
669,IT'S REQUITING TO SEE EVERYTHING GROWING SO FAST AND TO GET THE GRASS COT
670,AREN'T YOU SPLASHED LOOK AT THE SPIDER REPS ALL OVER THE GRASS
671,IN IF YOU MOMENTS HE HEARD THE CHARIES STROPPING SMARTLY INTO THE PALE AND HE BEGAN TO SWING HIS SIGH WITH THAT LONG EVEN STROKE THAT VIEW AMERICAN BOYS EVER LEARN
672,MURRY PICKED CHERRIES AND SAYING SOFTLY TO HERSELF STRIPPING ONE GLITTERING RANCH AFTER ANOTHER CHIVARING WHEN SHE THOUGHT A SHOWER OF RANGER UP SON HER NECK AND HAIR
673,AND AMIAL MODE HIS WAY SLOWLY DOWN TOWARD THE JERRY TREES
674,THAT SUMMER THE REIGNS HAD BEEN SO MANY AND OPPORTUNE THAT IT WAS ALMOST MORE THAN SHALL BOUGHT HER AND AS MAN COULD DO TO KEEP UP WITH THE CORN THE ORCHARD WAS A NEGLECTED WILDERNESS
675,I DON'T KNOW ALL OF THEM BUT I KNOW DINNERS ARE
676,IF I FEEL NOT WAY I FEEL THAT WAY
677,HE REACHED UP AMONG THE BRANCHES AND BEGAN TO PICK THE SWEET INSIPID FRUIT LONG EYEVERY COLOURED BERRIES TIPPED WITH MAINT PEAN LIKE WHITE CORROW THAT FALL TO THE GROUND UNHEEDED ALL SUMMER THROUGH
678,HE DROPPED A HANDFUL INTO HER LAP
679,YES DON'T YOU
680,OH EVER SAW MATCH ONLY HE SEEMS KIND OF STAY IT AND SCHOOL TEACHERY
681,WHEN SHE USED TO TELL ME ABOUT HIM I ALWAYS WONDERED WHETHER SHE WASN'T HE LITTLE LITTLE LITTLE OF WITH HIM
682,IT WOULD SERVE YOU ALL RIGHT IF SHE WALKED OFF WITH CARL
683,I LIKED A TALK THE CARL ABOUT ME YOUR AND WHAT A FELLOW CAN DO THERE
684,OH AMIA
685,SURELY YOU ARE NOT THINKING OF GOING OFF THERE
686,WALREY'S FACE FALL UNDER HIS BROODING GAZE
687,I AM SURE AT I'M SURE AT I'M SURE AN HERE SHE MURMURED
688,I DON'T WANT THE STAND AROUND OF MAGON
689,I WANT TO BE DOING SOMETHING ON MY OWN ACCOUNT
690,SOMETIMES I DON'T WANT TO DO ANYTHING AT ALL AND SOMETIMES I WANT TO PULL THE FOUR CORNERS OF THE DIVIDE TOGETHER HE THREW OUT HIS ARM AND BROUGHT IT BACK WITH A JERK SO I CAN TABLE CLOTH
691,I GET TIRED OF SEEING MAN AND HORSES GOING UP BUNDOWN UP BUNDOWN UP BUNDOWN
692,ARE WISH YOU WORK SO RESPECT AND DIDN'T GET SO WORKED UP OVER THINGS SHE SAID SADLY
693,THANK YOU HE RETURNED A SHORTLY
694,AND YOU NEVER USED TO BE CROSSED TO ME
695,I CAN'T PLAY WITH YOU WILL LITTLE BOY ANY MORE HE SAID SLOWLY THAT TWAT YOU MISS MORY
696,BUT AMILL IF I UNDERSTAND IN ARE GOOD TIMES ARE OVER WE CAN NEVER DO NICE THINGS TOGETHER ANY MORE
697,AND ANY HOW THERE'S NOTHING TOO UNDERSTAND
698,THAT WON'T LAST IT WILL GO AWAY AND THINGS WILL BE JUST AS THEY USED TO
699,I PRAY FOR YOU BUT THAT'S NOT THE SAME AS IF YOU PRAY YOURSELF
700,I CAN'T PRAY TO HAVE NOTHINGS I WANT HE SAID SLOWLY AND I WON'T PRAY NOT TO HAVE THEM NOT IF I'M DAMPED FOR IT
701,THEN ALL OUR GOOD TIMES ARE OVER
702,SATURDAY ARGUS FIFTEENTH THE SEA AND BROKE IN ALL ROUND NO LAND IN SIGHT
703,THE HORIZON SEEMS EXTRAINEDLY DISTANT
704,ALL MY DANGER AND SUFFERINGS WERE NEEDED TO STRUCK A SPARK OF HUMAN FEELING OUT OF YOU BUT NOW THAT I AM WELL IS NATURE HAS RESUMED ITS SWAY
705,YOU SEEM ANXIOUS MY UNCLE I SAID SEEING HIM CONTINUALLY WITH HIS GLASS TO HIS EYE ANGIS
706,ONE MIGHT BE WOULD LESS REASON THE NOW
707,I AM NOT COMPLAINING IT THE RATE IS SLOW BUT THAT THE SEAT IS SO WIDE
708,WE ARE REASING TIME AND THE FACT IS I HAVE NOT COME ALL THIS WAY TO TAKE A LITTLE SAIL UPON A POND ON A RAFT
709,BECALLED THE SEA POND AND OUR LONG VAGE TICKING A LITTLE SAIL
710,THEREFORE DON'T TALK TO ME ABOUT VIEWS AND PROSPECTS
711,I TAKE THIS IS MY ANSWER AND I LEAVE THE PROFESSOR TO BUY HIS LIPS WITH IMPATIENCE
712,SUNDAY ARGUS SIXTEENTH
713,NOTHING KNEW WHETHER UNCHANGED THE WIND FRESH ANDS
714,BUT THERE SEEMED NO REASON AFFEAR
715,THE SHOUD OF THE RAFT WAS CLEARLY OUTLINE UPON THE SURFACE OF THE WAVES
716,TRULY THE SEA IS OF INFINITE WITH
717,IT MUST BE IS WIDE IS THE MEDITERRANEAN OR THEY LANNIE AND ONE NIGHT
718,THESE THOUGHTS AGITATED ME ALL DAY IN MY IMAGINATION SCARCELY CALM DOWN AFTER SEVERAL HOUR SLEEP
719,I SHUDDER AS I RECALL THESE MONSTERS TO MY REMEMBRATES
720,I SAW AT THE HAMBERED ME SAINT THE SKILLETANT OF ONE OF THESE CREATURES THIRTY FEET IN LEAK
721,I SUPPOSE PROFESSOR LEADENBROCK WAS OF MY OPINION TOO AND EVEN SHOWED MY FEARS FOR AFTER HAVING EXAMINED THE PICK IS EYES TRAVERSED THE OCEAN FROM SAW DECIDE
722,TWO DAY AUGUST EIGHTEENTH
723,TURING HIS WATCH I SLIPPED
724,TWO HOURS AFTERWARDS A TERRIBLE SHOCK AWOKE ME
725,THE RAFT WAS HEAVED UP ON A WATERY MOUNTAIN AND PITCHED DOWN AGAIN AT A DISTANCE OF TWENTY FATHOMS
726,THERE IS A WHILE A WELL ACRIED THE PROFESSOR
727,FIGHT WAS OUT OF THE QUESTION NOW THE REPT HALLS ROSE THEY WILLED AROUND OUR LITTLE RAFT WITH A RAPIDITY GREATER THAN THAT OF EXPRESSED FOR NATES
728,TWO MOSTERS ONLY RECREATING ALL THIS COMMOTION AND BEFORE MY EYES ARE TOO REPT HOUSE OF THE PREMITIVE WORLD
729,I CAN DISTINGUISH THE EYE OF IC THE ASSORUS GLOWING LIKE A RED HOT COAL AND HIS LARGE AS A MAN'S HEAD
730,ITS JAW IS ENORMOUS AND ACCORDING NATURALIST IT IS ARM WITH NO LESS THAN ONE HUNDRED AND EIGHTY TWO TEETH
731,THOSE HUGE CREATURES ATTACKED EACH OTHER WITH A GREATEST ANIMOSITY
732,SUDDENLY THE IC THE ASSORICE AND THE PLEASIES SOURCE DISAPPEARABLE EDDYING IN THE WATER
733,AS FOR THE IF THESE SOURCE HAS HE RETURNED WHOSE SUBMERING CABBER
734,THE ROYNGS BECOME LOST IN THE DISTANCE
735,THE WEATHER IF WE MAY USE THE TERM WILL CHAIN BEFORE LONG
736,THE ATMOSPHERIS CHARGED WITH VAPORS PREVAITED WITH THE ELECTRICITY GENERATED BY THE OF APPRECIAN OF SAILING WATERS
737,THE ELECTRIC LIGHT CONSCARCELY PENETRATE TO THE DANCE CURTAIN WHICH IS DROPPED OVER THE THEATRE ON WHICH THE BATTLE OF THE ELEMENTS IS ABOUT TO BE WAGED
738,THE AIR IS HEAVY THE SEA IS CALM
739,FROM TIME TIME A FLEECY TUFT OF MISS WITH YET SOME GLEAMING LIGHT LEFT UPON IT DROPS DOWN UPON THE DENSE FOUR OF GRAY AND LOSES ITSELF IN THE OAPHAKE AND A PENETRABLE MASS
740,THE ATMOSPHERE AS EVIDENTLY CHARGED AND SIR CHARS WITH LATCHECITY
741,THE WIND NEVER LAWLES BUT TO ACQUIRE INCREASE STRENGTH THE VAST BANK OF HEAVY CLOUDS IS A HUGE RESOVE ARE A FEARFUL MINDY GUSTS AND RUSHING STORMS
742,THERE'S A HEAVY STORM COMING ON I CRIED POINTING TOWARDS THE HORIZON
743,THOSE CLOUDS SEEM AS IF THEY WERE GOING TO CRUSH THE SEA
744,ON THE MAST ALREADY I SEE THE LIGHT PLAY OF ALAMENT SEEN ILL'S FIRE THE OUTSTRATES SAIL CATCHES NOT A BREATH OF WIND AND HANGS LIKE SHEET OF A LAD
745,BUT IF WE HAVE NOW CEASE TO ADVANCE WHY DO WE YET LEAVE THAT SAIL LOOSE WHICH AT THE FIRST SHOCK OF A TEMPEST MAY CAPSIZE US IN A MOMENT
746,THAT WILL BE THE SAFE IS NO NO NEVER
747,THE POWED OF VAPOURS CONTENTS IN A WATER AND THE AIR PUT INDIVILENT ACTION TO SUPPLY THE VACCOM LEFT BY THE CONNENSATION OF THE MIST ROUSES ITSELF INTO A WHIRLWIND
748,HAWN STIRS NIDE
749,FROM THE UNDERSURFACE OF THE CLOUDS THEY ARE CONTINUAL MISSIONS OF LURIDLIGHT ELECTRIC MATTER IS INCONTINUAL EVOLUTION FROM THEIR COMPONENT MOLICHILLS THE GASHES ELEMENTS OF THE AIR THEY TO BE SLATED WITH MOISTER FOR INNUMABLE COLUMNS OF WATER RUSH UPWARDS INTO THE AIR AND FALL BACK AGAIN IN WHITE FOAM
750,I REFERRED OF THE THE MOMENTER IT IN A CATES THE FIGURE IS A BLITTERATED
751,IS THE ATMOSPHERE CONDITION HAVING ONCE REACHED THIS STENSITY TO BECOME FINAL
752,THE RAFT BEARS ON STILL TO THE SOUTH EAST
753,AT NOON DEVILENCE OF THE STORM REDOUBLES
754,EACH OF US IS LASH TO SOME PART OF THE RAFT
755,THE WAVES RISE ABOVE OUR HEADS
756,THAT SEEMED TO BE WE ARE LOST BUT I AM NOT SURE
757,HE NODS HIS CONSENT
758,THE FAR ALL HALF OF IT WHY HALF A ZER BLUE AND THE SIZE A TEN INCH SHEW MOVED SOLEY ABOUT THE RAFT BUT REVOLVING ON ITS OWN ACCESS WITH A STONISHING PHILOSITY AS IF WHIP ROUND BY THE FORCE OF THE WHIRLWIND
759,HERE IT COMES THERE IT GLIDS NOW IT IS UP THE RAGGED STUMP OF THE MAST THAT'S AT LIGHTLY LEAPS ON THE PROVISION BACK DESCENDS WITH A LIGHT BOUND AND JUST SKIMS THE POWDER MAGAZE HEAD HORRIBLE
760,WE SHALL BE BLOWN UP BUT NO THE DAZZLING DISK OF MYSTERIOUS LIGHT NIMBLING LEAPS THE SIDE IT APPROACHES HARNS WHO FIXES HIS BLUE EYE UPON IT SEADILY IT THREATENED AS THE HEAD OF MY UNCLE WHO FALLS UPON HIS KNEES WHEN HIS HEAD DOWN TO AVOID IT
761,A SUFFOCUTING SMELL OF NAUTIGE AT FILLS THE AIR IT ENTERS THE THROAT IT FILLS THE LONGS
762,WE SUFFER STYFLING PAINS
763,AND HOW ODD THE DIRECTIONS WILL LOOK
764,POOR ALICE
765,IT WAS THE WHITE RABBIT RETURNEY SPLENDID LEDRESS THE PAIR WHITE KID GLOVES IN ONE HAND AND A LARGE FAN IN THE OTHER HE CAME TRAWDING ALONG AND A GREAT HURRY MUTTERING TO HIMSELF AS HE CAME OH THE DUTCHEST THE DUTCHES
766,OH WHAT SHE BE SAVAGE IF I'VE KEPT HER WAITING
767,ALICE TO CUP THE FAN AND GLOVES AND AS THE HALL WAS VERY HOT SHE KEPT FANNING HERSELF ALL THE TIME SHE WENT ON TALKY DEAR HOW QUEER EVERYTHING IS TO DAY
768,AND YESTERDAY THINKS WENT ON JUST IS USUAL
769,I WONDERFUL I'VE BEEN SHANGED IN THE NIGHT
770,I ALMOST THAKE I CAN REMEMBER FEELING A LITTLE DIFFERENT
771,I'LL TRY IF I KNOW ALL THE THINGS I USED TO KNOW
772,I SHALL NEVER GET TO TWENTY AT THAT RIGHT
773,HOW CHEERFULLY HE SEEMS TO GRIEND HOW NEATLY SPREAD HIS CAUSE AND WELCOME LITTLE FISHES IN WITH GENTLY SMILING JAWS
774,NO I'D MIT IT MY MIND ABOUT IT IF I MABEL ALL STAY DOWN HERE
775,IT WILL BE NO USE THEIR PUTTING THEIR HEADS DOWN AND SAYING CLUM UP AGAIN TEAR
776,I'M SO VERY TIRED BEING ALL AMONE HERE
777,AND I DECLARE IT'S TOO BAD THAT IT IS
778,I WISH I HADN'T CRIED SO MUCH SAID ALICE AS SHE SWIM ABOUT TRYING TO FOND HER WAY OUT
779,I SHALL BE PUNISHED FOR AT NOW I SUPPOSED BY BEING DROWN IN MY OWN TEARS
780,THAT WILL BE A QUEER THING TO BE SURE
781,I AM VERY TIRED OF SWIMMING ABOUT HERE OH MOUSE
782,CRIED ALICE AGAIN FOR THIS TIME THE MOUSE WAS BRISTLING ALL OVER AND SHE FELT CERTAIN IT MUST BE REALLY OFFEND IT
783,WE WON'T TALK ABOUT HER ANY MORE IF YOU'D RATHER NINE WE INDEED
784,WE WANT YOU TO HELP US PUBLISH SOME LEADING WORK OF LUTHERS FOR THE GENERAL AMERICAN MARKET WILL YOU DO IT
785,THE CONDITION IS THAT I WILL BE PERMITTED TO MAKE LUTHER TALK AMERICAN STREAM LINE HIM SO TO SPEAK BECAUSE YOU WILL NEVER GET PEOPLE WHETHER IN AROUND SIDE THE LUTHERANT CHURCH ACTUALLY TO READ LUTHER AND MUST WE MAKE HIM TALK AS HE WOULD TALK TO DAY TO AMERICANS
786,LET US BEGIN WITH THAT HIS COMMONS HARRY ANGELATIONS
787,THE UNDERTAKING WHICH SEEMED SO ATTRACTIVE INVIEWED AS A LITERARY TASK PROVED THE MOST DIFFICULT ONE AND IT TIMES BECAME A PRECIVE
788,IT WAS WRITTEN AND LATTEN
789,THE WORK HAD THE BECONDENCED
790,A WORD SHOULD NOW BE SET ABOUT THE ORIGIN OF LUTHERS COMMONTER MANGLATIONS
791,MUCH LATER WHEN A FRIEND OF HIS WAS PREPARING AN ADDITION OF ALL HIS LATIN WORKS HE REMARKED TO HIS HOME CIRCLE IF I HAD MY WAY ABOUT IT THEY WOULD REPUBLISH ONLY THOSE OF MY BOOKS WHICH HAVE DOCTRINE MY GOLATIONS FOR INSTANCE
792,IN OTHER WORDS THESE THREE MAN TOOK DOWN THE LECTURES WHICH LUE THORID REST WISTONS IN THE COURSE OF GOLATIONS AND WERE PREPARED THE MANUSCRIPT FOR THE PRINTER
793,IT PRESENTS LIKE NO OTHER OF LUTHER'S WRITINGS THE CENTRAL THOUGHT OF CHRUCIANITY THE JUSTIFICATION OF THE CENTER FOR THE SAKE OF CHRIST MERITS ALONE
794,BUT THE ESSENCE OF LUTISLES LEXURES IS THERE
795,THE LORD WAS GIVEN AS POWER TO TEACH AND TO HEAR LET HIM ALSO GIVE US THE POWER TO SERVE AND TO DO LUKE TOO
796,THE WORD OF OUR GOD SHALL STAND FOR EVER
797,IN EVERY WAY THEY SOUGHT UNDER MIND THE AUTHORITY OF SAINT PAUL
798,THEY SAID TO THE GLATIONS YOU HAVE NO RIGHT TO THINK HIGHLY OF PALL
799,HE WAS THE LAST ATTURNED THE CHRIST
800,PALK HIM LAIDER IN HIS BENEATH US
801,INDEED HE PERSECUTED THE CHURCH OF PRICE FOR A LONG TIME
802,DO YOU SUPPOSE THAT GOD FOR THE SAKE OF A FEW LUTHRON HERITICS WOULD DISOWN HIS ENTIRE CHURCH
803,AGAINST THESE BOASTING FALSE A POSSELS HALL BOLDLY DEFENSE HIS OPPOSTOLIC AUTHORITY A MINISTRY
804,AS THE EMBASSADOR OF A GOVERNMENT IS HONORED FOR HIS OFFICE AND NOT FOR HIS PRIVATE PERSON SO THE MINISTER OF CRIES SHOULD EXALT HIS OFFICE IN ORDER TO GAIN A THORITY AMONG MEN
805,PALTAKES PRIDE IN HIS MINISTRY NOT TO HIS OWN VERIES BUT TO THE PRAISE OF GOD
806,PALL IN A PASSEL NOT OF MEN IT CITERA
807,EITHER HE CALLS MINISTERS THROUGH THE EDENCY OF MEN OR ECALLS THEM DIRECTLY AS HE CALLED THE PROPHETS IN A POSSES
808,ALL THE CLARES THAT THE FALSE OF POSSILS WERE CALLED HER SENT NEITHER BY MAN NOR BY MAN
809,THE MOST THEY COULD CLAIM AS THAT THEY WERE SEMPLY OTHERS
810,HE MENTIONS THEY POSSELS FIRST BECAUSE THEY WERE APPOINTED TO RECT THE BY GOD
811,THE CALL WAS NOT TO BE TAKEN LIGHTLY
812,FOR A PERSON TO POSSESS KNOWLEDGE IS NOT ENOUGH
813,IT SPOILS ONE'S BEST WORK
814,WHEN I WAS A YOUNG MAN I THOUGHT PAUL WAS MAKING TOO MUCH OF HIS CALL
815,I DID NOT THEN REALIZE THE IMPORTANCE OF THE MINISTRY
816,I KNEW NOTHING OF DEDOCTRINE A FAITH BECAUSE WE RETAUGHT SO FASTRINES SET A CERTAINTY AND THOUGH BUT A UNDERSTOOD SPIRITUAL BOASTING
817,THIS IS NO SENFUL PRIDE IT IS HOLY PRIDE
818,AND GOD THE FATHER WHO RAISED HIM FROM THE DEAD
819,THE CAUSING SUPERVALLESS ON FIRST SIGHT
820,THESE PREVERTES OF THE WRITCHNESS OF CHRIST RESIST THE FATHER AND THE SUN AND THE WORKS OF THEM BOTH
821,IN THIS WHOLE PISSAL PAL TREATS OF THE RESURRECTION OF PRICE
822,BY HIS RESURRECTION CRICE ONE THE VICTORY OVERLAW SIN FLESH WORLD DEVIL DEATH HELL AND EVERY EVIL
823,FIRST TOO
824,AND ALL THE BREATHROOM WHICH ARE WITH ME
825,THIS YOU GO FAR AND SHUTTING THE MOUSE OF THE FALSE OF POSSELS
826,ALTHOUGH THE BREATHER WITH MERE NOT A POSSILS LIKE MYSELF YET THERE ALL OF ONE MIND WITH ME THINK RIGHT AND TEACHES I DO
827,THEY'D YOU NOT GO WHERE THE ENEMIES OF THE GOSPEL PREDOMINATE THEY GO WERE THE CHRISTIANS ARE
828,WARDED THEN OUT ENVADE THE CATHOLIC PROVINCES AND PREACHED THEIR DOCTRINE TO GODLESS PRINCES BISHIPS AND DOCTORS AS WE HAVE THEM BY THE HELP OF GOD
829,WE LOOKED FOR THAT REWARD WHICH I HAVE NOT SEEN NOR EAR HEARD NEITHER HAVE ENTERED INTO THE HEART OF MAN
830,NOT ALL THE GLATIONS HAD BECOME PREVERTED
831,THESE MEANS CANNOT BE CONTEMNAN
832,THEY REMAINED DIVINE REGARDLESS OF MEN'S OPINION
833,REVER THE MEANS OF GRACER FOUND THERE IS THE WHOLE A CHURCH EVEN THOUGH ANTIGRAST REANS THERE
834,SO MUCH FOR THE TITLE OF THE APPECIAL NOW FALLOWS THE GREEDING OF THE APOSTON VERSE THREE
835,GRACE BE TO YOU AND PEACE FROM GOD THE FATHER AND FROM OUR LORD JESUS CHRIST
836,THE TERMS OF GRACE AND PEACE ARE COMMON TERMS WITH PALL AND ARE NOW PRETTY WELL UNDERSTOOD
837,THE GREETING OF THE APACILES REFRESHING
838,GRACE AND VOLVES THE REMISSION OF SENDS PEACE AND A HAPPY CONSCIENCE
839,THE WORLD RANS THIS A PERMICIOUS DOCRINE
840,EXPERIENCE PROOFNESS
841,HOWEVER THE GRACE AND PIECE OF GOD WILL
842,MEN SHOULD NOT SPECULATE ABOUT THE NATURE OF GONE
843,WAS AT NOT ENOUGH TO SAY FROM GOD THE FATHER
844,TO DO SO IS TO LOSE GOD ALTOGETHER BECAUSE GOD BECOMES INTOLERABLE WHEN WE SEEK TO MEASURE INTO COMPREHEND THE IMPHINET MAJESTY
845,HE CAME DOWN TO EARTH LIVED AMONG MEN SUFFERED WAS CRUCIFIED AND THEN HE DIED STANDING CLEARLY BEFORE US SO THAT OUR HEARTS AND EYES MAY FASTEN UPON HIM
846,EMBRACE HIM AND FORGET ABOUT THE NATURE OF GOD
847,DID NOT CRICE HIMSELF SAY I AM THE WAY AND THE TRUTH IN THE LIFE NO MAN COME AT UNTO THE FATHER BOUT BY ME
848,WHEN YOU ARE YOU ABOUT THE NATURE OF GOD A PART FROM THE QUESTION OF JESTIFICATION YOU MAY BE AS PROFOUND AS YOU LIKE
849,WE ARE TO HEAR CHRIST TO HAS BEEN APPOINTED BY THE FATHER AS ARE DIVINE TEACHER
850,AT THE SAME TIME PALCON FIRMS ARE CREED THAT CHRIST IS VERY GOD
851,THAT CHRIST IS VERY GOD IS APPARENT IN THAT POLES GRIBES TO HIM DIVINE POWERS EQUALLY WITH THE FATHER AS FOR INSTANCE THE POWER TO THE SPENSE GRACE AND PIECE
852,TO MASTOW PEACING GRACE LIES IN THE PROVINCE OF GOD WHO ALONG CONCREATE THESE BLESSINGS THE ANGELS CANNOD
853,OTHERWISE PAUSHOUT OF WRITTEN GRACE FROM GOD THE FATHER AND PIECE FROM OUR WORD JESUS CHRIST
854,THE ARRIENCE TOOK CRICE FOR A NOBLE AND PERFECT CREATURES SUPERIOR EVEN TO THE ANGELS BECAUSE BY HIM GOD CREATED HEAVEN IN EARTH
855,MOHAMMED ALSO SPEAKS HIGHLY OF CHRIST
856,POSTICS TO HIS THEME
857,HE NEVER LOSE HIS SIDE OF THE PURPOSE OF HIS APPISTOL
858,NOT GOLDER SILVER OR PASSIAL LAMBS WORE IN ANGEL BUT HIMSELF WHAT FOUR
859,NOT FOR CROWN WERE A KINGDOM WERE A GOODNESS BEFORE SINS
860,UNDERSCORE THESE WORDS FOR THEY ARE FALL OF COMFORT FOR SORE CONSCIENCES
861,HOW MAY WE OBTAIN REMISSION OF OUR SINS
862,POLIANCERS THE MAN WHO IS NAMED JESUS CHRIST AND THE SUN OF GOD GAVE HIMSELF FOR OUR SINCE
863,SINCE CHRIST WAS GIVEN FOR OUR SINS ITS STANDS TO REASON THAT THEY COULD NOT BE PUT AWAY BY OUR OWN EFFORTS
864,THIS SENTENCE ALSO TO FINDS ARE SINS AS GREAT SO GREAT SO GREAT IN FACT THAT THE WHOLE WORLD COULD NOT MAKE A MEN'S FOR A SINGLE SIN
865,THE GREATNESS OF THE RANSOM PRICE THE SON OF GOD INDICATES THIS
866,THE VICIOUS CHARACTER OF SCENE IS BROUGHT OUT BY THE WORDS WHO GAVE HIMSELF FOR OUR SINS
867,BOW WE ARE CARELESS WE MAKE LIGHT OF SIN
868,WE THINK THAT BY SOME LITTLE WORK REMARRED WE CAN THIS MISS IN
869,THIS PASSAGE THEN THERE'S OUT THE FACT THAT ALL MANNER SOLD UNDER SON
870,THIS ATTITUDE SPRINGS FROM A FALSE CONCEPTION OF SIN THE CONCEPTION THAT SIN IS A SMALL MATTER EASILY TAKEN CARE OF BY GOOD WORKS THAT WE MUST PRESENT OURSELVES IN TO GO WITH A GOOD CONSCIENCE THAT WE MUST FEEL NO SIN BEFORE MAY FEEL THE CHRIST WAS GIVEN FOR OUR SINS
871,THIS ATTITUDE IS UNIVERSAL AND PARTICULARLY DEVELOPED IN THOSE WHO CONSIDERED THEMSELVES BETTER OF THAN OTHERS
872,BUT THE REAL SIGNIFICANCE IN COMFORT OF THE WORDS FOR OUR SINS IS LOST UPON THEM
873,ON THE OTHER HAND WE ARE NOT TO REGARD THEM IS SO TERRIBLE THAT WE MUST DESPAIR
874,HE PASSES ABRUPTLY FROM PERSONS TO IDEAS AND NUMBERS AND FROM IDEAS AND NUMBERS DEPERSONS FROM THE HEAVENS TO MEN FROM A STRONETY TO PHYSIOLOGY HE CONFUSES A RATHER DOES NOT THE SINGUISH SUBJECT AND OBJECT FIRST AND FINAL HAUSES AND HIS DREAMING OF CUILMATRICAL FIGURES LOSTS OF SENSE
875,THE INFLUENCE WHICH DID TO ME US HAS EXERCISED UPON PISTERITY IS DUE PARKLY TO A MISENDERSTANDING
876,IN THE SUPPOSED DEPTHS OF THE STYLE OF THE NEW PLATNESSES FOUND HIDDEN MEANINGS AND CONNECTIONS WITH THE JEWISH AND PRISCIONS SKIPTURES AND OUT OF THEM THEY ILLICITED DOCTRINES QUIET AT VARIOUS WITH THE SPHERID OF PLATO
877,THEY WERE ABSORBED IN HIS THEOLOGY AND WERE UNDER THE MINION OF HIS NAME WHILE THAT WHICH WAS TRULY GREAT IN DRULY CORRECTUROUS TO GENEROUS TO GENEROUS AND CONNECT OBSTRACTIONS WAS NOT UNDERSTOOD BY THEM AT ALL
878,THERE IS NO DANGER OF THE MODERN COME TACTORS UNDER TOMEAS FALLING UNTO THE ABSURDITIES OF THE NEW PLATNESS
879,IN THE PRESENT DAY WE ARE WELL AWARE BUT AN ENCIENT PHILOSOPHER IS TO BEING TREPERTED FROM HIMSELF AND BY THE CONTEMPORARY HIS TREE OF THOUGHT
880,THE FANCIES OF THE NEW PLATTENESTS ARE ONLY INTERESTING TO US BECAUSE THEY EXHIBIT OF FAZE OF THE HUMAN MIND WHICH REVEILED WIDELY IN THE FIRST CENTURIES OF THE CRISTIAN ERIT AND IS NOT WHOLLY EXTINCT IN OUR OWN DAY
881,BUT THEY HAVE NOTHING TO DO WITH THE INTERMITATION OF PUTO AND INSPIRIT THEY ARE OPPOSED TO HIM
882,WE DO NOT KNOW HOW PLATER WOULD HAVE ARRANGED HIS OWN DIALOGUES OR WHETHER THE THOUGHT OF A RANGING ANY OF HIM BESIDES TO TRILLOGIES WHICH HE HAS EXPRESSLY CONNECTED WAS EVER PRESENT TO HIS MIND
883,THE DIALOVED IS FRIMARILY CONCERNED WITH ANY MALCREATION INCLUDING UNDER THIS TERM THE HEAVILY BODIES AND WITH MAN ONLY AS ONE AMONG THE ANIMALS
884,WHAT HE HAS NOT AS YET THE FINE THIS UNTIMEDIATE TERRITORY WHICH LIES SOMEWHERE BETWEEN MEDICINE AND METHOMATICS AND HE WOULD HAVE FELT THAT THERE WAS AS GREAT AND IMPIENTY IN WRINKING FURIES OF VIRST IN THE ORDER OF KNOWLEDGE AS IN PLACING THE BODY BEFORE THE SOUL
885,WITH HERACLATIS HE ACKNOWLEDGES THE PERPATUAL FLOOKS LIKE AN EXAGGEROUS HE IS SERVED THE PREDOMINANCE OF MINE ALTHOUGH ADMITTING AN ELEMENT OF MOSSESSITY WHICH REASON IS INCAPABLE OF SUBDUING WIFE THE PICTIGAREEAS HE SUPPOSES THE MYSTERY OF THE WORLD TO BE CONTAINED NUMBER
886,MANY IF NOT ALL THE ELEMENTS OF THE PRESO CREDIC PHILOSOPHY ARE INCLUDED INDITAMIUS
887,IT IS PROBABLE THAT THE RELATION OF THE IDEAS TO GOD OR OF GOD TO THE WORLD WAS DIFFERENTLY CONCEIVED BY HIM A DIFFERENT TIMES OF HIS LIFE
888,THE IDEAS ALSO REMAIN BUT THEY HAVE BECOME TYPES IN NATURE FORMS OF MEN ANIMALS SPIRITS FISHES
889,THE STYLE AND PWEN OF THE TONIES THIFFER GREATLY FROM THAT OF ANY OTHER OF THE PLATINIC DIOLOOKS
890,BUT PLAYDO HAS NOT THE SAME MASTERY OVER HIS INSTRUMENT WHICH HE EXHIBITS IN THE FEDURES WERE SIMPOSIA
891,NOTHING CAN EXCEED BEAUTY WERE ART OF INTRODUCTION IN WHICH HIS USING WORDS AFTER HIS ACCUSTOMED MANNER
892,BUT IN THE REST OF THE WORK THE POWER OF LANGUAGE SEEMS THE FAIL HIM AND THE DRAMATIC FORM IS HOLY GIVEN UP
893,HE COULD RIGHT IN ONE STYLE BUT NOT IN ANOTHER THE GREEN LANGUAGE HAD NOT AS YET BEEN FASHIONED BY ANY POET OR PHILOSOPHER TO DESCRIBE PHYSICAL PHENOMENA
894,AND HENCE WE FIND THE SAME FORT OF CLUMSINESS IN THE TOMEYORS OF PLATO WHICH CHARACTERIZES THE PHILOSOPHICAL POOR OF THE CRECIOUS
895,THERE IS A ONE OF FLOW AND OFTEN A DEFECT OF RHYTHM THE MEANING IS SOMETIMES OF SPURE AND THERE IS A GREATER USE OF APPOSITION IN MORE OF REPETITION THAN OCCURS AND PLAITOES EARLIER WRITINGS
896,PLATO HAD NOT THE COMMAND OF HIS MATERIALS WHICH WOULD HAVE ENABLED HIM TO PRODUCE A PARFIC WORK VARD
897,SOCRITIES BEGINS TO ME AS WITH A SUMMERY OF THE REPUBLIC
898,AND THOUGH HE DESIRES TO SEA THE IDEAL STATE SET IN MOTION IT WOULD LIFE TO KNOW HOW SHE BEHAVED IN SOME GREAT STRUGGLE
899,AND THEREFORE TO YOU I TURN TO ME AS CITIZEN OF LOCRESS WHO ARE AT ONCE A PHILOSOPHER IN A STATESMAN AND TO YOU CRITIUS WHOM ALL AUTHENIANS KNOW TO BE SIMILARLY ACCOMPLISHED INTO HER MOCRITIES WAS ALSO FITTED BY NATURE AND EDUCATION TO SHEER IN OUR DISCOURSE
900,I WILL IF TO ME AS A PROVE
901,LISTEN THAN AND SOCRETIES TO A TALE OF SOLENCE WHO BEING THE FRIEND OF DROBUTUS MY GREAT GRENT FATHER TOLD IT TO MY GRENT FATHER CRITIUS AND HE TOLD ME
902,SOME POLMS OF SOLEMN WERE RECITED BY THE BOYS
903,AND WHAT WAS THE SUBJECT OF THE POER SAID THE PERSON WHO MADE THE REMARK
904,THE SUBJECT WAS A VERY NOBLE ONE IT DESCRIBED THE MOST FAMOUS ECTION IN WHICH THE OTHENIAN PEOPLE WERE EVER ENGAGED
905,WITH THE MEMORY OF THEIR EXPLOITS HAD PASSED A WEE OWING TO THE LAUGHS OF TIME AND THE EXTINCTION OF THE ACTORS
906,TALACE SAID THE OTHER THE WHOLE STORY AND WHERE SOLEMN HEARD THE STORY
907,BUT AN EACH OPED THE TRADITIONS OF HER OWN AND OTHER LANDS ARE BY OWES REGISTRATE FOR EVER IN OUR TEMPLES
908,THE GENIALIGIES WHICH HAVE RECITED TO BUS OUT OF YOUR OWN ANNOLD SOLEMN I REMEARED CHILDREN STORY
909,FOR IN THE TIMES BEFORE THE GREAT FLOOD AFTERNS WAS THE GREAT FLOOD AFTERNOONS WAS THE GREAT IS AND DEAD THE NOBLEST DEEDS AND HAD THE BEST CONSTITUTION OF ANY UNDER THE FACE OF HEAVEN
910,SOLEMN MARVELLED AND DESIRED TO BE FORMED OF THE PARTICULARS
911,NINE THOUSAND YEARS HAVE YOU LAST SINCE SHE FOUNDED YOURS AND EIGHT THOUSAND SINCE SHE FOUND IT OURS AS OUR ENEMBS REQUARTE
912,MANY LAWS EXIST A MALL THIS WHICH ARE THE COUNTRAPART OF YOURS AS THEY WERE IN THE OLD AND TIME
913,I WILL BRIEFLY DESCRIBE HIM TO YOU IN IT SHALL READ THE ACCOUNT OF THEM AT SHALL LEISURE IN THE SACRED RAGISTERS
914,OBSERVE AGAIN WHAT CHEER TO LOCHUK IN THE PURSUIT OF WISTON SEARCHING OUT THE DEEP THINGS OF THE WORLD IN A PLYING THEM TO THESE OF MEN
915,THE MOST FAME AS OF THEM ALL WAS THE OVERTHROW OF THE ISLAND OF A TWENTEST
916,FOR AT THE PERIL OF HER OWN EXISTENCE AND WHEN THE UTTER HALLINGS HAD DESERTED HER SHE REPALLED IN VATOR AND OFF HER OWN A CORD GAVE LIBERTEECH ALL THE NATIONS WITHIN DEPELLARS
917,THIS IS THE EXPLANATION OF THE SHALLOWS WHICH ARE FOUND IN THAT PART OF THE APPLAINTIC OCEAN
918,BUT I WOULD NOT SPEAK AT THE TIME BECAUSE I WANTED TO REFRESH MY MEMORY
919,THEN THOU LET ME EXCLAIMED TO YOU THE ORDER OF OUR INTERTAINMENT FIRST TO ME AS WHOSE IN NATURAL PHILOSOPHER WILL SPEAK OF THE ORIGIN OF THE CREATION OF MEN AND THEN I SHALL RECEIVE THE MEN WHOM HE HAS CREATED AND SOME OF HOME THE EJICTION RECORDS SPOKE
920,BUT ARRADIATE POINT IN A MICHIVALUTION FAR AND DATING THE IMAGINES OF THE LADY SPECIALISED CONSEMPTION OF GOODS AS AN EVIDENCE OF PECUNIARY STRENGTH HAD BEGUN TO WORK OUT IN A MORAL A SLEBERATE SYSTEM
921,THE ATTILATIVE CONCEMPTION AS AN EVIDENCE OF WEALTH IS TO BE CAUSED AS A DERIVATIVE GROWTH
922,SUCH CONCEMPTION AS FALL THROUGH THE WOMEN IS MELIONS SIDENTAL TO THEIR WORK IT IS A MEANS TO THEIR CONTINUED LABOUR AND NOT A CONSEMPTION ARRECTED TO THE ROWN COMFORT AND FULLNESS OF LIFE
923,WITH A FEARTHER ADVANCE AND CALCURE THIS TO BUME A CHANGE INTO SIMPLE CUSTOM OF A MORALIS REGROUS CHARACTER BUT WOULD HAVE A BEAT THE THERATICAL BASIS OF THE DISTINCTION WHICH IS MAINTAINED WHETHER IT BEAT A BEW OR ALARGE OF CONVENTIONAL SCHOOM OF CONSEMPTION DO NOT CHANGE EASILY
924,IN THE NATURE OF THINGS LEDURES AND THE COMFITS OF LIFE BELONGED TO THE LEGIC CLASS
925,UNDER THE TOBO SAID IN VICTIALS AND MOPETIC CLEARLY CERTAIN BEVERAGES ARE STRICTLY RESERVED FOR THE USE OF THE SUPERIOR CLASS
926,DRUNKENESS AND THE OTHER PETHILOGICAL CONSEQUENCES OF THE FREE USE OF STEAMILANCE THEREFORETEND IN THEIR TURNED TO BECOME HONORYFIC AS BEING EMARK AT THE SECOND REMOVE OF THE SUPERIOUS STATES OF THOSE WHO ARABLE TO FORD THE INDULCHENCE
927,IT HAS EVEN HAPPENED THAT THE NAME FACERTON DISEASE CONDITIONS OF THE BUDDY ARISING FROM SUCH AN ARGIN HAS PASSED INTO EVERY DAY SPEECH AS A SYNAM FOR NOBLE OR GENTLE
928,THE CONCEMPTION OF LEDURIES IN THE TRUE CENTS HIS ACCONCEMPTION DIRECTED TO THE CONFID OF THE CONSUMER HIMSELF AND IS THEREFORE AMARK OF THE MOSTER
929,WITH MANICOLIFICATIONS WITH MORE QUALIFICATIONS AS THE PATRIARCHAL TRADITION AS GREATUAL WEAKENED THE GENERAL ROOM IS FELL TO BE RIGHT AND BINDING THAT WOMEN SHOULD CONCEAM ONLY FOR THE BENEFIT OF THEIR MASTERS
930,THE OBJECTION OF CAUSE PRESENTS ITSELF THAT EXPENDITURE ON WOMEN STRESS AND HOUSEL PARE FOR NAILIA IS AN OBVIOUS ACCEPTION TO THIS RUE BUT IT WILL APPEAR IN THE SEQUEPT THAT THIS EXCEPTION IS MUCH MORE OBVIOUS AND SUCCENTIAL
931,THE CUSTOM OF FESTIVE GOTHERINGS PROBABLY ORIGINATED IN MOTIVES OF CONVEYALITY AND RELIGION THESE MOUNTIVES OR ALL SURPRESENT IN THE LATED EVELOPMENT BUT THEY DO NOT CONTINUE TO BE THE SOLE MOTIVES
932,THERE IS A MORALIS A LUBBERATE SYSTEM OF RANKING GRATES
933,THIS DEFRENCIATIONIS FAIRTH AT BY THE INHERITANCE OF WEALTH AND THE CONSEQUENT IN HERITANCE OF TENTILITY
934,MANY OF THESE A FILLATED GENTLEMEN OF LISURE ART THE SAME TIME LESSOME AND OF SUBSTANCE IN THE ROWN RIGHT SO THAT SOME OF THEM A SCARCELY TO BE RATED AS MY CAREOUS CONCENUOUS
935,SEVEN OF THEM HOWEVER AS MAKE UP THE RETAINER AND HANGERSON OF THE PATRON MAY BE CAUSED AS MY CARRIOUS CONSUMENT WITHOUT QUALIFICATION
936,MANY OF THESE AGAIN AND ALSO MANY OF THE OTHER ROSTROCRACY OF LISTIGREE HAVING TURNED ATTACHED TO THE PERSONS A MORALISTS COMPREHENSIVE GROUP OF MY CARES CONSUMA IN THE PERSONS OF THEIR WIFE CENT CHILDREN THEIR SERVANTS RETAINERS AT CETRA
937,THE WEARING OF UNIFORMS A LIVERIES IMPLIES A CONSIDERABLE DEGREE OF DEPENDENCE AND MAVE IN BESAID TO BE MARK OF SEVETUDE REAL ARIST ENSIBLE
938,THE WARERS OF UNIFORMS A LIVERIES MAY BE RUFFLED DIVIDED INTO TWO CLASSES THE FREE AND THE SEVEN OR THE NOBLE AND THE IGNOBLE
939,BUT THE GERNAL DISTINCTION IS NOT A NATICOUNT TO BE OVERLOOKED
940,SO THOSE OFFICES WHICH ARE BY RIGHT THE PREPARIMPOINT OF THE LEISURE CLASS A NOBLE SUCH AS GOVERNMENT FIGHTING HUNTING THE CARE OF ARMS AND A QUATREMENTS AND THE LIKE IN SHORT THOSE WHICH MAY BE CLASSED US AUSTENSIBLY PREDITORY EMPLOYMENTS
941,ONEVER AS IN THESE CASES THE MENIAL SEVES IN QUESTION HAS TO DEDIRECTLY WITH A PRIME RELESURE IMPOINTS OF FIGHTING IN HUNTING IT EASILY ACQUIES A REFLECTED ON A REFIC CHARACTER
942,THE LIVERY BECOMES ABNUPTIOUS TO NEALLY OLD WHO ARE REQUIRE TO WEAR IT
943,AND A GENERAL WAY THOUGH NOT TOLY NOR CONSISTENTLY THESE TWO GROUPS KINDSIDE
944,THE DEPENDENT WHO WAS FIRST DELEGATED FOR THESE DUTIES WAS THE WIFE OR THE CHIEF WIFE AND AS WOULD BE EXPECTED IN THE LATED EVELPENT OF THE INSITUTION WHEN THE NUMBER OF PERSONS BY WHOM THESE DUTYSARCHES MARILY PERFORMED GREDULAR NARROWS THE WIFE REMAINS THE LAST
945,BUT AS WE DESCEND VISOCIAL SCALED THE POINT IS PRESENTLY REACHED WHERE THE DUTIES OF ICARIS LEISURE AND CONSUMPTION DEVOLVE UPON THE WIFE ALONE
946,IN THE COMMUNITIES OF THE WESTON COULDURE THIS POINT IS OF PRESENT FOUND AMONG THE LOW IMIDDLE CLOSS
947,IF BEAUTY ACHIEVED AND IT IS A MORALIST FORTUE TO CIRCUMSTANCY FAIR THEY MUST BILCHIEVED BY MEANS AND MYTHODS THAT COME IN THEMSELVES TO THE GREAT ECHANOMICAL OF VOICE AT EFFIT
948,THE MAN OF THE HOUSEHOLD ALSO COUNDUCE SOMETHING OF THIS THEIR EXTEND INDEED HE COMMONLY DOES BUT WITH A STILL LOWER DESCENT INTO THE LEVELS OF INDIGENCE ALONG THE MARGIN OF THE SLIMPS THE MAN AND PRESENTLY ALSO THE CHILDREN VIRTUALLY SEIZED TO CONCEUME VALLEY BULGOODS FOR APPEARANCES AND THE WOMAN REMAINS VIRTUELY THE SOUL EXPONENT OF A HOUSEHOLDS PECUNARY DECENCY
949,VERY RICH OF SQUALLER AND DISCOMFIT WILL BE ENTURED BEFORE THE LAST TRINKET ARE THE LAST RETENSE OF PECUNARY DECENCIES PITAWAY
950,THERE IS NO CLOSEN NO COUNTRY THAT AS YIELDED SO OBDECTLY BEFORE THE PRESSURE OF PHYSICAL WANT AS TO DENY THEMSELVES ALL GRETIFICATION OF THIS HIGHER ARSPIRATULANET
951,THE QUESTIONIS WHICH OF THE TWO METHODS WILL MOST SUFFECTIVELY REACHED THE PARSONS WHOSE CONVICTIONS IT IS DECIRED TO AFFECT
952,EACH WILL THERE FOR SERVE ABOUT EQUALLY WELL DOING THE EARNEYER STAGES OF SOCIAL GROWTH
953,THE MUDDAN ARGANIZATION OF INDUSTRY WORKS IN THE SAME DIRECTION ALSO BY ANOTHER LINE
954,IT IS EVIDENT THEREFORE THAT THE PRESENT TREND OF THE DEVELOPMENT IS IN THE DARKISH OF HEIGHTENING THE ATTILITIVE CONSUMPTION AS COMPARED WITH LEASURE
955,IT IS ALSO NOTICEABLE THAT THE SOBSIBILITIVE CONSEMPTION AS A MEANS OF REPUTE AS WELL AS THE INSISTENCE ON IT AS AN ELEMENT OF DECENCY IS AT EXPESS IN THOSE POTIONS OF THE COMMUNITY WITH HUMAN CONTECT OF THE INDIVIDUALIES WIDEST AND THE MOBILITY OF THE PUPULATIONS GREATEST
956,CONSEMPTION BECOMES A LODGE AT ELEMENT IN THE SANDARD OF LIVING IN THE COUNTRY
957,AMONG THE COUNTRY PEPALATION ITS PLACES TO SOME EXTENT TAKEN BY SAVINGS AND HOME COMFOOTS KNOWN THROUGH THE MEDIUM OF NEIGHBOUR GULSIP SUFFICIENTLY TO SAVE THE LIKE GENERAL PAPAS OF PECUNARY REPUTE
958,THERE RESULT IS A GREAT MABILITY OF THE NEIGHBORIAM POINTING PAPS SQUADRO THAN IN ANY OTHER EQUALLY WELL DEFINE AND CONSIDERABLE BODY OF WORKMEN
959,UNDER THE SEMPLE TESTILE AFFECTIVENESS FOR ADVERTISING WE SHOULD EXPECT OF FINE LEASURE AND THE CONSPICUOUS CONSEMPTION OF GOODS DIVIDING THE FIELD OF PECUNIARY EMULATION PRETTY EVENLY BETWEEN THEM AT THE OUTSET
960,BUT THE ACTUAL COURSE OF DEVELOPMENT HAS BEEN SOMEWHAT DIFFERENT FROM THIS IDEAL SCHEME LEISURE HELD THE FUST PLAYS AT THE STOT AND CAME TALL THE RANK VERIMATABOVE WASTEFUL CONCEPTION OF GOODS BOTH AS A DARECT EXPONENT OF WEALTH AND AS AN ELEMENT IN THE STANDARD OF DECENCY DURING THE COURSE I PIECEFUL COUNTURE
961,ALL THE CIRCUMSTANCE PEMITING THAT INSTINCT DISPOSES MEN TO LOOK WITH FAVOUR UPON PRODUCTIVE OFFICIENCY AND A MOTEVER IS OF HUMAN USE
962,ERECT TALK IS MAY NOT HAVE CONCILIATION BETWEEN THE TWO CONFLICTING WERE QUIETLY RESORT TO MAKE BELIEVE MEN IN INTROCATE POLITE OBSERVANCES OF A CEREMONIAN NATURE ARE GEVELOPED MANY REGANIZATION SUFFOUNDED WITH SOME SPECIOUS OBJECT OF IMMULIARATION EMBODED IN THEIR OFFICIAL STYLUNG TITLE THERE IS MUCH COMING AND GOING AND A DEAL OF TALK TOKE TOKE TO THE END THERE OFFFICIAL TAL TALK IS OF TAS OF TAS TALLLKENOKE TALK TALKE TALKE TOKE T TOKE TOF T TOF T TAS T OF TALKES TALLLAS OKE T TOKES OD TOKE OF TALKER TOKES T
963,THE SAIL AND FEATURES OF THIS DEVELOPMENT OF DOMYSTIC SERVICE HAVALRADE BEEN INDIGATED
964,THROUGHOUT THE ENTIRE EVOLUTION OF CONSPICATURE WHETHER OF GOOD SURVEICES OR HUMAN LIFE RUNS THE OBVIOUS IMPLICATION THAT INALDED TO AFFECTUALLY MEN THE CONCEUME IS GOOD FAME IT MUST BE AN EXPENDITURE OF SUPERFLUTIES
965,AS USE IN THE SPEECH OF EVER DAY LIFE THE WOOD CARRISON UNDETONE OF DEPRECATION
966,THE USE OF THE WOOD WASTE DOES A TECHNICAL TERM THEREFORE IMPRISE NO DEPRECATION OF THE MOTIVES ARE OF THE ENTS SOLT BY THE CONSPICUOUS WASTE
967,BUT IT IS ANOTHER GROUNDS WORTH NOTING THAT THE TIME WASTE IN THE LANGUAGE OF EVERY DAY LIFE IMPLIES DEPRECATION OF WHAT DISCHARACTERIZED A SWASTEFUL
968,IN STRICT ACCURACY NOTHING SHOULD BE INCLUDED UNDER THE HEAD OF CONSPICUOUS WASTE BUT SUCH EXPENSATURE AS AS INCARED IN THE GROUND OF AN INVITIOUS PECUNARY COMPARISON
969,AND OUGHT TO THE MAY BE USEFUL AND WASTEFUL BOTH AND ITS SITILITED TO CONCERN REMAIN UP OF VIEWS AND WASTE IN THE MOST VARING PROPORTIONS
970,AND OFTEN HAS MY MOTHER SAID WHILE ON HER LAP BY LAID MY HEAD SHE FEARED FOR TIME I WAS NOT MADE BUT FOR ETERNITY
971,WHERE WE TO BE DENIED EACH OTHER SOCIETY
972,WHY ARE WE TO BE DIVIDED
973,TURELY IT MUST BE BECAUSE WE'RE IN DANGER OF LOVING ET OTHER TOO WELL OF LOSING SAID OF THE CREATURE
974,WE USE TO DISPUTE ABOUT POETICSAN RELIGION
975,SHE ATTORIAN CLERGYMAN'S DAUGHTER WAS ALWAYS IN A MY NORITY OF ONE IN OUR HOUSE A VIOLENT DESCENT IN RATICALISM
976,HER FEEBLE HOW GAVE HER HER YIELDING MANNER FOR SHE COULD NEVER OPPOSE ANY ONE WITHOUT GATHERING UP ALL HER STRENGTH FOR THE STRUGGLE
977,HE SPOKE FRENCH PERFECTLY I HAVE BEEN TOLD WHEN NEED WAS BUT DELIGHTED USUALLY AND TALKING THE BROUGHT AST YORKSHIRE
978,AND SO LIFE AND DEATH HAVE DISPERSED THE CIRCLE OF VIOLENT RADICALS AND DESCENTERS INTO WHICH TWENTY YEARS AGO THE LITTLE QUIET RESOLUTE CLERGYMAN'S DAUGHTER WAS RECEIVED AND BY WHOM SHE WAS TRULY LOVED AN HONORED
979,GENUARY AND FEBRUARY OF EIGHTEEN THIRTY SEVEN HAD PASSED AWAY AND STILL THERE IS NO REPLY FROM SOUTHI
980,I AM NOT DEPRECIATING IT WHEN I SAY THAT IN THESE TIMES IT IS NOT RARE
981,BUT IT IS NOT WITH A VIEW TO DISTINCTION THAT YOU SHOULD CALL TIVATE THIS TALENT IF YOU CAN SO YOUR OWN HAPPINESS
982,YOU WILL SAY THAT A WOMAN HAS NO NEED OF SUCH A CAUTION THERE CAN BE NO PERIL IN IT FOR HER
983,THE MORE SHE IS ENGAGED IN HER PROPER DUTIES THE LESS LEISURE WILL SHE HALF FOR IT EVEN AS AN ACCOMPLISHMENT AND A RECORATION
984,TO THOSE DUTIES YOU HAVE NOW YET BEEN CALLED AND WHEN YOU ARE YOU WILL BE LESS EAGER FOR SOLEBODY
985,BUT DO NOT SUPPOSE THAT I DISPARAGE THE GIFT WHICH YOU POSSESS NOR THAT I WOULD DISCOURAGE YOU FROM EXERCISING IT I ONLY EXORT YOU SO TO THINK OF IT AND SO TO USE IT AS TO RENDER IT CONDUCE OF TO YOUR OMPERMANENT GOOD
986,SARE WELL MADAME
987,THOUGH I MAY BE BUT AN ANGRACIOUS ADVISER YOU WILL ALLOW ME THEREFORE TO SUSCRIBE MYSELF WITH THE BEST WISHES FROM HAPPINESS HERE AND HEREAFTER YOUR TREFRIEND ROBERT SOLIE
988,SIR MARGE SIXTEENTH
989,I HAVE NOT VENTURED TO HOPE FOR SUCH REPLY SO CONSIDERATE IN ITS TONE SO NOBLE IN ITS SPIRIT
990,I KNOW THE FIRST LET I WROTE TO YOU IS ALL SENSELESS TRASH FROM BEGINNING DEND BUT I AM NOT ALTOGETHER THE IDLE DREAMING BEING IT WOULD SEEM TO DO NOTE
991,I THOUGHT IT THEREFORE MY DUTY WHEN I LEFT SCHOOL TO BECOME A GOVERNESS
992,IN THE EVENINGS I CONFESS I DO THINK BUT I NEVER TROUBLE ANY WILL ELSE WITH MY THOUGHTS
993,I CAREFULLY AVOID ANY APPEARANCE OF PROCUPATION AND EXCEND TRICITY WHICH MIGHT LEAD THOSE I LIVE AMONGST TO SUSPECT THE NATURE OF MY PURSUITS
994,I DON'T ALWAYS SUCCEED FOR SOMETIMES WHEN I'M TEACHING OUR SLOWING I WOULD RATHER BE REALING ARRIVING BUT I TRIED TO DENY MYSELF AND MY FATHER'S APPROBATION AMPLY REWARDED ME FOR THE PROVATION
995,I'LL GANET YOU DESINCIDE AND I SUPPOSE WILL BE RENEWED NO MORE IF I LIVE TO BE AN OLD WOMAN I SHALL REMEMBER AT THIRD YEARS HENCE AS A BRIGHT DREAM
996,PIES PRACER EXCUSE ME FOR WRITING TO SECOND TIME I CANNOT HELP WRITING PARLIED TO TAY HOW THANKFUL I AM FOR YOUR KINDNESS AND PARLIAMENTS AND PARLIAMENTS LET YOU KNOW THAT YOUR ADVISE SHALL NOT BE WASTED HOW OF RESORVELY IN RELUCTANTLY IT MAY BE AT FIRST FOLLOWED SEE BE
997,I CANNOT DENY MYSELF THE GRATIFICATION OF INCERTING SO THESE REPLIED
998,KESWICK MARCH TWENTY SECOND EIGHTEEN THIRTY SEVEN DEAR MADAME
999,YOU LETTER HAS GIVEN ME GREAT PLEASURE AND I SHOULD NOT FORGIVE MYSELF IF I HAD DID NOT TELL YOU SO
1000,OF THE SECOND LETTER ALSO SHE SPOKE AND TOLD ME THAT IT CONTAINED AN INVITATION FOR HER TO GO AND SEE THE POET IF EVER SHE VISITED THE LAKES
1001,ON AUGUST TWENTY SEVENTH EIGHTEEN THIRTY SEVEN SHE WRITES
1002,COME COME I'M GETTING REALLY TIRED OF HER ABSENCE
1003,SATURDAY AFTER SATURDAY COMES AROUND AND I CAN HAVE NO HOPE OF HEARING YOUR KNOCK OF THE DOOR AND THEN BEING TOLD THAT MISSY IS COME ODEAR
1004,IN THIS MONOTONOUS LIFE OF MIND THAT WAS A PLEASANT DEVENT
1005,I WAS IT WERE RECUR AGAIN BUT IT WILL TAKE TWO OR THREE INTERVIES BEFORE THE STIFFNESS THE INSTRANGEMENT OF THIS LONG SEPARATION WILL WARE AWAY
1006,MY EYES FILL TEARS WHEN I CONTRAST THE BLISS OF SUCH A STATE BRIGHTENED BY HOPES OF THE FUTURE WITH THE MELANCHOLY STAYED ON ALL LIVE IN UNCERTAIN THAT I EVER FELT TRUE CONTRASTION WONDERING IN THOUGHT INDEED LONGING FOR HOLINESS WHICH I SHALL NEVER NEVER UPTAIN SHORT BY THE VERY SHADOWS A SPIRITUAL DEATH
1007,IF CHRISTIAN PERFECTION BE NECESSARY TO SELVATION I SHALL NEVER BE SAVED MY HEART IS A VERY HOT BED FOR SINFUL THOUGHTS AND WHEN I DECIDE ON AN ACTION I SCARCELY REMEMBER TO LOOK TO MY REDEAMER FOR A DIRECTION
1008,AND MEANTIME AND OTHER GREATNESS OF JEHOVA I ACKNOWLEDGED THE PERFECTION OF HIS WORD I ADORE THE PURITY OF THE CHRISTIAN FAITH MY THEORY IS RIGHT MY PRACTICE HORRIBLY WRONG
1009,THE GRISMAS HOLIDIES CAME AND SHE AND ANNE RETURNED TO THE PARSONAGE AND TO THAT HAPPY HOME CIRCLE IN WHICH ALONE THEIR NATURES EXPANDED AMONGST ALL OTHER PEOPLE THEY SHRIVELED UP MORE LESS
1010,INDEED THERE WERE ONLY ONE OR TWO STRANGERS WHO COULD BE ADMITTED AMONG THE SISTERS WITHOUT PRETTICING THE SAME RESULT
1011,SHE WAS GONE OUT INTO THE VILLAGE ON SOME ARRAND WIND AS SHE WAS DESCENDING THE STEEP STREET HER FOOTSLIPPED ON ICE AND SHE FELL HE WAS DARK AND KNOWN SAW HER MISCHANCE TILL AFTER A TIME HER GROANS ATTRACTED THE ATTENTION OF A PASSER BY
1012,INFORTUNATELY THE FRACTURE COULD NOT BE SET TILL SIX O'CLOCK THE NEXT MORNING AS NO SURGEON WAS TO BE HAD BEFORE THAT TIME AND SHE NOW LIES AT HER HOUSE IN A VERY DOUBTFUL AND DANGEROUS STATE
1013,HOWEVER REMEMBERING WHAT YOU TOLD ME NAMELY THAT YOU HAD COMMENDED THE MATTER TO HIGHER DECISION THAN ARS AND THAT YOU WERE RESOLVED A SYMIT WITH RESOLVES A SIMIT WITH RESOLVES A SILENT AND MAY BE ALSO AND TO BE SILENT AND MAY BE ALSO AND TO BE SILENT AND MAY BE ALL FOR THE BEST
1014,AFTER THIS DISAPPOINT I NEVER DARE RECKON WITH CERTAINTY ON THE ENJOYMENT OF A PLEASURE AGAIN IT SEEMS AS IF SOME FITALITY STOOD BETWEEN YOU IN ME
1015,I AM NOT GOOD AND AFFORD YOU AND YOU MUST BE KEPT FROM THE CONTAMINATION OF TOO INTIMATE SOCIETY
1016,A GOOD NEIGHBOUR OF THE BROADTAYS A CLEVER IN TELLS IN EYORK SURE WOMAN WHO KEEPS A DRUGGISH SHOP AND HALL WORTH CONFROMER OCCUPATION HER EXPERIENCE AND EXCELLENCE ENSE HOLDS THE POSITION OF VILLAGE DOCTRIOUS IN NURSE AND AS SUCH HAS BEEN A FRIEND IN MANY A TIME OF TRIAL AND SICKNESS AND DEATH IN THE HOUSEHOLD'S ROUND TOLD ME A CHARACTEROUS A LEG
1017,TABBY HAD LIVED WITH THEM FOR TEN OR TWELVE YEARS AND WAS AS SHARL IT EXPRESSED IT ONE OF THE FAMILY
1018,HERE FUSED AT FIRST TO LISTEN TO THE CAREFUL ADVICE IT WAS REPUBLINENT TO HIS LIBERAL NATURE
1019,THIS DECISION WAS COMMUNICATED TO THE GIRLS
1020,TABBY HAD TENDED THEM IN THEIR CHILDHOOD THEY AND NONE OTHER SHOULD TEND HER IN HER INFIRMITY INAGE
1021,AT TEA TIME THEY WERE SAD AND SILENT AND THE MEAL WINTOWAY AND TOUCHED BY ANY OF THE THREE
1022,SHE HAD ANOTHER WAIT ON HER MIND THIS CHRISTMAS
1023,BUT ANNE HAD BEGUN TO SELVE HER JUST BEFORE THE HAUGHTIES AND SHARLET WATCHED OVER HER YOUNGER SISTERS WITH A JEALOUS VIGILANCE OF SOME WILD CREATURE THAT CHANGES HER VERY NATURE IF DANGER THREATENS HER YOUNG
1024,STUMB BY ANXIETY FOR THIS LITTLE SISTER SHE UPRAIDED MISS DUBY YOU FOR HER FANCIED INDIFFERENCE TO ANSWEAT OF HEALTH
1025,STILL HER HEART HAD RECEIVED A SHOCK IN THE PERCEPTION OF ANNE'S DELICACY AND NAW THESE HOLIDAY SHE WATCHED OVER HER WITH A LONGING FAWN EXIETY WHICH A SO FALL OF SAID IN PANGS AFFEAR
1026,I DOUBT WHETHER BROWN WELL WAS MAINTAINING HIMSELF AT THIS TIME
1027,TO CELEBRATE THE ARRIVAL OF HER SON SYLVIA GAVE A SPLENDID SUPPER TO WHICH SHE HAD INVITED ALL HER RELATIVES AND IT WAS A GOOD OPPORTUNITY FOR ME TO MAKE THEIR ACQUAINTANCE
1028,WITHOUT SAYING IT POSITIVELY SHE MADE ME UNDERSTAND THAT BEING HERSELF AND A LUSTRIOUS MEMBER OF THE REPUBLIC OF LETTERS SHE WAS WELL AWARE THAT SHE WAS SPEAKING TO AN INSECT
1029,IN ORDER TO PLEASE HER I SPOKE TO HER OF THE ABBEY CAUNTY AND I HAD OCCASION TO QUOTE TOO LINES OF THAT PROFOUND WRITER
1030,MADAME CORRECTED ME WITH A PATRONIZING AIR FOR MY PRONONCIATION OF THE WORD SCOVERA WHICH MEANS DIVIDED SAYING THAT IT OUGHT TO BE PRONOUNCED SCURA AND SHE ADDED THAT I OUGHT TO BE VERY GLAD TO HAVE LEARNED SO MUCH ON THE FIRST DAY OF MY ARRIVAL IN PARIS TELLING ME THAT IT WOULD BE IN IMPORTANT DAY IN MY LIFE
1031,HER FACE WAS AN ANNAGMA FOR IT INSPIRED EVERY ONE WITH THE WARMEST SYMPATHY AND YET IF YOU EXAMITED ATTENTIVELY THERE WAS NOT ONE BEAUTIFUL FEATURE SHE COULD NOT BE CALLED HANDSOME BUT NO ONE COULD HAVE THOUGHT HER UGLY
1032,PYLVIA WAS THE ADVERATION OF FRANCE AND HER TALENT WAS THE REAL SUPPORT OF ALL THE COMMODIES WHICH THE GREATEST AUTHOR'S ROAD FOR HER ESPECIALLY OF THE PLAYS OF MARIVO FOR WITHOUT HER HIS COMMODIES WOULD NEVER HAVE GONE TO PROSTERITY
1033,SYLVIA DID NOT THINK THAT HER GOOD CONDUCT WAS AMERIT FOR SHE KNEW THAT SHE WAS VIRTUOUS ONLY BECAUSE HERSELF LOVE COMPELLED HER TO BE SO AND SHE NEVER EXHIBITED ANY PRIDE OR ASSUMED ANY SUPERIARDY TOWARDS HER THEATRICAL SISTERS ALTHOUGH SATISFIED TO SHINE BY THEIR VIRTUE
1034,TWO YEARS BEFORE HER DEATH I SAW HER PERFORM THE CHARACTER OF MARY ANNE IN THE COMMODY OF MARIANNE IN SPITE OF HER AGE AND THE CLINING HEALTH THE ILLUSION WAS COMPLETE
1035,SHE WAS HONORABLY BURIED IN THE CHURCH OF SAINTS OF VERY WITHOUT THE SLIGHTEST OPPOSITION FROM THE VENERABLE BRIEST WHO FAR FROM SHARING THE ANTI CHRISTIAN ENTOLERANCY OF THE CLERGY AND GENERAL SAID THAT HER PROFESSION AS AN ACTRESS HAD NOT HINDERED HER FROM BEING OF GOOD CHRISTIAN AND THAT THE EARTH WAS A COMMON MOTHER OF ALL HUMAN BEING BEINGS AS AS JESUS CHRIST HAD HAD BEEEEN BEEND THE THE THE THEASSAVIE SAVIEREALLLLLAVIERE ONORE OF ONOE OR OUE OUR OF OF OF OF OF OF OF OF ALMALMALMALMALLL OF ALL H H H MA HE 
1036,YOU WILL FORGIVE ME DEAR MEATER IF I HAVE MADE YOU ATTEND THE FUNERAL SYLVIA TEN YEARS BEFORE HER DEATH BELIEVE ME I HAVE NO INTENTION OF PERFORMING AMERICAL YOU MAY CONSOL YOURSELF WITH THE IDEA THAT I SHALL SPARE YOU THAT UNPLEASANT TASK WHEN PORCYLVIA DIES
1037,I NEVER HAD ANY FAMILY
1038,I HAD A NAME MY BELIEVE IN MY YOUNG DAYS BUT I HAVE FORGOTTEN ITS INCE I HAVE BEEN IN SERVICE
1039,I SHALL CALL YOU A SPREAK
1040,YOU DO ME A GREAT ON EYE
1041,HERE GOING DID ME CHANGE FOR A LOUIS I HAVEN'T SAY
1042,ATJULOS EVIS SIR
1043,MADAME QUENCE AWE BESIDES CANANCER YOUR IN QUERIES
1044,A SEA A QUANTITY OF CHAIRS FOR HIGHER AT THE RATE OF ONE SOUL MEN READING THE NEWSPAPER UNDER THE SHADE OF THE TREES GIRLS AND MEN BREAKFASTING EITHER A LONE NOR AND COMPANY WAITERS WHO WERE RAPIDLY GOING UP AND DOWN AND NARROW STAIRCASE HIDDEN UNDER THE FOLIAGE
1045,I SIT DOWN AT A SMALL TABLE AWAITER COMES IMMEDIATELY TO INQUIRE MY WISHES
1046,I TOLD TO GIVE ME SOME CALFEE IF IT IS GOOD
1047,THEN TURNING TOWARDS ME HE SAYS THAT I LOOK LIKE A FOREIGNER AND WHEN I SAY THAT I AM AN ATTALION HE BEGINS TO SPEAK TO ME OF THE CORD THE CITY OF THE THEATRES AND AT LAST HE OFFERS TO ACCOMPANY ME EVERYWHERE
1048,I THINK HIM AND TAKE MY LEAVE
1049,I ADDRESS HIM IN A TALEON AND HE ANSWERS VERY WISHILY BUT HIS WAY OF SPEAKING MAKES ME SMILE AND I TELL HIM WHY
1050,MY REMARK PLEASES HIM BUT I SOON PROVED TO HIM THAT IT IS NOT THE RIGHT WAY TO SPEAK HOWEVER PERFECT ME HAVE BEEN THE LANGUAGE OF THAT ANCE OF TRIDER
1051,I SEE A CROWD IN ONE QUARNER OF THE GARDEN EVERYBODY STANDING STILL AND LOOKING UP
1052,IS THEIR NOT EMMARIDAN EVERYWHERE
1053,YES BUT THE MARIDIAN OF THE PALAI RIHALE IS THE MOST EXACT
1054,THAT IS TRUE BAD OATHBREE
1055,ALL THESE HONEST PERSONS ARE WAITING THEIR TURN TO GET THEIR SNUFF BOXES FILLED
1056,IT IS SOUL EVERYWHERE BUT FOR THE LAST THREE WEEKS NOBODY WILL USE ANY SNUFF BUT THAT SOLD AT THE SEFFECT CAT
1057,IS IT BETTER THAN ANYWHERE ELSE
1058,BUT HOW DID SHE MANAGED HER RENDER IT SO FASHIONABLE
1059,SIMPLY BY STOPPING HER CARRIAGE TWO OR THREE TIMES BEFORE THE SHOCK THE HAVE HERS NUFF BOX FILLED AND BY SAYING ALLOWED TO THE YOUNGER OF WHO HANDED BACK THE BOX THAT HERS NOUGH WAS THE VERY BEST IN PARIS
1060,YOU ARE NOW IN THE ONLY COUNTRY IN THE WORLD WHERE WIT CAN MAKE A FORTUNE BY SELLING EITHER A GENUINE OR OF FALSE ARTICLE IN THE FIRST CASE IT RECEIVES THE WELCO OF INTELLIGENT AND TALENTED PEOPLE AND IN THE SECOND FOOLS ARE ALWAYS READY TO REWARD IT FOR SILLINESS IS THE DAUGHTER OF WIT
1061,LET A MAN RUN AND EVERYBODY WILL RUN AFTER HIM THE CROWD WILL NOT STOP AND LESS THE MAN IS PROVED TO BE MAD BUT TO PROVE IT IS INDEED A DIFFICULT TASK BECAUSE WE HAVE A CROWD OF MEN WHO MAD FROM THEIR BIRTH OUR STILL CONSIDERED WISE
1062,IT SEEMS TO ME I REPLIED THAT SUCH A PROVAL SUCH RATIFICATION OF THE OPINION EXPRESSED BY THE KING THE PRINCES OF THE BLOOD AT CETERA IS RATHER A PROOF OF THE AFFECTION FELT FOR THEM BY THE NATION FOR THE FRENCH CARRY THAT AFFECTION TO SUCH AN EXTENT THAT THEY BELIEVE THEM IN FALLIBLE
1063,WHEN THE KING COMES TO PARIS EVERYBODY CAUSE OUT VEVIL ORAY
1064,SHE INTRODUCED ME TO ALL HER GUESTS AND GAVE ME SOME PARTICULARS RESPECTING EVERY ONE OF THEM
1065,WHAT SIR I SAID TO HIM AM I FORTUNE IT ENOUGH TO SEE YOU
1066,HE HIMSELF RESIDE AT THE SAME PASSAGE IN FRENCH AND POLITELY POINTED OUT THE PARTS IN WHICH HE THOUGHT THAT I HAD IMPROVED ON THE ORIGINAL
1067,FOR THE FIRST DAY SIR I THINK THAT WHAT YOU HAVE DONE GIVES GREAT HOPES OF YOU AND WITHOUT ANY DOUBT YOU WILL MAKE RAPID PROGRESS
1068,I BELIEVE IT SIR AND THAT IS WHAT I FEAR THEREFORE THE PRINCIPAL OBJECT OF MY VISIT HERE IS TO DEVOTE MYSELF ENTIRELY TO THE STUDY OF THE FRIEND LANGUAGE
1069,I AM A VERY UNPLEASANT PUPIL ALWAYS ASKING QUESTIONS CURIOUS TROUBLESOM IN SATIONAL AND EVEN SUPPOSING THAT I COULDN'T MEET WITH THE TEACHER I REQUIRE I AM AFRAID I AM NOT RICH ENOUGH TO PAY HIM
1070,I RESIDE IN THE MARRET GREW DID TOES PORT
1071,I WILL MAKE YOU TRANSLATE THEM INTO FRENCH IN YOU NEED NOT BE OF FRAID OF MY FINDING YOU IN SATIABLE
1072,HE HAD A GOOD APPETITE CATELLIC GOOD STORY WITHOUT LAUGHING WITH CELEBRATED FOR HIS WOULD HE REBERT HAS IN HIS SOCIABLE MANNERS BUT HE SPENT HIS LIFE AT HOME SELDOM GOING OUT AND SEEING HARDLY ANY ONE BECAUSE HE ALWAYS HAD A PIPE IN HIS MOUTH AND WAS SURROUNDED BY A LEAST TWENTIC CATS WITH WHICH HE WOULD AMUSE HIMSELF ALL DAY
1073,HIS HOUSEKEEPER HAD THE MANAGEMENT OF EVERYTHING SHE NEVER ALLOWED HIM TO BE INKNEED OF ANYTHING AND SHE GAVE NO ACCOUNT OF HIS MONEY WHICH SHE KEPT ALTOGETHER BECAUSE HE NEVER ASKED HER TO RENDER ANY ACCOUNTS
1074,ON THE SIXTH OF APRIL EIGHTEEN THIRTY THE CHURCH OF JESUS CHRIST OF LATTERED A SAINTS WAS FORMERLY ORGANIZED AND THUS TOOK ON A LEGAL EXISTENCE
1075,ITS ORIGIN WAS SMALL A GERM AND INSIGNIFICANCE EDE HARDLY TO BE THOUGHT OF AS LIGHTLY TO AROUSE OPPOSITION
1076,INSTEAD OF BUT SIX REGULARLY AFFILIATED MEMBERS AND AT MOST TWO SCORE OF AT HERANCE THE ORGANIZATION THUMBERS TO DAY MANY HUNDRED THOUSANDS SOULS
1077,IN PLACE HAVE A SINGLE HAMLET IN THE SMALLEST CORNER OF WHICH THE MEMBERS COULD HAVE CONGREGATED THEIR NOW ARE ABOUT SEVENTY STATES OF SION AND ABOUT SEVENTY STAKES OF SION AND ABOUT SEVEN HUNDRED ORGANIZED WORDS EACH WORDS AND PRESENTED ORGANIZATIONS
1078,THE PRACTICE OF GATHERING ITS PROCELITES INTO ONE PLACE PREVENTS THE BUILDING UP AND STRENGTHENING A FOREIGN BRANCHES AND IN HIS MUCH AS EXTENCES AND STRONG ORGANIZATIONS ARE SELDOM THAT WITH ABROAD VERY ARONIOUS IDEAS EXIST CONCERNING THE STRENGTH OF THE CHURCH
1079,NEVERTHELESS OF THE LESS OF THE MUSTERED SEAT AMONG THE SMALLEST OF ALL SEATS HESITATING THE PROPORTIONS OF A TREE AND THE BIRDS OF THE ACHORD IS NOW IN OAK OFFERING PROTECTIONS AND THIS WEETS OF SATISFACTION TO EVERY EARNEST PILGRIM JOURNEYING ITS WAY FIRTREUTH
1080,THEIR EYES WERE FROM THE FIRST TURNED IN ANTICIPATION TOWARD THE EVENING SUN NOT VERY THAT THE WORK OF PROCELITING SHOULD BE CARRIED ON IN THE WEST BUT THAT THE HEADQUARTERS OF THE CHURCH SHOULD BE THEIR ESTABLISHED
1081,THE BOOK A MORMAN HAD TAUGHT THE PEOPLE THE TRUE ORIGIN AND DESTINY OF THE AMERICAN INDIANS AND TOWARD THIS THIRK SKINNED REMNANT OF A ONCE MIGHTY PEOPLE THE MISSIONARIES OF MORMONISM EARLY TURNED THEIR EYES AND WITH THEIR HEARTS AND THEIR HEARTS AND THEIR HEARTS AND THEIR HEARTS
1082,IT IS NOTABLE THAT THE INDIAN TRIBES HAVE JERELY REGARDED THEIR VELIGION OF THE LATTER DAY SAINTS WITH FAVOR SEEING IN THE BOOK A MORMON STRIKING AGREEMENT WITH THEIR OWN PREDITIONS
1083,THE FIRST WELL ESTATLED FEAT OF THE CHURCH WAS IN THE PRETTY LITTLE TOWN OF CURTLING DOHILE ALMOST WITHIN SIGHT OF LAKE ERIE IN HERE SOON ROSE THE FIRST TEMPLE OF MODERN TIMES
1084,DO THE FERVENT LATTERED A SAINT ATTEMPLE IS NOT SIMPLY EIGHT CHURCH BUILDING A HOUSE FARILIDIOUS ASSEMBLY
1085,SOON THOUSANDS OF CONVERTS HAD RENTED OR PURCHASED HOMES A MISERY IN DEPENDENCE JACKS AND COUNTY BEING THEIR CENTER BUT FROM THE FIRST THEY WERE UNPOPULAR AMONG THE MISERIANS
1086,THE LUTENANT GOVERNOR LITTLE BURNED THE BEW BOGS AFTERWARD GOVERNOR WAS A PRODOUNCED MORMON HATOR AND THROUGHOUT THE PERIOD OF THE TROUBLES HE MANIFACED HIS SYMPATHY WITH THE PERSETEERS
1087,THEIR SUFFERINGS HAVE NEVER YET BEEN FITLY CONNICAL BY HUMAN SCRIBE
1088,MAKING THEIR WAY ACROSS THE RIVER MOST OF THE REFUGES FOUND SHELTER AMONG THE MORE HOSPITABLE PEOPLE OF CLAYCOWNY AND AFTER WERE DISTABLISHED THEMSELVES IN CALLED WELL COUNTY THEY RENT THOUNDING THE CITY OF FAR WEST
1089,A SMALL SETTLEMENT HAD BEEN FOUNDED BY MORMON FAMILIES ON SHAW CREEK AND HERE ON THE THIRTIETH OF OCTOVER EIGHTEEN THIRTY EIGHT ACCUMBEDY OF TWO HUNDRED AND FORTY FELL UPON THE HAPPLESS CETTLERS AND WITCHERED A SCORE
1090,BE IT SAID IN THE HONOUR OF SOME OF THE OFFICERS INTRUSTED WITH A TERRIBLE COMMISSION THAT WHEN THEY LEARNED ITS TRUE SIGNIFICANCE THEY RESIGN THERE ARE FORITY RATHER THAN HAVE ANYTHING TO DO WITH WHAT THEY DESIGNED IT A COLD BLOODED BUTCHERY
1091,OH WHAT A RECORD TO READ WHAT A PICTURE TO GAZE UPON HOW AWFUL THE FACT
1092,AMERICAN SCHOOLBOYS READ WITH EMOTIONS OF HORROR OF THE ALBAGENZES DRIVEN BEADEN AND KILLED WITH A PAPAL LEGATE DIRECTING THE BUTCHERY AND THEREFORE DWATH HUNTED AND HOW TO LIKE BEASTS AS THE EFFECT OF A RAILED A CREE AND THE YET SHALL READ IN THE HISTORY OF THEIR OWN COUNTRY OF SEENS AS TERRIBLE AS THESE IN THE EXHABITION OF INJUSTICE AND INJUMITATE
1093,WHO BEGAN THE QUARREL WAS AT THE MORMONS
1094,AS THE SAPLE OF THE PRESS COMMENTS AGAINST OF THE BRUTALITY OF THE MISERIANS I QUOTE A PARAGRAPH FROM THE QUENCY ARGUS MARCH SIXTEENTH EIGHTEEN THIRTY NINE
1095,IT WILL BE OBSERVED THAT IN ORGANIZED MOB AIDED BY MANY OF THE CIVIL AND MILITARY OFFICERS OF MISERY WITH GOVERNOR BOX AT THEIR HEAD HAVE BEEN THE PROMINENT ACTORS IN THIS BUSINESS INCIDED TO IT APPEARS AGAINST THEM WOMAN'S BY POLITICAL HATRED AND REVENGE
1096,THE ARMY FOUND THE PEOPLE AND POVERTY HAD LEFT HIM IN COMPARATIVE WEALTH
1097,BUT A WORD FURTHER CONCERNING THE EXPEDITION IN GENERAL
1098,IT WAS THROUGH FLOIDS ADVICE THE BECAME IN ORDER THE MILITARY EXPEDITION TO UTAR HOSTENSIBLY TO INSTALL CERTAIN FEDERAL OFFICIALS AND TO REPRESS AND ELEGED INFANT HOW REBELLION WHICH HAD FACT HAD NEVER COME INTO EXISTENCE BUT IN REALITY TO FURTHER THE INTRUDES OF THIS SOCIASTS
1099,MOREOVER HAD THE PEOPLE BEEN INCLINED TO REBELLION WHILE GETTER OPPORTUNITY COULD TO HAVE WISHED
1100,ALREADY IN NORTH AND HIS SOUTH WERE TALKED OF ONE NOT SET A BOSSOE WILL WEST
1101,THEY KNEW NORTH DO SOUTH DO EAST NO WEST THEY SAID POSITIVELY BY THE CONTITUTION AND WOULD HAVE NOTHING TO DO IN THE BLOODY STRIFE BETWEEN BROTHERS UNLESS INDEED THEY WERE SUMMONED BY THE AUTHORITY TWO WHICH THEY HAD ALREADY ONCE LORELY RESPONDED THE FURNISH MEN AND ARMS FOR THE CONTRIES NEED
1102,WHAT DELETTERED A SADES CAUSE OF LESTILE MARRIAGE IS CHARACTERISTIC OF THE CHURCH AND HIS INVARY GENERAL PRACTICE BUT OF SOLESTIAL MARRIAGE PARALITY OF WIVES WAS AN INCIDENT NEVER AN ESSENTIAL
1103,WE BELIEVE IN A LITERAL RESURRECTION AND AN ACTUAL HEREAFTER IN WHICH FEATURE STATES SHALL BE RECOGNIZED EVERY SANG DEFINE AUTHORIZE RELATIONSHIP EXISTING HERE UNEARTH OF PARENT AND CHILD BROTHER INSISTER HUSBAND AND WIFE
1104,IT HAS BEEN MY PRIVILEGE TO TREAD THE SOIL OF MANY LANDS TO OBSERVE THE CUSTOMS AND STUDY THE HABITS OF MORNATIONS THAT ONE AND I HAVE YET TO FIND THE PLACE AND MEET THE PEOPLE WHERE AND WITH WHOM THE PURITY OF MAN IN WOMAN IS HELD MORE PRECIOUS THAN AMONG THE MALIGNED MORMONTS IN THE MOUNTAIN VALLEYS OF THE WEST
1105,AT THE INCEPTION OF BERYL MARRIAGE AMONG THE LETTER DAY SINCE THERE WAS NO LAW NATIONAL OR STATE AGAINST ITS BRACTICE
1106,AND EIGHTEEN SIXTY TWO ALAW WAS A NIGHTLY WITH A PURPOSE OF SUPPRESSING POOR A MARRIAGE AND AS HAD BEEN PREDICTED IN THE NATIONAL SENATE PRAYER TO ITS PASSAGE IT LAY FOR MANY YEARS HAD DEAD LETTER
1107,FEDERAL JUDGES AND UNITED STATES ATTORNIES AND UTAH WHO WERE NOT WARMENTS NOR LOVERS OF WARMENTS NOR LOVERS OF WARMENISM REFUSED TO INTERTAIN COMPLAINTS OR PROSECUTIVE CASES UNDER THE LAW BECAUSE OF ITS MANIFEST CONGESTISH AND CONNATIQUACY
1108,THIS MENT THAT FOR AN ALLEGE MISTER MEANER FOR WHICH CONGRESS PRESCRIBED A MAXIMON PENALTY OF SIX MONTHS IMPRISONMENT AND A FINE OF THREE HUNDRED DOLLARS A MAN MIGHT BE IMPRISONED FOR LIFE I FOR MANY TERMS OF A MAN'S NATURAL LIFE TO THE COURTS POWER TO INFORCE IT SENTENCES EXTEND SO FAR AND MIGHT BE FIND MILLIONS OF DOLLARS
1109,BEFORE DISTRAVESTY ON THE ADMINISTRATION OF LAW COULD BE BROUGHT BEFORE THE COURT OF LAST RESORT AND THEIR MET WITH THE REVERSAL AND REBUKE A DESERVED MENWHERE IMPRISONED UNDER SENTENCE OF MANY YEARS DURATION
1110,THE PEOPLE CONTESCITIES MEASURES ONE BY ONE IN THE COURTS RESENTING IN CASE AFTER CASE THE DIFFERENT FAZES OF THE SUBJECT AND URGENT UNCONSITUTIONALITY OF THE MEASURE
1111,THAN THE CHURCH WAS DISINCORPERATED AND ITS PROPERTYABLE THREE AND PERSONAL COLOFISCATED AND ISSUETED TO THE GOVERNMENT OF THE UNITED STATES AND ALTHOUGH THAT PERSONAL PROPERTY WAS SOON RESTORED REALISTATE OF GREAT VALUE LONG LAY IN THE HANDS OF THE COURTS WERE CEIVER AND THE MORMON CHURCH HAD TO PAY THE NATIONAL GOVERNMENT HIGH RENTAL ON ITS CHOWN PROPERTY
1112,AND SO THE STORY OF MORMAN IS A RUN'S ON ITS FINALLY HAS NOT YET BEEN WRITTEN THE COLONEL PRESS PRESENTS CONTINUOUSLY NEWSTAYED IS OF ITS BROGRESS NEW DEVELOPMENTS OF ITS PLAN
1113,MAY HALL LIKE ALEXANDER BECAUSE HE WAS AN ENGINEWERE
1114,WE'VE HAD PRETENCELY DIED AS ABOUT EVERYTHMATH AND HIS IDEA ABOUT AMERICANS WAS THAT THEY SHOULD BE ENGINEERS ON OUR CHAX
1115,ITS TERMENTOUSLY WELL PUT ON TOO
1116,IT'S BEEN ONLY TWO WEEKS AND I'VE BEEN HAPPENED AS IN TIMES ALREADY
1117,DO YOU KNOW ELEXANDER MAIN HALL LOOKED WITH PERCLEXITY OPEN TO THE TOP OF THE HANDSOME AND ROAD HIS PAKE CHEEK WITH HIS GLOVED FINGER DO YOU KNOW I SOMETIMES THINK OF TAKING TO CRITICISM SERIOUSLY MYSELF
1118,SHE SAVED HER HAND TOO SHE SAT HER BEST IN THE SECOND DAP
1119,IS BEEN ONE OF DEMARRY HILDED IN STREETYERS AND MORE
1120,SHE DOESN'T TAKE UP WITH ANYBODY KNOW
1121,I REAMED REGOING ONE OF HER FAMILY TOLD ME AND COMPITENCE THAT THERE WAS A ROMET SOMEWHERE BACK INTO BEGINNING
1122,MADE HOLDOUCH FOR HER CONSTANCY WITH A LOCHINESS THAT MADE ALEXENDER SMILE EVEN WELL A KIND OF RAPID EXCITEMENT WAS CHINKLING THROUGH HIM
1123,HE IS ANOTHER WAS OFTENLY KING ABOUT HER LET ME INTRODUCE YOU
1124,SO HAVIRY TOWN MISTER PARTLY ELEXANDERED NAMERICAN ENGINEER
1125,I SAY SAID HARRY THE LITTLE GIRLS GOING FAMOUSLY TO NIGHT VISIT SHE
1126,YOU KNOW I'D THOUGHT THE DANCE OF BIT CONSCIOUS TO NIGHT BUT A FIRST TIME
1127,WHIST MERE EYE WERE BACK AFTER THE FIRST AFTER WE THOUGHT SHE SEEMED QUITE ON CERTAIN OF HERSELF
1128,A LITTLE ATTACK OF NERVES POSSIBLY
1129,IT WAS BEGINNING TO FEEL OF KEEN INTEREST IN THE SLENDER BEAR FOOT DOCKEE GIRL WHO SLIPPED THERE AND OUT OF THE PLAY SINGING LIKE SOME ONE WINDING THROUGH A HEROLY FIELD
1130,ONE KNIGHT WHEN HE AND WINTEFORT WERE SITTING TOGETHER ON THE GRIDGE HE TOLD IT AT THINGS HAD HAPPENED WILLIAM WAS STUDYING ABRIVE THAT HE WAS SORRY FOR ONE THING AND PARTICULAR AND HE ASKED HER WHETHER SHE THOUGHT SHE OUGHT TO KNOW ABOUT THEM
1131,SHE CONSIDERED FOR A MOMENT AMENDSAID NO IF IT NOT THE WAY AM GLAD YOU ASKED ME
1132,AFTER THAT IT WAS EASY TO FORGOT ACTUALING TO FORGOT
1133,OF COURSE HE REFLECTED SHE OWAYS HAD THAT COMBINATION OF SOMETHING HERMLY INSENSIBLE AND SOMETHING UTTERLY WILD AND DEAFT
1134,SHE MUST CARE ABOUT THE THEATRE A GREAT DO MORE THAN SHE USED TO
1135,I'M GLAD SHE SHELLED HER OWN SENSE
1136,AFTER ALL WE WERE AWFULLY YOUNG
1137,I SHOULDN'T WONDER IF SHE COULD LAUGH ABOUT IT WITH A NARROW
1138,HILLED IT WAS VERY NICE TO HIM AND HE SAT ON THE EDGE OF HIS CHAIR FLUSHED WITH HIS CONVERSATIONAL EFFORTS AND MOVING HIS CHIN ABOUT NERVOUSLY OVER HIS HIGH COLLAR
1139,THEY ASKED HIM TO COME TO SEE THEM AND CHILLSIE AND THEY SPOKE VERY TENDERLY OF HILDAH
1140,LAMB WOULDN'T CARE A GREAT DEAL ABOUT MANY OF THEM I FANCY
1141,WHEN BARTLY ARRIVED IT BUT FOR SQUARE ON SUNDAY EVENING READ THE PRETTY LITTLE FRENCH GIRL MET HIM AT THE DOOR AND CONDUCTED HIM UPSTAIRS
1142,I SHOULD NEVER HAVE ASKED YOU A FMOLLY HAD BEEN HERE FOR I REMEMBER YOU DON'T LIKE ENGLISH COOKERY
1143,I HAVEN'T HAD A CHANCE GET TO TELL YOU WOULD A JOLLY LITTLE PLACE I THINK THIS IS
1144,THEY ARE ALL SKITCHES MADE ABOUT THE VILLADEST DAY YOU SEE
1145,THOSE FELLOWS ARE ALL VERY LOYAL EVEN MAIN HALL
1146,I'VE MANAGED TO SAVE SOMETHING EVERY YEAR AND THAT WITH HELPING MY THREE SISTERS NOW AND THEN AND TIDING POOR COUSIN MY GOVER BAD SEASONS
1147,IT'S NOT PARTICULARLY RARE SHE SAID BUT SOME OF IT WAS MY MOTHERS
1148,THERE WAS WATER CREST SOUP AND SOUL AND A DELIGHTFUL AUMLET STUFFERED MUSHROOMS IN TROUGHLS AND TWO SMALL RARE DUCKLINGS AND ART A CHOPES AND A DRY YELLOW RONE WINE OF WHICH BARTLY HAD ALWAYS BEEN VERY FOND
1149,THERE IS NOTHING ELSE THAT LOOK SO JALLY
1150,THANK YOU BUT I DON'T LIKE IT SO WELL AS THIS
1151,HAVE YOU BEEN IMPARIS MUCH THESE LATE YEARS
1152,THERE ARE FEW CHANGES IN THE OLD QUARTER
1153,DON'T I THOUGH HIM SO SORRY TO HEAR IT HOW DID HER SON TURN OUT
1154,HER HAIR A STILL LIKE FLACKS AND HER BLUE EYES ARE JUST LIKE A BABIES AND SHE HAS THE SAME THREE FRECKLES ON HER LITTLE NOSE AND TALKS BUCKLING BACK TO HER BAND A MAN
1155,HOW JOLLY IT WAS BEING YOUNG HILDA
1156,DO YOU REMEMBER THAT FIRST WALK WE TOOK TOGETHER IN PARIS
1157,COME WELL HAVE OUR COFFIAN THE OTHER ROOM AND YOU CAN SMOKE
1158,I THINK WE DID SHE ANSWERED TO MERELY
1159,WHAT SHE WANTED FROM US WAS NEITHER ARE FLOWERS NOR OUR FRANCS BUT JUST ARE YOUTH
1160,THEY WILL BOTH A MEMBERING WHAT THE WOMAN HAD SAID WHEN SHE TOOK THE MONEY COULD GIVE YOU A HAPPY LOVE
1161,THE STRANGE WOMAN AND HER PASSION IT SENTENCE THAT RANG OUT SO SHARPLY HAD FRIGHTENED THEM BOTH
1162,BARTLY STARTED WHEN HELD A RANG A LITTLE BELL BESIDE HER DEAR ME WHY DID YOU DO THAT
1163,IT WAS VERY JOLLY HE MURMURED LAZILY AS WERE RECAME INTO TAKE AWAY THE COFFEE
1164,AV I TOLD YOU ABOUT MY NEW PLAY
1165,WHEN SHE FINISHED ALEXENDA SHOOK HIMSELF OUT OF A REVERY
1166,NONSENSE OF COURSE I CAN REALLY SING EXCEPT THE WAY MY MOTHER DID BEFORE ME
1167,IT'S REALLY TOO WARM IN THIS ROOM TO SAYING DON'T YOU FEEL IT
1168,ALEXENTER WENT OVER AN OPEN THE WINDOW FOR HER
1169,THERE JUST IN FRONT
1170,HE STOOD A LITTLE BEHIND HER AND TRIED TO STEADY HIMSELF AS HE SAID IT'S OFF IN MISTY SEE HOW WITH THE STARS ARE
1171,FOR A LONG TIME NEITHER HILLD A NORBARTLY SPOKE
1172,HE FELT A TREMOR RUN THROUGH THE SLENDER YELLOW FIGURE HAD FROUGHT OF HIM
1173,BARTLEY LEANED OVER HER SHOULDER WITHOUT TOUCHING HER AND WHISPERED IN HER EAR YOU ARE GIVING ME A CHANCE YES
1174,ALEXANDER CLUNCHED THE TWO HANDS AT HIS SIDES
1175,THE STOP AT QUEEN'S TOWN THE TEADIEST PASSAGE OF THE MERCY WERE THINGS THAT HE NOTED DIMLY THROUGH HIS GROWING IMPATIENCE
1176,SHE BLUSHED AND SMILED AND FOLLOWED HIS CARD IN HER CONFUSION BEFORE SHE RAN UP STAIRS
1177,ALIX INTERPACED UP AND DOWN THE HALLWAY BUTTENING AND UNBUTTONING HIS OVERCOAT UNTIL SHE RETURNED UNTOOK HIM UP TO HILL AS LIVING ROOM
1178,THE ROOM WAS EMPTY WHAT HE ENTERED
1179,ALEXENDER DID NOT SIT DOWN
1180,I FELT IT IN MY BONES WHEN I WOKE THIS SMORNING THAT SOMETHING SPLENDID WAS GOING TO TURN UP
1181,AT THOUGHT IT MIGHT BE SISTER CATOR COUSIN MIGHT WOULD BE HAPPENING ALONG
1182,SHE PUSHED HIM TOWARD THE BIG CHAIR BY THE FIRE AND SAT DOWN ON A STOOL AT THE OPPOSITE SIDE OF THE HEARTH HER KNEES DRAWN UP TO HER CHIN LAUGHING LIKE A HAPPY LITTLE GIRL
1183,WHEN DO YOU COME BARTLY AND HOW TO DIT HAPPEN YOU HAVEN'T SPOKEN A WORD
1184,I GOT IN ABOUT TEN MINUTES AGO
1185,ALEXANDERLEANED FORWARD AND WARMED HIS HANDS BEFORE THE BLAZE
1186,BARTLY BENT LOWERED OVER THE FIRE
1187,SHE LOOKED AT HIS HEAVY SHOULDERS AND BIG DETERMINED HEAD FRUST FORWARD LIKE A CATAPOLD AND LEAF
1188,I'LL DO ANYTHING YOU WISH ME TOO BARTLY SHE SAID TREMULOUSLY
1189,I CAN'T STAND SEEING YOU MISERABLE
1190,HE PULLED UP A WINDOW AS IF THE AIR WERE HEAVY
1191,HILLED A WATCHED HIM FROM THE CORNER TREMBLING AND SCARCELY BREATHING DARK SHADOWS GROWING ABOUT HER EYES IT
1192,BUT ITS WORSE NOW ITS UNBEARABLE
1193,I GET NOTHING BUT MISERY OUT OF EITHER
1194,THE WORLD IS ALL THERE JUST AS IT USED TO BE BUT I CAN'T GET ADDED ANY MORE
1195,IT WAS MYSELF I WAS DEFYING HELDA
1196,HELD HIS FACE QUIVERED BUT SHE WHISPERED YES I THINK IT MUST HAVE BEEN
1197,BUT WHY DIDN'T YOU TELL ME WHEN YOU WERE HEAR IN THE SUMMER
1198,I EXANDER GROWN DINE MEANT TO BUT SOMEHOW I COULDN'T
1199,SHE PRESSED HIS HEND GENTLY AND GRATITUDE
1200,WORE TO HAPPY THEN AT ALL
1201,SHE CLOSED HER EYES AND TOOK A DEEP REATH AS IF TO DRAW IN AGAIN THE FRAGRANCE OF THOSE DAYS
1202,HE MOVED UNEASILY AND HIS CHAIR CREEK
1203,YES YES SHE HEARD PULLING YOUR HAND GENTLY AWAY FROM HIM
1204,PLEASE TELL ME ONE THING BARTLY AT LEAST TELL ME THAT YOU BELIEVE I THOUGHT I WAS MAKING YOU HAPPY
1205,YES HELD I KNOW THAT HE SAID SIMPLY
1206,I HAND A STAND BARTLY I WAS WRONG
1207,BUT I DIDN'T KNOW YOU'VE ONLY TO TELL ME NOW
1208,WHAT I MEAN IS THAT I WANT YOU TO PROMISE NEVER TO SEE ME AGAIN NO HAD HER HOW OFTEN I COME NO METTER HOW HARD I BEG
1209,KEEP AWAY IF YOU WISH WHEN OF I EVER FOLLOWED YOU
1210,ELEXANT AROSE AND SHOOK HIMSELF ANGRILY YES I KNOW I'M COWARDLY
1211,HE TOOK A RUFFLING IN HIS ARMS DO KNOW WHAT I MEAN
1212,HOW BARTLY WHAT IM I TO DO
1213,I WILL ASK THE LEAST IMAGINABLE BUT I MUST HAVE SOMETHING
1214,I MUST KNOW ABOUT YOU
1215,THE SIGHT OF YOU BARTLY TO SEE YOU LIVING AND HAPPY INTO SUCCESSFUL CAN I NEVER MAKE YOU UNDERSTAND WITH THAT MEANS TO ME
1216,YOU SEE LOVING SOME ONE AS I LOVE YOU MAKES THE WHOLE WORLD DIFFERENT
1217,AND THEN YOU CAME BACK NOT CARRYING VERY MUCH BUT IT MADE NO DIFFERENCE
1218,BARTLEY BENT OVER AND TOOK HER IN HIS ARMS KISSING HER MOUTH AND HER WET TIRED EYES
1219,I TOLD CRY DON'T CRY HE WAS PUT
1220,WITH TORTURED EACH OTHER RENOUGH FOR TO NIGHT
1221,CHAPTER ONE FORIGIN
1222,IT IN GENDERS A WHOLE WORLD LUP HAGGAR FOR WHICH RED FEFT AND A HOW LOT PAGRIN FOR WHICH RED HUNGER
1223,BUTS I DON'T LISTEN IS THE MOTHER
1224,SHE HAS A SON FEFT AND A DAUGHTER HUNGER
1225,WHAT IS SLANG
1226,WE HAVE NEVER UNDERSTOOD THIS SORT OF ABJECTIONS
1227,SLANG IS ODIOUS
1228,SLANG MAKES ONE SHUVER
1229,WHO DENIICE THAT OF COURSE IT DOES
1230,WHEN IT IS A QUESTION OF PROBING A WOUND A SOCIETY SINCE ONE HAS IT BEEN CONSIDERED RONG TO GO TOO FAR TO GO TO THE BOTTOM
1231,WE HAVE ALWAYS THOUGHT THAT IT WAS SOMETIMES IT COURAGEOUS ACT AND AT LEAST IS SYMPLE AND USEFUL DEED WORTHY OF THE SYMPATHETIC ACCEPTED IN FULFILLED MERITS
1232,WHY SHOULD ONE NOT EXPLORE EVERYTHING AND STUDY EVERYTHING
1233,WHY SHOULD ONE HALT ON THE WAY
1234,NOTHING IS MORE LAGUBRIOUS THAN THE CONTEMPLATION THUS IN ITS NUDITY IN THE BROAD LIGHT OF THOUGHT OF THE HORRIBLE SWARMING OF SLANG
1235,NOW WHEN HAS HORROR EVER EXCLUDED STUDY
1236,SINCE WHEN HAS MALIDY BANISHED MEDICINE
1237,KENBORN IMAGINE AND ANTUALIST REFUSING TO STUDY THE VIPER THE BAT THE SCORPION THIS ENTIPEDE THE TURANTIALA AND ONE WHO WOULD CAST THEM BACK INTO THEIR DARKNESS SAYING OH HOW UGLY THAT IS
1238,HE WOULD BE LIKE A PHILOLOGIST REFUSING TO EXCEMINE EFFACT IN LANGUAGE IF THE LOSSOPHER HESITATING TO SCRITINI'S EFFECT IN HUMANITY
1239,WHAT IS SLAYING PROPERLY SPEAKING
1240,IT IS THE LANGUAGE OF RATIDNESS
1241,WE MAY BE STOPPED THE FACT MAY BE PUT TO US IN GENERAL TERMS WHICH IS ONE WAY OF ATTANUATING IT WE MAY BE TOLD THAT OLD RATES PROFESSIONS IT MAY BE ADDED ALL THE ACCIDENTS OF THE SOCIAL HIGHER OR KEEN ALL FORMS OF INTELLIGENCE HAVE THEIR OWN SLING
1242,THE PAINTER OF WHO SAYS MY GRANDER THE NOTORY WHO SAYS MY SKIP OF THE GUTTER THE HAIR DRESSER WHO SAYS MY MEALLY BACK THE CALL BLOOR WHO SAYS MY CALL TALKS SLANG
1243,THERE IS THE SLANG OF THE AFFECTED LADY AS WELL AS OF THE PURSUSES
1244,THE SHUGAR MANUFACTURER WHO SAYS LOAF CLARIFIED LUMPS BASTERED COMMON BURNT THIS HONEST MANUFACTURER TALKS SLANG
1245,ALJEBRA MEDICINE BOUGHTONY HAVE EACH THEIR SLAYING
1246,TO MEET THE NEEDS OF THIS COMFOLICT RETICNESS HAS INVENTED IN VANGUAGE OF COMBAT WHICH IS SLAIN
1247,TO COMPOSE OR BY WHICH INTO RESCUE FROM OBLIVION TO HOLD ABOVE THE GOLF WHERE IT BUT A FRAGMENT OF SOME LANGUAGE WHICH MEN HAS SPOKEN AND WHICH WOULD OTHERWISE BELOST THAT IS TO SERVE CIVILIZATION IS DESCERVE CIVILIZATION IS COMPOSED OR BY WHICH IT IS COMPOSED OR BY WHICH IT IS COMPOSED OR BY WHICH IT IS COMPOSERVATION IS COMPOSERVATION OR OR OBSERVATIOLIZATION OR OBSERVETIS
1248,FUNNITION VERY GOOD
1249,EVEN DIAL AT LIT THAT PASS
1250,TO THIS WE REPLY AND ONE WORD ONLY
1251,ASSUREDLY IF THE TONGUE WHICH INNATION OR PROVINCE HAS SPOKEN IS WERE THE OF INTEREST THE LANGUAGE WHICH HAS BEEN SPOKEN BY A MISERY IS STILL MORE WORTHY OF ATTENTION AND STUDIES
1252,AND THEN WE INSIST UPON IT THE CERTAIN OF SOCIAL DEFORMITIES AND INFIRMITIES AND THE TASK OF POINTING THEM OUT WITH THE VIEW TO REMEDY IS NOT A BUSINESS IN WHICH CHOICES PERMITTED
1253,HE MUST DESCEND WITH HIS HEART FULL OF CHARITY AND SEVERITY AT THE SAME TIME AS A BROTHER AND AS A JUDGE TO THOSE IMPENETRABLE CASEMEETS WHO CRAWL PELL NOW THOSE WHO BELIEVED AND THOSE WHO ENFLECTED
1254,DO WE REALLY KNOW THE MOUNT TO WELL WHEN WE ARE NOT ACQUAINTED WITH THE CAVERN
1255,THEY CONSTITUTE TO DIFFERENT ORDERS OF FACTS WHICH CORRESPOND TO EACH OTHER WHICH ARE ALWAYS INTELLACED AND WHICH OFTEN BRING FORTH RESULTS
1256,TRUE HISTORY BEING A MIXTURE OF ALL THINGS THE TRUE HASTORIAN MINGLES IN EVERYTHING
1257,FACTS FORM ONE OF THESE AND IDEAS THE OTHER
1258,THERE IT CLOTHES ITSELF IN WORD MASKS IN MUCH A FORERAGS
1259,IN THIS GUISE IT BECOMES HORRIBLE
1260,ONE PERCEIVES WITHOUT UNDERSTANDING IT A HIDEOUS SMURMUR SOUNDING ALMOST BY CUMEN ACCENTS BUT MORE NEARLY RESEMBLING A HOWL THAN AN ARTICULATE WORD
1261,ONE THINKS ONE HEARS HIGH DRESS TALKING
1262,IT IS UNITELLIGIBLE IN THE DARK
1263,IT IS GLACK IN MISFORTUNE IT IS BLACKER STILL AND CRIME THESE TWO BLACKNESSES AMOULGAMATED COMPOSE SLANG
1264,THE EARTH IS NOT A VOID OF HIS EMBLANCE TO A CHAIL
1265,LOOK CLOSELY AT LIFE
1266,IT IS SO MAY DID THAT EVERYWHERE WE FEEL THE SENSE OF PONISHMENT
1267,EACH STAY HAS ITS OWN GREAT GREE FOR ITS LITTLE CARE
1268,YES THEN A PREVAILING FOR A HEALTH FATISFICE DEAR TO YOU TO DAY YOU FEAR FOR YOUR OWN TO MORROW IT WILL BE ANXIETY ABOUT MONEY THE DAY AFTER THAT THE MISFORTUNE OF SOME FRIEND THEN SOMETHING THAT HAS BEEN BROKEN OR LOST THEN A PREVAILING WEATHER THEN THE PREVAILING WEATHER THEN THE PREVAILING WEATHER WITH WHICH YOUR CONSUE WITH WHICH YOUR WITH WITH WICH YOUR CONCE YOUR WITH
1269,THIS WITHOUT RECONDING IN THE PAINS OF THE HEART AND SO TOGETHERS ON
1270,THERE IS HARDLY ONE DAY OUT OF A HUNDRED WHICH IS WHOLLY JOYOUS AND SUNNY
1271,AND YOU BELONG TO THAT SMALL CLASS TO ARE HAPPY
1272,IN THIS WORLDS OF ADENTALLY THE VESTIBULE OF ANOTHER THERE ARE NO FORTUNE IT
1273,THE REAL HUMAN DEVISION IS THUS THE LOOMINOUS AND THE SHADY
1274,TO DOMINISH THE NUMBER OF THE SHAVY TO AUGMENT THE NUMBER OF THE LOOMINOUS THAT IS THE OBJECT
1275,THAT IS WHY WE CRY EDUCATION SCIENCE
1276,TO TEACH READING THESE TO LIFE THE FIRE EVERY SYLBAL SPELLED OUT SPURKLES
1277,HOWEVER HE WILL SAYS LIGHT DOES NOT NECESSARILY SEE JOY
1278,PEOPLE SUFFER IN THE LIGHT EXCESS BURNS
1279,THE FLAMES THE ENEMY OF THE WING
1280,TO BURN WITHOUT CEASING TO FLY THERE IN LIES THE MARVEL OF GENIUS
1281,NO NEVER DID IT OUT OF THE ASTER A LIBRARY
1282,TO THE YOUNG AMERICAN HERE OR ELSEWHERE THE PATS SUFFORTUNE ARE ANNUMERABLE IN ALL OPEN THERE IS INVITATION IN THE AIR AND SUCCESS IN ALL HIS WIDE HORIZON
1283,HE HAS NO TRADITIONS TO BIND HIM OR GUIDE HIM AND HIS IMPULSE IS TO BREAK AWAY FROM THE OCCUPATION IS FATHER HAS FOLLOWED AND MAKE A NEW WAY FOR HIMSELF
1284,THE MODEST FELLOW WOULD HAVE LIKED FAME THRUST UPON HIM FOR SOME WORTHY ACHIEVEMENT IT MIGHT BE FOR A BOOK OR FOR THE SKILLFUL MANAGEMENT OF SOME GREAT NEWSPAPER OR FOR SOME DARING EXPEDITION LIKE THAT OF LITTLE IN ITS STRAIN OR DOCTOR CANE
1285,HE WAS UNABLE TO DECIDE EXACTLY WHAT IS BE
1286,SOMETIMES HE THOUGHT HE WOULD LIKE TO STAND AND A CONSPICIOUS PULP IT AND HUMBLY PREACHED THE GOSPEL OF REPENTANCE AND IT EVEN CROSSES MIND THAT IT WOULD BE NOBLE TO GIVE HIMSELF TO A MISSIONARY LIFE TO SUNBENIGHT IN LEAGEN WERE THE DATE PAUM GROWS AND THE NIGHTEN GILL'S VOICE IS INTUNE AND THE BULL BULL SINGS ON THE OUTNIGHTS
1287,WAS HIM TO HIM WELL ENOUGH AS A SCIENCE BUT HE NEVER COULD DISCOVER A PRACTICAL CASE WHERE IT APPEARED TO HIM WORTH RILED TO GO TO LOVE AND ALL THE CLIANTS TO STOP WITH THIS NEW CLEAR IN THE LAW OBSPERE HE WAS WRITING THE LOOKING VERY ABLY ADVISED TO SETTLE NO MATTER HOW BUT SETTLE NO MATTER HOW BUT SETTLE NO MATTER HOW BUT SETTLE NO MATTER HOW BUT SESTUS BETWEEN MAN IN IN IN THEEAN MAN MAN MAN MAN MAN MAN MAN MAN MAN CON CON C CON CON CON CON CON CE CON CON MAN MAN MAN MAN MAN MAN MAN MAN MAN MAN MAN MAN MAN M
1288,IT IS SUCH A NOBLE AMBITION THAT IT IS A PITY IT HAS USUALLY SUCH IT SHALLOW FOUNDATION
1289,HE WANTED TO BEGIN AT THE TOP OF THE LATTER
1290,PHILIP THEREFORE A REDILIGENTLY IN THE ACT OR LIBRARY PLANNED LITERARY WORKS THAT SHOULD COMPELL ATTENTION AND NURSED HIS VENIUS
1291,HE HAD NO FRIEND WISE ENOUGH TO KELL HIM TO STEP INTO THE DORKING CONVINCTION THEN IN SESSION MAKE A SKETCH OF THE MEN AND WOMEN ON THE POT FORM AND TAKE IT TO THE EDINGER OF THE DAILY GRAPE VINE AND SEE WHAT HE COULD GET A LINE FOR IT
1292,OH VERY WELL SAID GRING OUT TURNING AWAY WITH A SHADE OF CONTEMPT YOU'LL FIND IT YOU ARE GOING INTO LITTER CHUR AND NEWSPAPEL WORK THAT YOU CAN'T A FORT A CONSTANCE LIKE THAT
1293,BUT TILL A DIT AFFORD IT AND HE WROTE THEY KING HIS FRIENDS AND A CLINY BECAUSE HE SAID THE BLITTLE SCHEME WOULD FAIL
1294,AND HE WENT BACK TO HIS BOOKS AND TO HIS WAITING FOR AN OPENING LARGE ENOUGH BRISDING A FIDE INTERANCE INTO THE LITERARY WORLD
1295,WELL I'M GOING AS NANGE NEAR YOU COULD GO AS ONE
1296,YOU CAN BEGIN BY CARRYING ARROAD AND PRING DOWN THE FIERCE
1297,NO WOULD SOUGHT YOU SIN
1298,ADMIRED HE TO GO ANYWHERE FOR SIX MONTHS
1299,THE TWO YOUNG MEN WHO WERE BY THIS TIME FULL OF THE ADVENTURE WENT DOWN TO THE WALLSTRY TOFFICE OF PENRY'S UNCLE AND HAD A TALK WITH THAT WILY OPERATOR
1300,THE NIGHT WAS SPENT IN PACKING UP AND RIDING LETTERS FOR PHILIP WOULD NOT TAKE SUCH AN IMPORTANT STEP WITHOUT INFROM HIS FRIENDS
1301,WHY IT SAID MISERY SOMEWHERE ON THE FRONT YOU'RE I THINK WE'LL GET A MAP
1302,I WAS AFRAID IT WAS NEAR A HOME
1303,HE KNEW HIS UNCLE WOULD BE GLAD TO HEAR THAT HE HAD AT LAST HURNED HIS THOUGHTS TO A PRACTICAL NATURE
1304,HE WELL KNEW THE PEARLS OF THE FRONT HERE THE SAVAGE STATE OF THE SIETY A LURKING INDIANS IN THE DANGERS OF FEVER
1305,SHE WAS TIRED OF OTHER THINGS
1306,SHE TRIED AT THIS MORNING AN IRROW TO UPON THE PIANO SAYING A SIMPLE SONG IN A SWEET BUT SLIGHTLY MATALIC VOICE AND THEN SEEDING HERSELF BY THE OPEN WINDOW RED PHILIP'S LETTER
1307,WELL MOTHER SAID THE YOUNG STUDENT LOOKING AT WITH A SHADE OF IMPATIENCE
1308,I HOPE THEE TOLD THE OLDERS THAT FATHER AND I ARE ASPONSIBLE FOR THE GANNOW AND THAT MUCH AS THE LOVES MUSIC THESE NEVER IN THE ROOM WHEN IT IS PLAYED
1309,I HEARD FATHER TELL COUSIN AVENURE THAT HE WAS WHIPPED SO ALTEN FOR WHISTLING WHEN HE WAS A BOY THAT HE WAS DETERMINED TO HAVE WHAT COMPENSATION HE COULD GET NOW
1310,THY WAYS GREATLY TRIMY RUTH AND ALL THY RELATIONS
1311,IS THY FATHER WILLING THEE SHOULD GO AWAY TO A SCHOOL OF THE WORLD'S PEOPLE
1312,I HAVE NOT ASKED HIM RUTH REPLIED WITH A LOOK THAT MIGHT HIM PLY THAT SHE WAS ONE OF THOSE TO TERM IN LITTLE BODIES WHO FIRST MADE UP HER OWN MIND AND THEN COMPELLED OTHERS TO MAKE A DARES IN ACCORDANCE WITH HERS
1313,MOTHER I AM GOING TO SEAT HE MEDICINY
1314,MARGUERED BULTON ALMOST LOST FOR A MOMENT PERHABITUAL POSITITY
1315,THE STUDY MISSIN
1316,DOES THEY THINK BE COULD STATTED SIX MONTHS
1317,AND BESIDES SUPPOSED THE DUS LORD MEDICINE
1318,I WILL PRACTICE IT
1319,WERE DE AND THY FAMILY ARE NONE
1320,IF I CAN GET PATIENCE
1321,BRUTE SAT QUITE STILL FOR A TIME WITH FACE AND TENT AND FLUSHED IT WAS OUT NOW
1322,THE SIDE SEERS RETURNED AND HIGH SPIRITS FROM THE CITY
1323,RUTH ASKED THE ENTHUSIUS IF THEY WOULD LIKE TO LIVE IN SUCH A SOUNDING MUSLEEM WITH ITS GREAT HALLS AND EQUING ROOMS AND NO COMFORTABLE PLACE IN IT FOR THE ACCOMMODATION OF ANYBODY
1324,AND THEN THERE WAS BROAD STREET
1325,THERE CERTAINLY WAS NO INTO IT AND EVEN RUTH WAS PHILODELPHIAN ENOUGH TO BELIEVE THAT A STREET OUGHT NOT TO HAVE ANY END OR ARPITECTURAL BLIGHT UPON WHICH THE WEARY EYE COULD REST
1326,BUT NEITHER SAINT GERARD NOR BROAD STREET NEITHER WONDERS OF THE MENT NOR THE GLORIES OF THE HALL WERE THE GHOSTS OF OUR FATHERS SIT ALWAYS SIGNING THE DECOLARATION IMPRESSED THE VISITORS SO MUCH AS THE SPLENDORS OF THE CHEST THAT STREET WINDOWS AND THE BARGAINS ON EIGHTH STREET
1327,IS THE GOING TO THE YEARLY MEETING RUTH ASKED ONE OF THE GIRLS
1328,I HAVE NOTHING TO WEAR REPLIED THAT DIMEER PERSON
1329,IT HAS OCCUPIED MOTHER A LONG TIME TO FIND AT THE SHOPS THE EXACT SHADE A HURNEY BON IT
1330,AND THEE WON'T GO WHY SHOULD I
1331,IF I GO TO MEETING IT ALL I'LL LIKE BEST TO SIT IN THE QUIET OLD HOUSE AND GERMAN TOWN WHERE THE WINDOWS ARE ALL OPEN AND I CAN SEE THE TREES AND SHEER THE SERVE LEAVES
1332,IT SUCH A CRUSH AT THE YEARLY MEETING AT ARCH SHREET AND THEN THERE'S THE ROW OF SLEEK LOOKING YOUNG MEN WHO LINE THE CURBS DONE AND SERID US AS WE COME OUT
1333,HE HASN'T SAY BUT IT'S ON THE FRONTIER AND ON THE MAP EVERYTHING VIONED IS MARKED INDIANS AND DESERT AND LOOKS AS DESOLATE AS A ONE SAY MEETING PEACHED IT WAS TIME FOR HIM TO DO SOMETHING
1334,IS HE GOING TO SARDAY LE NEWSPAPER AMONG THE KICK OF POOSE
1335,FATHER THESE UNJUSTICEAL UP HE'S GOING INTO BUSINESS
1336,YOU DOESN'T SACKLY WHAT IT IS SAID RUTH A LITTLE DUBIOUSLY BUT IT SOMETHING ABOUT LAND AND RAIL ROADS AND THE KNOWS FATHER THAT FORTUNES ARE MADE NOBODY KNOWS EXACTLY HOW IN A NEW COUNTRY
1337,THAT FILL OF HIS HEYEST AND HE HAS TOWN TO ENOUGH IF HE WILL STOP SCRIBBLING TO MAKE HIS WAY
1338,LET A BOX WOMAN ARE PUT INTO MEASURED FOR IT AND PUTTING YOUNG IF WE GO ANYWHERE ITS IN A BOX DALED AND PINIONED AND SHUT IN BY DISABILITIES
1339,WHY SHOULD I RUST AND BE STUPID AND SIT IN AN ACTION BECAUSE I AM A GIRL
1340,AND IF I HAD A FORTUNE WOULD THEE WANT ME TO LEAD A USEL SLIFE
1341,AS THEE CONSULTED THY MOTHER ABOUT A CAREER I SUPPOSE IT IS A CAREER THEE WINES
1342,BUT THAT WISE AND PASSED WOMAN UNDERSTOOD THE SPEEP RUBBLE A GREAT DILL BETTER THAN RUTH UNDERSTOOD HERSELF
1343,RUTH WAS GLAD TO HEAR THAT PHILIP HAD MADE A PUSHING TO THE WORLD AND SHE WAS SURE THAT HIS TALENT AND COURAGE WOULD MAKE AWAY FOR HIM
1344,BUT THE MORE FORGETFULNESS HAD THEN PREVAILED THE MORE POWERFUL WAS THE FORCE OF REMEMBRANCE WHEN SHE AWOKE
1345,MISS MONDERS HEALTH IS NOT GOOD
1346,SAID MISSUS HORTON A FEW MINUTES AFTER
1347,SO THERE IS TO ME AND IT SAMPERED WITH A CIRCASTICS NEAR
1348,AND YET YOU MUST OWN HER BEHAVIOR HAS WARNTED THEM HAS IT NOT BEEN IN THIS PARTICULAR IN COHERENT AND UNACCOUNTABLE
1349,NOT THAT I KNOW OF NOT ONE MORE THAN I KNOW OF HE REPLIED WITH ASTONISHMENT IT WHAT SHE HAD INSINUATED AND YET WITH A PERFECT IS SURENCE THAT SHE WAS IN THE WRONG
1350,PERHAPS I AM MISTAKE IN ANSWERED SHEET
1351,TO ASK ANY MORE QUESTIONS OF YOU I BELIEVE WOULD BE UNFAIR
1352,HE SEEMED TO WAIT FOR HER REPLIED BUT AS SHE MADE NONE HE PROCEEDED
1353,OH MY LORD CRIED MISS WOODLY WITH A MOST FORCIBLE ACCENT YOU ARE THE LAST PERSON HONOUR IF SHE WOULD PARDON MEEP WERE INTRUSTING
1354,BUT IN SUCH A CASE MISS MILMERS ELECTION OF A HUSBAND SHALL NOT DIRECT MINE
1355,IF SHE DOES NOT KNOW HOW TO ESTIMATE HER OWN VALUE I DO
1356,IN THE PENNON OF HER FORTUNE SHE HAS BEAUTY TO CAPTIVATE THE HEART OF ANY MAN AND WITH ALL HER FOLLIES SHE HAS A FRAGMENTS IN HER MANNER AND UNAFFECTED WISDOM IN HER THOUGHTS OF A VACITY IN HER CONVERSATION AND WITH ALL A SOFTNESS AND THE STRONGEST UNDERSTANDING
1357,MY LORD MISS MUMMER'S TASTE IS NOT A DEPRAYED ONE IT IS BUT TOO REFINED
1358,WHAT CAN YOU ME BY THAT MISS WOODLY YOU TALK MYSTERIOUSLY
1359,IS SHE NOT AFRAID THAT I WILTHWARD HER INCLINATIONS
1360,AGAIN HE SEARCHED HIS OWN POTS NOR INEFFECTUALLY AS BEFORE
1361,MISS WOODLY WAS TOO LITTLE VERSED IN THE SUBJECT TO KNOW THIS WOULD HAVE BEEN NOT TO LOVE AT ALL AT LEAST NOT TO THE EXTENT OF BREAKING THROUGH ENGAGEMENTS AND ALL THE VARIOUS NOVESTICALS THAT STILL MIDIGATED AGAINST THEIR UNION
1362,TO RELIEVE HER FROM BOTH HE LAID HIS HEAD WITH FORCE UPON HIS HEART ANSWER DO YOU BELIEVE ME
1363,I WILL MAKE NO ONE JUST USE OF WHAT I KNOW HE REPLIED WITH FIRMNESS I BELIEVE YOU MY LORD
1364,I HAVE NEVER YET HOWEVER BEEN VANQUISHED BY THEM AND EVEN UPON THIS OCCASION MY REASON SHALL COME BACK THEM TO THE LAST AND MY REASON SHALL FAIL ME BEFORE I DO WRONG
1365,YES DEAD THESE FOUR YEARS AND A GOOD JOB FOR HER TOO
1366,WELL AS I SAY IT'S AN AWFUL QUEER WORLD THEY CLAP ALL THE BURGLERS AND DOWN THE MURDERERS IN THE WIFE PETERS I ALL AS THOUGHT A GENTLE REPROVE WILL BE NOT PUNISHMENT FOR A WHITE PETER CAUSE HE PROBABLY HAS A LOT A PROVICATION THAT NOBODY KNOWS AND THE FIREBOGS CAN'T THINK OF THE RIGHT NAME SO THE LIKE SENDIARIES AND THE BREAKERS OF THE PEACE AND WHAD NOT AND TO SAY THE SAYERRIE AND TOU S THE SANDIERIERIERIERIERIERIES ARIES ARIES AS ARIES ANTH ANTH AS AND ANTH AND T T T T T T T T A T T THERIERIE A T A A LOF THE 
1367,GRANDFATHER WAS ALEXANDER CARRY ELL ELDEE DOCTOR OF LAWS THAT IS
1368,MISTER POPULARLY DOWN HIS BREASH
1369,ASKS WAIN'T A MAN HE OJECULAN IF HE DON'T WORK CARD TO KEEP UP WITH A TIBES DOCTOR OF LAWS
1370,DON'T HE ANKED DON'T A THANK HE ORDER SAID SEE WAS BORN
1371,HE KEEPS THAT THOU SHOUT NOT COMMANDS FIRST RAY HENLORE DOES
1372,HE GAVE UP HIS POSITION AND SHUT THE FAMILY UP IN THAT TIM OF A HOUSE SO DO HE COULD STUDY HIS BOOKS
1373,MISTER POP OF EXATURATED NOTHING BUT ON THE CONTRARY LEFT MUCH UNSAID IN HIS NARRATIVE OF THE FAMILY AT THE HOUSE OF LORDS
1374,HENRY LORD WITH THE DEGREE OF PIEGE DETO HIS CREDIT HAD BEEN PROFESSOR OF ZEALOGY AT A NEW ENGLAND COLLEGE BUT HAD RESIGNED HIS POST IN ORDER TO WRITE A SERIES OF SCIENTIFIC TEXTIBOOKS
1375,ALWAYS IRRITABLE COLD INDIFFERENT HE HAD GROWN RAPIDLY MORE SO AS HERE'S WENT ON
1376,WHATEVER APPEAL TO HER SENSIBEDY WAS TO REAT WAY TO HANDSPERRED TO PAPER OR CAMBUS
1377,SHE IS WHY ILL TO KNOW HOW TO DO THINGS
1378,SHE MAKES EFFORT AFTER EFFORT TREMBLING WITH EAGERNESS AND WHEN SHE FAILS TO REPRODUCE WHICH SHE SEIZED SHE WORKS HERSELF INTO HER FRIENDSY OF GRIEF AND DISAPPOINTMENT
1379,WHEN SHE COULD NOT MAKE A RABBIT OR A BIRD LOOK REAL ON PAPER SHE SEARCHED IN HER FATHER'S BOOKS FOR PICTURES OF ITS BONES
1380,SORROW THERE MUST BE SOME BETTER WE OF DOING IDEAS DRAW THE ATLINE OF AN ANIMAL AND THAT I PUT HAIRS OR FEATHERS ON IT THEY HAVE NO BODIES
1381,THEY COULDN'T RUN HER MOVE THEIR JUST PACE BOARD
1382,HE WOULDN'T SEARCH SAID DON'T WORRY REPLIED SERVAL QUIETLY AND THE TWO LOOKED AT EACH OTHER AND KNEW THAT IT WAS SO
1383,THERE IN THE CEDAR HOLLOWED THEN LIVED OLIVE LORD AND ANGRY RESENTLE LITTLE CREATURE WAY DOWN BY A FIERCE SENSE OF INJURY
1384,ALL OF SMOURNFUL BLACK EYES MEANT MAN'S HIS SPARKLING BROWNLANDS
1385,NANCIES CRILLY CHEST NOT CROP SHOWN IN THE SON AND ALL OF STHICK BLACK PLATES LOOKED BLACKER BY CONTRAST
1386,SHE HAS WONDERFUL MORE WONDERFUL IN ANYBODY WE'VE EVER SEEN ANYWHERE AND SHE DRAWS BETTER THAN THE TEACHER IN CHARLES TOWN
1387,SHE SHOULDER THAN I AM BUT SO TINY AND SAD AND SHY THAT SHE SEEMS LIKE A CHILD
1388,NATTY HARMON TRIED THE KITCHEN POMPT SEGRETLY SEVERAL TIMES DURING THE EVENING FOR THE WATER HAD TO RUN UP HILL ALL THE WAY FROM THE WELL TO THE KITCHEN SINK AND HE BELIEVED THIS TO BE CONTINUAL MERRICLE THAT MY GIVE OUT AT ANY MOMENT
1389,TO NIGHT THERE WAS NO NEED OF EXTRA HEAT AND THERE WERE GREAT CEREMONIES TO BE OBSERVED IN LIGHTING TO FIRES ON THE HEARTH STANDS
1390,THEY BEGAN WITH THE ONE IN THE FAMILY SITTING ROOM COLONEL WHEELER RALPH THIRSTON MISTER AND MISSUS BILLHARMON WITH NATION ROUGH US MISTER AND MISSUS POPULAR DIGBY ENLALEJOY AWE STANDING IT MYRING GROUPS AND THREALLY WITH THE DELIGHT AT THE ORDER OF ADVENTS
1391,CATHELINE WAY OF THE TORCH TO AND FRO AS SHE RECITED SOME BEAUTIFUL LINES WRITTEN FOR SOME SUCH PURPOSE AS THAT WHICH CALLED THEM TOGETHER TO NIGHT
1392,BIRD FIRE BIRD SLICKER FLICKERS LIQKERS LAIN
1393,NEXT CAME ALL OF STURN TO HELP IN THE CEREMONIES
1394,WHALE THIRSTON HAD FOUND A LINE OF LATIN FOR THEM IN HIS BELOW IT HARDS TO BE SPLENDID POCUS FOR YOU THE HEARTH FIRE SHINES
1395,ALL OF HAD PINIOD THE MODEL ON A LONG NARROW PANEL OF PANEL OF PANVAS AND GIVING IT TO MISTER PROPLEM STOOD BY THE FIRESIDE WHILE HE DECTLY FITTED IT INTO THE PLACE PREPARED FOR IT
1396,ALL OF HAS ANOTHER LOVELY GIPPED FOR THE YELLOW HOUSE SAID MOTHER CARRY RISING AND TO CARRY UP A NEXT PART OF THE PROGRAM WE SHALL HAVE TO GO IN PROCESSION UP SAIRS TO MY BETTER IT
1397,EXCLAIMED BILL HARD INTO AS A WIFE AS THEY WENT THROUGH THE LIGHTED HALL
1398,AIN'T THEY THE GREATEST
1399,MOTHER CARRY POURED COFFEE NANCY CHOCOLATE AND THE OTHER SHELP SERVED THE SAMAGES AND CAKE DONE ITS AND TARTS
1400,AT THAT MOMENT THE GENTLEMAN ENTERED BURING A HUGE OBJECT CONCEALED BY PACE OF GREEN FILL
1401,APPROACHING THE DINING TABLE HE CHARACLY PLACED THE ARTICLE IN THIS CENTER AND REMOVED THE CLOTH
1402,THINK SAT IT MYSELF I'M NEVER SEEN ANYTHING IF HE TOOK TIME ENOUGH AND WE TOOK TIME ENOUGH AND WOOLINA SO OUR CARRIED THIS LITTLE FELLOW HOME IN A BUSHEL BASKET ONE NIGHT LAST MONTH AND ABSTANT A LAVE AND EVENINGS PUT IN HIM TOGETHER
1403,MISSUS HARM AND THOUGHT HE SAYING TOO MUCH UNTOLD HER HUSBAND PRIVATELY THAT IF HE WAS A CANARY BIRD SHE SHOULD WANT KEEP A TABLE COVER OF RESED MOST AND THE TIME BUT HE WAS INVENSELY PROPULAR WITH A REST OF HIS HONEST
1404,THE FACE OF THE MEHAVITY SHOWN WITH DELIGHT AND MOY NOT WHEN IT WAS DOING EVERYTHING ALMOST EVERYTHING WITHIN THE SCOPE OF A PIANO AND YET THE FAMILY HAD ENJOYED WEEKS OF GOOD NURSING MEALS ON WHAT HAD BEEN SAVED BY ITS EXERTIONS
1405,WE SHUT OUR EYES THE FLOWERS BLUE MON WE MURMURED BUT THE CORNERS VELLE WE CHOOSE THE SHADOW BUT THE SUN THAT CAST IT SHINES BEHIND A STILL
1406,LENGTH OF SERVICE FOURTEEN YEARS THREE MONTHS AND FIVE DAYS
1407,HE SEEMED BORN TO PLEASE WITHOUT BEING CONSCIOUS OF THE POWER HE POSSESSED
1408,IT MUST BE OWNED AND NO ONE WAS MORE READY TO CONFESS IT THAN HIMSELF THAT HIS LITERARY ATTAINMENTS WERE BY NOMIANS OF A HIGH ORDER
1409,WE DON'T SPEND TOPS AS A FAVORITE SAYING AMONGST ARTILLERY OFFICERS INDICATING THE THEY DO NOT SHIRK THEIR DUTY BY FRIVOLOUS PURSUITS BUT IT MUST BE CONFESSED THAT SERVA THAT BE MATURALLY IDLE WAS VERY MUCH GIVEN TO SPINNING TOPS
1410,ONCE AND ACTION HE WAS LEAVING AT A TACHMAN OF IMPHANTARY THROUGH AN ENTRENCHMENT
1411,SOMETIMES WHO WOULD WANDER ON FOOT UPON THE SANDY SHORE AND SOMETIMES HE WOULD ENJOY ARRIDE ALONG THE SUMMIT AT THE CLIFF ALTOGETHER BEING AND KNOW HURRY AT ALL TO BRING HIS TASK TO AN END
1412,NO CATHEDRAL NOT EVEN BURGHOS ITSELF COULD VIE WITH THE CHURCH AT MONARCHRA
1413,BENZOUFS MOST AMBITIOUS DESIRE WAS TO INDUCE THE CAPTAIN TO GO WITH HIM AND END HIS DAYS IN HIS MUCH LOVED HOME AND SO INCESSANTLY WERE SERVID ACTS EARS BESIEGED WITH THE SCRIPTIONS OF THE UNPARALLO BEAUTIES AND ADVANTAGES OF THIS EIGHTEENTH OUR ON DISHIMAL OF A VARSION
1414,WHEN A PRIVATE IN THE ATE CAVALRY HE HAD BEEN ON THE POINT OF QUITTING THE ARMY AND TWENTY EIGHT YEARS OF AGE BUT UNEXPECTEDLY HE HAD BEEN APPOINTED ORDER LEAF TO CAPTAIN SERVED ACT
1415,THE BOND OF UNION THUS EFFECTED COULD NEVER BE SEVERED AND ALTHOUGH BEEN'S THIS ACHIEVEMENTS HAD FAIRLY EARNED HIM THE RIGHT OF RETIREMENT HE FIRMLY DECLINED ALL HONORS OR ANY PENSION THAT MIGHT PART HIM FROM HIS SUPERIOR OFFICER
1416,A MICH HIS MASTER HE MADE NO PRETENSION TO ANY GIFT OF POETIC POWER BUT HIS INEXHAUSTIBLE MEMORY MADE HIM A LIVING IN PSYCHOPEDIA AND FOR HIS STOCK OF ANIC DOES AND TRUPER'S TAILS HE WAS MATCHLESS
1417,FAST AS HIS LEGS COULD CARRY HIM SERVIDAK HAD MADE HIS WAY TO THE TOP OF THE CLIFF
1418,IT WAS QUITE TRUE THAN A VESSEL WAS IN SIGHT HARDLY MORE THAN SIX MILES FROM THE SHORE BUT OWING TO THE INCREASE IN THE EARTH'S CONVEXITY AND THE CONSEQUENT LIMITATION OF THE RANGE OF VISION THE RIGGING OF THE TOUGHT MAST SALONE WAS VISIBLE ABOVE THE WATER
1419,EXCLAIMED SERVIDAK KEEPING AS EYE UNMOVED AT HIS TELESCOPE
1420,SHE IS UNDERSAILED BUT SHE IS COUNT TIMACHETT'S YAUGHT HE WAS RIGHT
1421,IF THE COUNT WERE ON BOARD A STRANGE THEY TALITY WAS BRINGING HIM TO THE PRESENCE OF HIS RIVAL
1422,HE RECKONED THEREFORE NOT ONLY UPON ASCERTAINING THE EXTENT OF THE LATE CATASTROPHE BUT UPON LEARNING ITS CAUSE
1423,THE WIND BEING ADVERSE TO DO REAN A DID NOT MAKE VERY RAPID PROGRESS BUT AS THE WEATHER IN SPITE OF A FEW CLOUDS REMAINED CALM AND THE SEA WAS QUITE SMOOTH SHE WAS ENABLED TO HOLD A STEADY COURSE
1424,SERVIDACT TOOK IT FOR GRANTED BUT THE DOGREEN A WAS ENDEAVOURING TO PUT IN
1425,A MERROW CHANNEL FORMED A PASSAGE THROUGH THE RIDGE OF ROCKS THAT PROTECTED IT FROM THE OPEN SEA AND WHICH EVEN IN THE ROUGHEST WEATHER WOULD IN SURE THE CALMNESS OF ITS WATERS
1426,SLIGHTLY CHANGING HER COURSE SHE FIRST STRUCK HER MAN SAIL AND IN ORDERS OF A SOLITATE THE MOVEMENTS OF HER HELMSMAN SOON CARRIED NOTHING BUT HER TWO TOPSAILS BRIGANTEEN AND JEB
1427,CAPTAIN SERVA DACK HASTENED TOWARD HIM
1428,I LEFT YOU ON A CONTINENT AND HERE I HAVE THE HONOUR OF FINDING YOU ON AN ISLAND
1429,NEVER MIND NOW INTERPOSED THE CAPTAIN WE WILL TALK OF THAT BY AND BY
1430,NOTHING MORE THAN YOU KNOW YOURSELF
1431,ARE YOU CERTAIN THAT THIS IS THE MEDITERRANEAN
1432,FOR SOME MOMENTS HE SEEMED PERFECTLY STUPIFIED AND THEN RECOVERING HIMSELF HE BEGAN TO OVERWHELM THE COUNT WITH A TORRENT OF QUESTIONS
1433,TO ALL THESE INQUIRIES THE COUNT RESPONDED IN THE AFFIRMATIVE
1434,SOME MYSTERIOUS FORCE SEEMED TO HAVE BROUGHT ABOUT A CONVULTION OF THE ELEMENTS
1435,YOU WILL TAKE ME ON BOARD COUNT WILL YOU NOT
1436,MY YOT HIS ATTROUS SERVICE SIR EVEN SHOULD YOU REQUIRE TO MAKE A TOO OUR AROUND THE WORLD
1437,BECOUNT SHOOK HIS HEAD
1438,BEFORE STARTING IT WAS INDISPENSABLE THAT THE ENGINE OF THE DEBRINISH SHOULD BE REPAIRED TO SAIL UNDER CANVAS ONLY WOULD IN CONTRARY WINDS AND ROUGH SEIZE BE BOTH KEDIOUS AND DIFFICULT
1439,IT WAS ON THE LAST AY OF GENUARY THAT THE REPAIRS OF THE SCOONER WERE COMPLETED
1440,A SLIGHT DIMUNITION IN THE EXCESSIVELY HIGH TEMPERATURE WHICH HAD PREVAILED FOR THE LAST FEW WEEKS WAS THE ONLY APPARENT CHANGE IN THE GENERAL ORDER OF THINGS BUT WHETHER THIS WAS TO BE ATTRIBUTED TO ANY ALTERATION IN THE EARTH'S ORBIT WAS A QUESTION WHICH WOULD STILL REQUIRE SEVERAL DAYS TO DECIDE
1441,DOUBTS NOW AROSE AND SOME DISCUSSION FOLLOWED WHETHER ARE NOT IT WAS DESIRABLE FOR BENZAIF TO ACCOMPANY HIS MASTER
1442,HER SEGO INQUALITIES WERE EXCELLENT AND WOULD HAVE AMPLY SUFFICED FOR A CIRCUM NAVIGATION OF THE GLOBE
1443,AFTER AN APPRENTICESHIP ON A MERCHANTSHIP HE HAD ENTERED THE IMPERIAL LAVY AND HAD ALREADY REACHED THE RANK OF LIEUTENANT ON THE COUNT APPOINTED HIM TO THE CHARGE OF HIS OWN PRIVATE YAT IN WHICH HE WAS ACCUSTOMED BY FARTHER GREATER PART OF HIS TIME THROUGHOUT THE WINTER GENERALLY CREASING IN THE MEDITOR RANION WHALST IN THE SUMMER HE VISITED MORE NOR NORTHERN WATERS
1444,THE LATE ASTOUNDING EVENTS HOWEVER HAD RENDERED PROCOPE MANIFASTILY UNEASY AND NOT THE LESSO FROM HIS CONSCIOUSNESS THAT THE COUNT SECRETLY PARTED OF HIS OWN ANXIETY
1445,STEAM UP AND CANVAS SPREAD THE SCOONER STARTED EASTWARDS
1446,ALTHOUGH ONLY A MODERATE BREEZE WAS BLOWING THE SEA WAS ROUGH A CIRCUMSTANCE TO BE ACCOUNTED FOR ONLY BY THE DIMUNITION IN THE FORCE OF THE EARTHS OF THE EARTHS OF THE EARTHS OF TRACTION RENDERING THE LIQUID PARACLE SO BOY IT THAT BY THE MERE EFFECT OF OSSILATION THEY RECARRIED TO A HEIGHT THERE WAS QUITE UNPRECEDENTED
1447,FOR A FEW MILES SHE FOLLOWED THE LINE HITHERTO PRESUMABLY OCCUPIED BY THE COAST OF ALL GERIA BUT NO LAND APPEARED TO THE SOUTH
1448,THE LAW THAN THE COMPASS THEREFORE WERE ABLE TO BE CALLED UPON TO DO THE WORK OF THE SEXTENT WHICH HAD BECOME UTTERLY USELESS
1449,THERE'S NO PHEER OF THAT SIR
1450,AND THE EARTH HAS UNDOUBTEDLY ENTERED UPON A NEW ORBIT BUT SHE HAS NOT INCURRYING ANY PROBABLE RISK OF BEING PERCIPITATED ON TO THE SUN
1451,AND WHAT DEMONSTRATION DO YOU OFFER ASKED SIR VEDACT EAGERLY THAT IT WILL NOT HAPPEN
1452,OCEAN REIGNED SUPREME
1453,ALL THE IMAGES OF HIS PASSED LIFE FLOATED UPON HIS MEMORY HIS THOUGHTS SPED AWAY TO HIS NATIVE FRANCE ONLY TO RETURN AGAIN TO WONDER WITH OF THE DEBTH SEVOTION WOULD REVEAL ANY TRACES OF THE OBJERION MATROPLESS
1454,IS IT NOT IMPOSSIBLE HE MURMURED ALOUD THAT ANY CITY SHOULD DISAPPEAR SO COMPLETELY
1455,WOULD NOT THEM LOFTIEST EMINENCES OF THE CITY AT LEAST BE VISIBLE
1456,ANOTHER CIRCUMSTANCE WAS MOST REMARKABLE
1457,TO THE SITE OF A SURPRISE OF ALL AND ESPECIALLY OF LITEMATE PROCOPE THE LINE INDICATED A BOTTOM AT A NEARLY UNIFORMED GEPT OF FROM FORTIFIVE FAVOMS AND ALTHOUGH THE SOUNDING WAS PERSEVERED WITH CONTINUOUSLY FOR MORE THAN TOO HOURS OVER A CONSIDERABLE ARIA THE DIFFERENCES OF LEVEL WERE INSIGNIFICANT NOT CORRESPONDING IN THE ANY TOGRESPONDING NIFIGHANT NOT CORRESPONDING ING THERE NTHER
1458,YOU MUST SEA LIEUTENANT I SHOULD THINK THAT WE ARE NOT SO NEAR THE COAST OF OUR GERIA AS YOU IMAGINED
1459,AFTER PRONDERING A WHILE HE SAID IF WE WERE FARTHER AWAY I SHOULD EXPECT TO FIND A DEPTH OF TWO OR THREE HUNDRED FATHOMS INSTEAD OF FIVE FATHOMS FIVE FATHOMS
1460,ITS DEPTH THAT REMAINED INVARIABLE STILL FOR OR AT MOST FIVE FAVOMS AND ALTHOUGH ITS BOTTOM WAS A SIGUOUSLY DREDGED IT WAS ONLY TO PROVE IT BARON OF MAREINE PRODUCTION OF ANY TYPE
1461,NOTHING WAS TO BE DONE BUT TO PUT ABOUT AND RETURN AND DISAPPOINTMENT TOWARD THE NORTH
1462,AT ANOTHER TIME HARROW DAST
1463,WHAT IS YOUR COUNTRY ALOUGH HAVE YOU ALWAYS BEEN A CRAWL THE THRALLS EYES FLASHED
1464,TWO HUNDRED WARRIOR STATES HIS HALL AND OLLAD HIM TO BATTLE
1465,THE REST OF YOU OFF OF VIKING HE ADD THREE SHIPS
1466,THESE HE GAVE TO THREE OF MY BROTHERS
1467,BUT I STAYED DEATH SPRING AND BUILT ME A BOAT
1468,I MADE HER FROLLY TWENTY OARS BECAUSE I THOUGHT YOU MEN WOULD FOLLOW ME FROW WAS JOHN FIFTEEN YEARS OLD
1469,AT THE PROW A CARVED THE HEAD WITH OPEN MOUTH AND FORKED TONGUE THRUST OUT
1470,I PAINTED THE EYES RED FOR ANGER
1471,THERE STANDSO I SAID IN GLARE AND HIS IT MY FOAS
1472,IN THE STERN I CARVED THE TAIL UP ALMOST AS HIGH AS THE HEAD
1473,THERE SHE SAT ON THE ROLLERS IS FAIRSHIP AS I EVER SAW
1474,THEN I WILL GET ME A FARM A WILL WINTER IN THAT LAND NOW WHO A FOLLOWMY
1475,YOU'S BUT A BOWAY THE MEN SAID
1476,THIRTY MEN ONE AFTER ANOTHER RAISED THEIR HORNS AND SAID
1477,AS OUR BOAT PLASHED DOWN THE ROLLERS INTO THE WATER I MADE THIS SONG AND SCIENT
1478,SO WE HARRIED THE CURST OF NORWAY
1479,WE AID IT MANY MEN'S TABLES ON INVITED
1480,I DRAGON'S BELLY IS NEVER FALL AND ON BOARD WENT THE GOLD
1481,OH IT IS BETTER TO LIVE ON MY SEA AND LET OTHER MEN RAISE YOUR CROPS AND COOK YOUR MEALS
1482,A HOUSE SMOKE A SHIP SMOKE A SHIP SMELLS OF FROLIC
1483,UP AND DOWN THE WATER WE WENT TO GET MUCH WEALTH AND MUCH FROLIC
1484,ONE OF THE FARM ALLAH NOT YET I ANSWERED BY KING HAS BETTER FOR SUMMER
1485,YOU WAS SO DARK THAT I COULD SEE NOTHING BUT A FEW SPARKS ON THE HEARTH
1486,I STOOD WITH MY BACK TO THE WALL FOR I WANTED NO SWORD REACHING OUT OF THE DARK FOR ME
1487,COME COME ARCHALD WHEN NO OROBEYED A FIRE
1488,BY THEN LAT YES A STINGIHOS
1489,HE AGGS AS THOUGH HE HAD NOT EXPECTED US
1490,ON ABANDIAN A FAR CORNER WHERE A DOZEN PEOPLE HUDDLED TOGETHER
1491,BRING IN THE DAY BLE WE ARE HUNGRY
1492,THE THRAWLS WERE BRINGING IN A GREAT POT OF ME
1493,THEY SET UP A CRANE OVER THE FIRE AND HUNG UPON IT AND WE SAT AND WATCHED A BOIL LOW WE JOKED AT LAST THE SUPPER OF AGAIN
1494,THE FARMER SACK LOONLY ON THE BANCH AND WOULD NOT EAT AND YOU CANNOT WONDER FOR HE SAW AS PUTTING POTFULS OF HIS GOOD BATH AND BASCULOADS ABREAD AND DAR DIG MOUTHS
1495,YOU WOULD NOT HE WITH US YOU CANNOT SAY NO TO HAVE OF MY ALE I'D DRINKNESS TO YOUR HELL
1496,THEN I DRANK HALF OF THE HORNFUL AND SET THE REST TO CROSS THE FIRE TO THE FARMER HE TOOK IT THE SMILES SAY
1497,DID DREVER HAVE SUCH A LORDLY GUESSED BEFORE I WENT ON
1498,SO I WILL GIVE OUT THIS LAW THAT MY MAN SHALL NEVER LEAVE YOU ALONE
1499,HALK AND THERE SHALL BE YOUR CONSTANT COMPANION FRIEND FARMER
1500,HE SHALL NOT LEAVE YOU DARE NIGHT WITH HE WERE WORKING OR SLEEPING
1501,I NAME NINE OTHERS AND SAID
1502,AND THESE SHALL FOLLOW YOUR THRALLS IN THE SAME WAY
1503,TO I SAID GUARDS OVER EVERYONE IN THAT HOUSE
1504,SO NO TAILS GOT OUT TO THE NEIGHBORS BESIDE THERE WAS A LONELY PLACE AND BY GOOD LUCK NO ONE CAME THAT WAY
1505,THEIR EYES DANCED BIG TORLEY STOOD UP AND STRETCHED HIMSELF
1506,I'M STIFF WITH LONG SAID HE SAID I EACH FOR A FIGHT I TURNED TO THE FARMER
1507,THIS IS OUR LAST FEAST WITH YOU I SAID
1508,BY THE BEARD OF ODEN I CRIED YOU HAVE TAKEN OUR JOKE LIKE A MAN
1509,MY MEN COUNDED THE TABLE AT THEIR FIST
1510,BY THE HAMMER A THORE SHOUTED GRIM THERE IS NO STINGY COWARD
1511,HERE FRIEND TAKE IT AND THRUSTON OF THE FARMER'S HAND
1512,THAT YOU DRINK HARDSEYS FROM IT FOR MANY YEARS
1513,AND WITH IT I LEAVE YOU A NAME SIFT THE FRIENDLY I SHALL HOPE TO DRINK WITH YOU SOMETIME AND VALHALLA
1514,HERE IS A RANG PERCIFIED THE FRIENDLY AND HERE IS A BRACELET AND ASSWORD WOULD NOT BE ASHAMED TO HANG INTERSIDE
1515,I TOOK FIVE GREAT BRACES A GOLD FROM OUR TREASURE CHEST AND GAVE THEM TO HIM
1516,THAT IS THE BEST WAY IS SIDE THE SPIRIWILL ALWAYS POINT SOMEWHERE AND ONE THING IS AS GOOD AS ANOTHER
1517,THAT TIME IT POINTS IN DO YOUR FATHER SHIPS
1518,HERE THEY SAID AS A RUSKLE WHOSE BEEN HURRYING OUR COASTS
1519,WE SUNK A SHIP AND MEN BUT HIM WE BROUGHT TO YOU
1520,A ROBBER FIGHTING SAID THE KING AND HE SCALLED AT ME
1521,YES SOME WITH ALL YOUR FINGERS AT TOOK YOU A YEAR TO CATCH ME THE KING FROWN MORE ANGRILY
1522,TAKE HIM OUT TORK ALL IN LED EM TATIOR SWORD
1523,YOUR MOTHER THE QUEEN WAS STANDING BY
1524,NOW SHE PUT HER HAND ON HIS ARM AND SMILED AND SAID
1525,AND WOULD YOU NOT BE A GOOD GIFT FOR A BABY
1526,YOU'RE FATHER THOUGHT A MOMENT AND LOOKED AT YOUR MOTHER AND SMILED
1527,SOFT HEART HE SAID GENTLY TO HER THEN THE TORKLE WELL LET ENGO TORKLE
1528,THEN HE TURNED TO ME AGAIN FROWNING
1529,BUT YOUNG SHARP TONGUE NOW THE WE'VE CAUGHT YOU WILL PUT YOU INTO A TRACTED YOU CANNOT GET AT OF
1530,SO I LIVED AND NOW AM YOU TOOK THRALL WELL IT IS THE LUCK OF WAR
1531,IT WAS ONE OF THE MASTERLY AND CHARMING STORIES OF DEMALL THE ELDER
1532,IN FIVE MINUTES OWES AND A NEW WORLD AND MY BELL AND COLLER ROOM WAS FULL OF THE LIVALIOUS FRENCH COMPANY
1533,THE SOUND OF AN EMPARITIVE AN UNCOMPROMISING BELL RECALLED ME IN DUE TIME TO THE REGIONS OF REALITY
1534,EMBROWS MET MIT MAKE THE BOW OF THE STAIRS AND SHOWED ME THE WAY TO THE SUPPER ROOM
1535,SHE SIGNED TO ME WITH A GHOSTLY SLIMMINITY TO TAKE THE VACON PLACE ON THE LEFT OF HER FATHER
1536,THE DOOR OPENED AGAIN WHILE I WAS STILL STUDYING THE TWO ROTHERS WITHOUT I HONESTLY CONFESS BEING VERY FAVORABLY IMPRESSED BY EITHER OF THEM
1537,A NEW MEMBER OF THE FAMILY CIRCLE WHO INSTANTLY ATTRACTED MY ATTENTION INTERED THE ROOM
1538,A LITTLE CRACK THAT IN THE POPULAR PHRASE IS MY IMPRESSION OF THE STRANGER HE NOW MADE HIS APPEARANCE IN THE SUPPER ROOM
1539,MISTER MIDDERCROFT THE ELDER HAVING NOT SPOKEN ONE WORD THUS FAR HIMSELF INTRODUCED NEW COMER TO ME WITH A SIGH GLANCE OF HIS SONS WHICH HAD SOMETHING LIKE TO FINE SIN IT A GLANCE WHICH AS I WAS SORRY'S IN OTICE WAS RETURNED WITH THE DEFIANCE ON THEIR SIDE BY THE TWO YOUNG MEN
1540,THEY'LL BLE FRANK THIS IS MY OVERLOOKER MISTER YOGO SAID THE OLD MAN FORMLY PRESIDING US
1541,HE IS NOT WELL YOU HAS COME OVER THE OCEAN FOR REST AND CHANGE A SEA
1542,MISTER YAGO IS AN AMERICAN PHILIP
1543,MAKE ACQUAINTANCE WITH MISS YAGO SIT TOGETHER
1544,THEY POINTEDLY DREW BACK FROM JOHN YAGO AS HE APPROACHED THE EMPTITCHAIR NEXT ME AND MOVED ROUND TO THE OPPOSITE SIDE OF THE TABLE
1545,A PRETTY GIRL AND SUFFAR AS I COULD JUDGE BY APPEARANCES A GOOD GIRL TOO DESCRIBING HER GENERALLY A MAY SAY THAT SHE HAD A SMALL HEAD WELL CARRIED IN WELL SEVERAL SHOULDERS BRIGHT GREY EYES THAT LOOKED AT YOUR HONESTLY AND MEANT WITH THEY LOOKED A TRIM SLIGHT FOR OUR ENGLISH NOTIONS OF BEAUTY A PLEASANTLY TONE BOYS WHICH MADE THE ACCENT A GREEABLE TO ENGLISH YEARS
1546,OR FIRST IMPRESSIONS OF PEOPLE ARE IN NINE CASE IS ATTITUDE THE RIGHT IN PRESSIONS
1547,FOR ONE SO AWAY I PROVED A TRUE PROFIT
1548,THE ONLY CHEERFUL CONVERSATION WAS THE CONVERSATION ACROSS THE TABLED TWENTY
1549,YOU LOOKED UP A NARROW MAY DOWNING LAY FROM HIS PLAY AND LOOKED DOWN AGAIN SLOWLY WITH A FRAM
1550,WHEN I ADDRESSED HIM HE ANSWERED CONSTRAINTLY
1551,A MORE DREARIAN MORE DISY UNITED FAMILY PARTY I NEVER SET OF TABLE WITH
1552,ENVY HATRED MALICE AND UNTERRIBLENESS OR NEVER SO ESSENTIALLY DETESTABLE TO MY MIND AS WHEN THEY ARE ANIMATED BY THE SENSE OF PROPRIETY AND WORK UNDER THE SURFACE BUT FOR MY INTEREST IN THE LITTLE LOVE LOOKS WHICH I NOW AND THEN'S PRIZED PASSING TO THAT SUPPER
1553,I WISH YOU GOOD NIGHT SHE LAID HER BONY HANDS ON THE BACK OF MISTER METACROSS INVILITCHAIR HAD HIM SHORTEN HIS FAIR WELL SOLIUTATION TO ME AND WE'LL DEMOUNT TO HIS BED AS IF SHE WERE WHEELING HIM OUT TO HIS GRAVE
1554,YOU WERE QUITE RIGHT TO SAY NO EMBER IS BEGAN NEVER SMOKE WHICH HONEYAGO IS CIGARDS WILL POISON YOU
1555,THEY ONLY TROOK A FOREFING A REPROACHFULLY AT THEM AS IF THE TWO STIRTY YOUNG FARMERS HAD BEEN TWO CHILDREN
1556,SILENCE LUNK AWAY WITHOUT A WORD OF PROTEST AMBROSS TO HIS GROUND EVIDENTLY BENT I'M MAKING HIS PEACE WHEN NOW ME BEFORE HE LEFT HER SEEING THAT I WAS IN THE WAY I WALKED A SIDE TOWARD A GLASS DOWARD THE LOWER END OF THE ROOM
1557,IT IS MANIFEST THAT MAN IS NOW SUBJECT TO MUCH VERY ABILITY
1558,SO IT IS WITH THE LOWER ANIMALS
1559,THE VERY BILLITY OF MOLTIBLE PARTS
1560,BUT THIS SUBJECT WILL BE MORE PROPERLY THIS GUST WOOL RETREAT OF THE DIFFERENT RACES OF MANKIND
1561,EFFECTS OF THE YOUNG CREASED USE AND THIS USE OF PARTS
1562,CHAPTER SEVEN ON THE RACES OF MAN
1563,AND DETERMINING WHETHER TWO MORE ALLIED FORMS OUGHT TO BE RANK TO SPECIES OF ARIETIES NATURAL SURPRATICALLY GUIDED BY THE FOLLOWING CONSIDERATIONS NAMELY THE AMOUNT OF DIFFERENCE BETWEEN THEM AND WHETHER SUCH DIFFERENCES RELATE FEW OR MANY POINTS ESTRUCTURE AND WHETHER THEY ARE CONSTANT
1564,I LEVID O'CLOCK HAD STRUCK IT WAS A FINE CLEAR NIGHT THERE WERE THE ONLY PERSONS ON THE ROAD AND THEY SANTED LEISURELY ALONG TO VOID PAYING THE PRIZE OF FATIGUE FOR THE RECREATION PROVIDED FOR THE TOLEADONS AND DEVALLEY OR ON THE BANKS OF THEIR RIVER
1565,SECURE AS HE THOUGHT IN THE CAREFUL HAD BEEN IS STRATION OF JUSTICE IN THAT CITY AND THE CHARACTER OF ITS WELL DISPOSED THEM HABITANTS THE GOOD HAD ALGO WAS FAR FROM THINKING THAT ANY DISASTER COULD BE FALL HIS FAMILY
1566,WERE DALFUL AND HIS COMPANIONS WITH THEIR FACES MUFFLED IN THEIR CLOAKS STARED RUDELY AND INSOLENTLY AT THE MOTHER THE DAUGHTER AND THE SERVANT ME
1567,IN A MOMENT HE COMMUNICATED HIS THOUGHTS TO HIS COMPANIONS AND IN THE NEXT MOMENT THEY RESOLVED TO TURN BACK AND CARRY AROUGH TO PLEASE WERE DOLFUL FOR THE RICH WHO ARE OPEN HANDED ALWAYS FINE PARASIZED READY TO ENCOURAGE THEIR BAD PREPENSITIES AND TO EFFECT WAS THE WORK OF A MOMENT
1568,THEY DREW THEIR SWORDS HID THEIR FACES IN THE FLAPS OF THEIR CLOAKS TURNED BACK AND SOON CAME IN FRONT OF THE LITTLE PARTY WHO HAD NOT YET DONE GETTING SANKS TO GOD FOR THE RESCAPE FROM THOSE ODATIOUS MEN
1569,FINALLY THE ONE PARTY WENT OFF EXALTING AND THE OTHER WAS LEFT IN DESOLATION AND WILL
1570,RUDOLPHORIVED AT HIS OWN HOUSE WITHOUT ANY IMPEDIMENT ALTHOUGH KATEOUS PARENTS REACHED THEIRS HEART BROKEN AND DESPAIRING
1571,MEANWHILE WHO DOLFUL HAD LOCAYA SAFE IN HIS CUSSITY AND IN HIS OWN APARTMENT
1572,QUATACHOUS ME AND I AM BED
1573,MOTHER DAY YOUR FATHER DO YOU HARE ME
1574,IT IS THE ONLY A MEN'S I ASK OF YOU FOR THE WRONG YOU HAVE DONE ME
1575,SHE FOUND THE DOOR BUT IT WAS LOCKED OUTSIDE
1576,SHE SUCCEEDED IN OPENING THE WINDOW AND A MOONLIGHT SHOWN IN SO BRIGHTLY THAT SHE COULD DISTINGUISH THE COLOR OF SOME DAMASK HANGING IN THE ROOM
1577,SHE SAW THAT THE BED WAS GUILDED AND SO RICH THAT IT SEEMED THAT OF A PRINCE THE BROTHER THAT OF A PRIVATE GENTLEMAN
1578,AMONG OTHER THINGS ON WHICH SHE CAST HER EYES WAS A SMALL CRUCIFIX OF SOLID SILVER STANDING ON A CABINET NEAR THE WINDOW
1579,THIS PERSON WAS REDULFUL WITHOUGH HE HAD GONE TO LOOK HER HIS FRIENDS HAD CHANGED HIS MIND IN ACRESPECT NOT THINKING IT ADVISABLES WHO ACQUAINTED THEM BUT WHAT HAD PASSED BETWEEN HIM IN THE GIRL
1580,ON THE CONTRARY HE RESOLVED TO TELL THEM THAT REPENTING OF HIS VIOLENCE AND MOVED BY A TEAR SHE HAD ONLY CARRIED HER HALF WAY TOWARDS HIS HOUSE AND THEN LETTER GO
1581,CHOKING WITH EMOTION LIEUCADIA MADE A SIGN TO HER PARENTS THAT SHE WISHED TO BE ALONE WITH THEM
1582,THAT WILL BE VERY WELL MY CHILD REPLIED TO FATHER IF YOU'LL PLAN WHEN NOT LIABLE TO BE FRESTRATED BY ORDINARY CUNNING BUT NO DOUBT THIS IMAGE HAD BEEN ALREADY MISSED BY HIS OWNER AND HE WILL HAVE SET IT DOWN FASCERTAIN THAT IT WAS TAKEN OUT OF THE ROOM BY THE PERSON HE LOCKED UP THERE
1583,WHAT YOU HAD BEST DUE MY CHILD IS TO KEEP IT AND PRAYTO IT THAT SINS IT WAS A WITNESS TO YOUR UNDOING IT WILL DAIN TO VENDICATE YOUR CAUSE BY THE RIGHTEOUS JUDGMENT
1584,THUS STOOD AS SHE MAIN AND RIGHT MINDED FATHER COMFORT HIS UNHAPPY DAUGHTER AND HER MOTHER EMBRACING HER AGAIN IT ALL SHE COULD TO SOOTHE FEELINGS
1585,SHE MEANWHILE HAS HER LIFE WITH HER PARRONS IN THE STRICTUS TO RETARMINED NEVER LETTING HERSELF BE SEEN BUT SHUNNING EVERY EYELISTED SHOULD READ HER MISFORTUNE IN HER FACE
1586,TIME ROLLED ON THE HOUR OF HER DELIVERY ARRIVED IT TOOK PLAYS AND THE OUTBOTH SECRECY HER MOTHER TAKEN UP ON HER THE OFFICE OF MIDWIFE AS SHE GAY BIRTH TO A SON WHAT OF THE MOST BEAUTIFUL EVER SEEN
1587,AND THE BOY WALKED THROUGH THE STREETS BLESSINGS WHERE SHOWERED UPON HIM BY ON WHO SAW HIM BLESSING UPON HIS BEAUTY UPON THE MOTHER THE BOARD HIM UPON THOSE WHO BROUGHT HIM UPON THOSE WHO BROUGHT HIM OUT SO WELL
1588,ONE DAY WHEN THE BOY WAS SENT BY HIS GRANDFATHER WITH A MESSAGE TO A RELATION HE PASSED ALONG A STREET IN WHICH THERE WAS A GREAT CONCOURSE OF HORSEMEN
1589,THE BED SHE TOO WELL REMEMBERED WAS THERE AND ABOVE ALL THE CABINET ON WHICH HAD STOOD THE IMAGE YET TAKEN AWAY WAS STILL IN THE SAME SPOT
1590,LOUISE WAS OUT OF DANGER IN A FORTNIGHT IN A MONTH HE AROSE FROM HIS BED AND JOINING ALL THAT TIME HE WAS VISITED DAILY BY HIS MOTHER AND GRANDMOTHER AND TREATED BY THE MASTER AND MISTRESS OF THE HOUSE AS IF HE WAS THEIR OWN SHILD
1591,THUS SAYING AND PRESSING THE CRUSS OF FIXED HER BREAST SHE FELL FAINTING INTO THE ARMS OF DANNIEREST OF FANNIA WHO WAS A GENTLE WOMAN TO WHOSE SIX PITEOUS TO MAN INSTANTLY PRESSED HER LIPS TO THOSE OF THE FAINTING GIRL SHUTTING OVER HER SO MANY TEARS THAT THERE NEEDED NO OTHER SPRINKLY OF WATER TO RECOVER NO CADIA FROM HER SOON
1592,I HAVE QUEAT THINGS TO TELL YOU SIGNOR SAID DONE AS TO FIND YET TO HER HUSBAND THE CREAM IN SUBSTANCE OF WHICH IS THIS THE FAINT IN GIRL BEFORE YOU IS YOUR DAUGHTER AND A BOY IS YOUR GRANDSON
1593,THIS TRUTH WHICH I HAD LEARNED FROM HER LIVES IS CONFUMED BY HIS FACE AND WISH WE HAD BOTH BEHELD THAT OF OUR SON
1594,JUST THEN LIOCADIA CAME TO HERSELF AND EMBRACING THE CROSS SEEMED CHANGED INTO A SEA OF TEARS AND THE GENTLEMAN REMAINING IN ASHER THEY WILDERMENT UNTIL US WIFE HAD REPEATED TO HIM FROM THE GUINEAN TWIN THE OCCADE US WHOLE STORY AND HE BELIEVED IT THROUGH THE BLESS A DISPONSATION OF HEAVEN WHICH HAD CONFIRMED IT BY SO MANY CONVINCE INTESTIMONS
1595,SO PERSUASIVE WERE HER AND TREATIES AS SO STRONG RESURENCE AS THAT NO HARM WHATEVER COULD RESOLVE TO THEM FROM THE INFLAMMATION SHE SOUGHT THEY WERE INDUCED TO CONFESS THAT ONE SUMMER'S NIGHT THE SAME SHE ADMENTIONED THEMSELVES AT ANOTHER FRIEND BEING OUT ON THE STROLL WITH HER DOLLFUL CARE IT OFF WHILST THE REST OF THEM DETAINED HER THEY COULD
1596,FOR GOT SAKE MY LADY MOTHER GIVE ME A WIFE WHO WOULD BE IN AGREEABLE COMPANION NOT ONE WHO WOVED IS GUST ME USE OF THAT WE MAY BOTH BEAR EVENLY AND WITH MUTUAL GOOD WILL THE YOKE IMPOSED ON US BY HEAVEN HAS SET OPPULLING THIS WAY AND THAT WAY AND FRETTING EACH OTHER TO DEATH
1597,HER BEARING WAS GRACEFUL AND ANIMATED SHE LED HER SON BY THE HAND AND BEFORE HER WALKED TWO MAIDS WITH WAX LIGHTS AND SILVER CANNEL STICKS
1598,ALL ROSE TO DO HER REVERENCE AS IF SOMETHING FROM HEAVEN HAD MIRACULOUSLY APPEARED BEFORE THEM BUT GAZING ON HER AND TRANSWITH ADMIRATION NOT ONE OF THEM WAS ABLE TO ADDRESS A SINGLE WORD TO HER
1599,SHE REFLECTED HOW NEAR SHE STOOD TO THE CHRISIS WHICH WAS TO DETERMINE WHETHER SHE WAS TO BE BLESS OR UNHAPPY FOREVER AND RACKED BY THE INTENSITIVE HER EMOTIONS SHE SUDDENLY CHANGED COLOR HER HEAD DROPPED AND SHE FELL FORWARD IN A SWOMAN TO THE ARMS OF THE DISMADEST APHONIA
1600,HIS MOTHER HAD LEFT HER TOO HIM AS BEING HER DESTINED PROTECTOR BUT WHEN SHE SAW THAT HE TOO WAS INSENSIBLE SHE WAS NEAR MAKING A THIRD AND WOULD HAVE DONE SO HAD DID NOT COME TO HIMSELF
1601,NO THEN SUN ON MY HEART THAT THIS FAINTING LADY IS YOU REAL BRIDE I SAY REAL BECAUSE SHE IS THE ONE WHOM YOU FATHER AND I HAVE CHOSEN FOR YOU AND A PORTRAIT WAS APPRETANCE
1602,JUST AT THE MOMENT WHEN THE TEARS OF THE PITYING TO HOLD AS FLOWED FASTIST AND THEIR EJACULATIONS WHERE MOST EXPRESSIVE OF DESPAIR THE OCCADIA GAZE SIGNS OF RECOVERY AND BROUGHT BACK GLADNESS FOR THE HEARTS OF ALL
1603,WHEN SHE CAME TO HER SENSES AND BLUSHING TO FIND HERSELF AND REDOLPH WAS ARMS WOULD HAVE DISENGAGED HERSELF NO SENERA HE SAID THAT MUST NOT BE STRIVED NOT TO ADDROFT FROM THE HUMS OF HIM WHO HOLD YOU IN HIS SOUL
1604,THIS WAS DONE FOR THE EVENT TOOK PLAYS AT A TIME WHEN THE CONSENT OF THE PARTIES WAS SUFFICIENT FOR THE CELEBRATION OF THE MARRIAGE WITHOUT ANY OF THE PERLIMINARY FORMALITIES WHICH ARE NOW SO PROPERLY REQUIRED
1605,NO IS WERE DOLFUL LESS SURPRISED THAN THEY AND A BETTER TO ASSURE HIMSELF SO WONDERFUL EFFECT HE BEGGED LOCATIA TO GIVE HIM SOME TOKEN WHICH SHOULD MAKE PERFECTLY CLEAR TO HIM THAT WHICH INDEED HE DID NOT DOUBT SINCE IT WAS AUTHENTICATED BY HIS PARENTS
1606,YOU KNOW CAPTAIN LAKE
1607,SAID LORD CHELVERED ADDRESSING ME
1608,HE HAD HIS HAND UPON LAKE SHOULDER
1609,THEY ARE COUSINS YOU KNOW WE ARE ALL COUSINS
1610,WHATEVER LORD CHELFORD SAID MISS GRANDIN RECEIVED IT VERY GRACIOUSLY AND EVEN WITH A MOMENTARY SMILE
1611,BUT HER GREETING TO CAPTAIN LAKE WAS MORE THAN USUALLY HAUGHTY AND FROZEN AND HER FEATURES I SHANCIED PERTICULARLY PROUD AND PALE
1612,AT DINNER LAKE WAS EASIENT AMUSING
1613,I'M GLAD YOU LIKE IT SAYS WIRELDER CHUCKLING BENIGMANTLY HONEY OVER HIS SHOULDER
1614,I BELIEVE I HAVE A LITTLE TEAST THAT WAY THOSE ARE ALL REAL YOU KNOW THOSE JEWELS
1615,AND HE PLACED IT IN THAT GENTLEMAN'S FINGERS WHO NOW TOOK HIS TURNED THE LIMP AND CONTEMPLY THAT THE LITTLE PARALLEL AGRAM WITH A GLEAM OF SLY AND USEMENT
1616,I WAS THINKING IT'S VERY LIKE THE ASE OF HEARTS ANSWERED THE CAPTAIN SOFTLY SMILING ON
1617,WHEREUPON LAKE LAUGHED QUIETLY STILL LOOKING ON THE ACE OF HEARTS WITH HIS SLY EYES
1618,AND WILDER LEFT TO MORE SUDDENLY ANNOYSILY THAN THE HURE OF THE JOKE SEEMS QUITE TO CALL FOR AND GLANCED A GRIM LOOK FROM THE CORNERS OF HIS EYES UNLEAK BUT THE GALLANT CAPTAIN DID NOT SEEM TO PERCEIVE IT AND AFTER A FEW SECONDS MORE HE HANDED IT VERY INNOCENTLY BACK TO MISSUS DARTHY ONLY REMARKING
1619,DO YOU KNOW LAKE OH I'VE REALLY CAN'T TELL BUT HE'LL SOON TIRE OF COUNTRY LIFE
1620,HE'S NOT A MAN FOR COUNTRY QUARTERS
1621,I HOW HOW HEROD DREAM ABOUT HIM LAST NIGHT THEY
1622,OH I KNOW THAT'S LORN BREANDON
1623,ALL THE TIME HE WAS TALKING TO ME HE'S ANGRY LITTLE EYES WERE FOLLOWING LAKE
1624,MISS LAKE DECLINED THE CARRIAGE TO NIGHT
1625,AND HE ADDED SOMETHING STILL LESS COMPLIMENTARY
1626,BUT TAUGHT THESE VERY WISE THINGS SOMETIMES TURN OUT VERY FOOLISHLY
1627,IN THE MEANTIME I HAD FORMED A NEW IDEA OF HER
1628,I THIS TIME LORD CHILVERED A WOLDER RETURNED AND DISGUSTED RATHER WITH MYSELF I RUMINEDED ON MY WANT OF GENERALSHIP
1629,AND HE MADE A LITTLE DIP OF HIS CAME TOWARDS BRANDED HAW OVER HIS SHOULDER
1630,YES SO THEY SAID BUT DOUBT WOULD I THINK HAVE BEEN WORSE
1631,IF A FELLOWS BEEN A LITTLE BICK WILD HE IS BEALS ABOUT IT ONCE
1632,BRAPTONS A VERY GOOD FELLOW I CAN ASSURE YOU
1633,I DON'T KNOW MY CAN'T SAY HOW YOU FIND GENTLEMAN DEFINE WICKEDNESS ONLY AS AN OBSCURE FEMALE I SPEAK ACCORDING TO MY LIGHTS AND HE IS GENERALLY THOUGHT THE WIGOTEST MAN IN THIS COUNTY
1634,WELL YOU KNOW RADY WOMEN LIKE WICKED FELLOWS IT IS CONTRAST I SUPPOSE BUT THEY DO AND I'M SURE FROM WHAT DRACTING HAS SAID TO ME I KNOW HIM INTIMATELY THAT DORK US LIKE SOME AND I CAN'T CONCEIVE WHY THEY ARE NOT MARRIED
1635,THEIR WALK CONTINUED SILENT FOR THE GREATER PART NEITHER WAS QUITE SATISFIED WITH THE OTHER BUT RACHEL AT LAST SAID
1636,NOW THAT'S IMPOSSIBLE RADY FOR I REALLY DON'T THINK I WANTS THOUGHT OF HIM ALL THE SEVENING EXCEPT JUST WHILE WE WERE TALKING
1637,THERE WAS A BRIGHT MOONLIGHT BROKEN BY THE SHADOWS OF OVERHANGING BOWS AND WITH HER LEAVES AND THE MODEL LIGHTS AND SHADOWS GLIDED ADDLY ACROSS HIS PALE FEATURES
1638,DON'T INSULT ME STANDLY BY TALKING AGAIN AS YOU DID THIS MORNING
1639,WHEN I SAY IS ALTOGETHER ON YOUR OWN ACCOUNT
1640,MARK MY WORDS YOU'LL FIND HIM TOO STRONG FOR YOU I AND TOO DEEP
1641,I AM VERY UNEASY ABOUT IT WITH EVER IT IS I CAN'T HELP IT
1642,TO MY MIND THERE HAS ALWAYS BEEN SOMETHING INEXPRESSIBLY AWFUL INFAMILY FUTES
1643,THE MYSTERY OF THEIR ORIGIN THEIR CAPACITY FOR EVOLVING LATEN FACULTIES OF CRIME AND THE STUDY BY TALITY WITH WHICH THEY SURVIVED THE HERS AND SPEAK THEIR DEEP MOUTH IN THE LIGNITIES IN EVERY NEWBORN GENERATION HAVE A SOCIETED THEM SOMEHOW IN MY MIND WITH A SPECIAL SATANAC ACTION
1644,THE FLOOR MORE THAN ANYTHING OUTSE SHOWED THE GREAT AGE OF THE ROOM
1645,MY BED WAS UNEXCEPTIONAL BLEE COMFORTABLE BUT IN MY THEN ROOD I COULD HAVE WISHED IT A GREAT DEAL MORE MODERN
1646,ITS CORDANS WERE OF THICK AND FEEDED TATHESTRY
1647,ALL THE FURNITURE BELONGED OTHER TIMES
1648,I SHAN'T TROUBLE YOU ABOUT MY TRAIN OF THOUGHTS OR VANCIES BUT I BEGAN TO FEEL VERY LIKE A GENTLEMAN IN THE GOE STORY WATCHING EXPERIMENTALLY IN A HAUNTED CHABER
1649,I DID NOT EVEN TAKE THE PERCAUTION OF SMOKING UP THE CHIMNEY
1650,I BOLDLY LIGHTED MY TROOT
1651,A COLD BRIGHT MOON WAS SHINING WITH CLEAR SHARP LIGHTS AND SHADOWS
1652,THE SOMBRE OLD TREES LIKE JOGAN TO COARSE PLOOMS BLACK AND AWFUL
1653,SOMEHOW I HAD GROWN NERVOUS
1654,A LITTLE BIT OF PLASTER TUMBLED DOWN THE CHIMMIE AND STARTLED ME CONJOUNDEDLY
1655,IT WAS NOT VERY MUCH PASSED ELEVEN THAT MORNING WHEN THE PONY CARRIAGE FROM BRANDON DREW UP BEFORE THE LITTLE GARDEN WICKED OF REDOMAN'S FARM
1656,WELL SHE WAS BETTER THOUGH SHE HAD HAD A BAD NIGHT
1657,SO THEIR CAME A STEP AND THE LITTLE RUSTLING OF FEMINING DRABERIES THE SMALL DOOR OPENED AND RACHEL ENTERED WITH HER HAND EXTENDED AND A PALE SMILE OF BULCOME
1658,WOMEN CAN HIDE THEIR PAIN BETTER THAN WE MEN AND BEAR IT BETTER TOO EXCEPT WHEN SHAME DROPS FIRE INTO THE DREADFUL CHALLACE
1659,BUT POOR REGILATELY HAD MORE THAN THAT STOLICAL HAD POCKERCY WHICH ENABLES THE TORTURED SPIRITS OF HER SEX TO LIFT A PALE FACE THROUGH THE FLAMES AND SMILE
1660,THIS TRANSIC SPRING AND LATING UP OUR BEAUTIFUL A GLANOR BEGUILING OUR SENSES
1661,THERE WAS SOMETHING OF SWEETNESS AND THOUGHNESS IN HER TONES AND MANNER WHICH WAS NEWD OF RACHEL AND COMFORTY AND SHE RETURNED THE GREETING AS KINDLY AND FELT MORE LIKE HER FORM HERSELF
1662,RAGELS CALE AND SHARPENED FEATURES AND DILATED EYE STRUCK HER WITH A PEANFUL SURPRISE
1663,YOU HAVE BEEN SO ILL MY POOR REACHER
1664,ILL AND TROUBLED DEAR TROUBLED IN MISERABLY NERVOUS
1665,POOR RACHEL HER NATURE RECOILED FROM DECEIT AND SHE TOLD AT OLEVENTS AS MUCH OF THE TRUTH AS SHE DARED
1666,SHE SPOKE WITH A SUDDEN ENERGY WHICH PARTOOK OF FEAR AND PASSION AND FLUSHED HER THING CHEEK AND MADE HER LANGUID EYES FLASH
1667,THANK YOU RACHEL MY COUSIN RACHEL MY ONLY FRIEND
1668,CHELFORD HAD A NOTE FROM MISTER WALLDER THIS MORNING ANOTHER NOTE HIS COMING DELAYED AND SOMETHING OF HIS HAVING TO SEE SOME PERSON WHO WAS A BROAD CONTINUED DIRCUS AFTER A LITTLE PAUSE
1669,YES SOMETHING EVERYTHING SAID RACHEL HEARDLY LOOKING FROWNINGLY AT A FLOWER WHICH SHE WAS TWIRLY IN HER FINGERS
1670,YES SAID RACHEL
1671,AND THE WAN ORACLE HAVING SPOKEN SHE SAT DOWN IN THE SAME SORT OF ABSTRACTION AGAIN BESIDE DORCAS AND SHE LOOKED FULL IN HER COUSIN'S EYES
1672,OF MARK WILDER I SAY THIS HIS NAME HAS BEEN VERY YEARS HATEFUL TO ME AND RECENTLY IT HAS BECOME FRIGHTFUL AND YOU WILL PROMISE ME SIMPLY THIS THAT YOU WILL NEVER ASK ME TO SPEAK AGAIN ABOUT HIM
1673,IT IS AN ANTIPATHY AND INTIPATHY I CAN NOCK AT OVERDORKUS YOU MAY THINK IT A MADNESS BUT DON'T GLAIN ME
1674,I HAVE VERY FEW TO LOVE ME NOW AND I THOUGHT YOU MIGHT LOVE YOU
1675,AND SHE THREW HER ARMS ROUND HER COUSIN'S NECK AND GRAVE REACHEL AT LAST BURST INTO TEARS
1676,DORCAS IN HER STRANGE WAY WAS MOVED
1677,I LIKE YOU STILL RACHEL I'M SURE ALL ALWAYS LIKE YOU
1678,YOU RESEMBLE ME RACHEL YOU ARE FEARLESS AND INFLEXIBLE AND GENEROUS
1679,YES RACHEL I DO LOVE YOU
1680,THINK YOU DORK AS YEAR
1681,HE BEGAN A CONFUSED COMPLAINT AGAINST THE WISER WHO HAD VANISHED BEHIND THE CURTAIN ON THE LEFT
1682,KIVE NOT SO EARNEST A MIND TO THESE MUMMORY IS CHILD
1683,A GOLDEN FORTUNE AND A HAPPY LIFE
1684,HE WAS LIKE UNTO MY FATHER IN A WAY AND YET WAS NOT MY FATHER
1685,ALSO THERE WAS A STRIPLING PAGE WHO TURNED INTO A MAID
1686,THIS WAS SO SWEET A LADY SIR AND IN SOME MANNER I DO THINK SHE DIED
1687,BUT THEN THE PICTURE WAS GONE AS QUICKLY AS IT CAME
1688,SISTER KNOW DO YOU HEAR THESE MARVELS
1689,TAKE YOUR PLACE AND LET US EE WITH THE CRYSPAL CAN SHOW TO YOU
1690,LIKE AS NOT YOUNG MASTER THOUGH I AM AN OLD MAN
1691,FORTH WITH ALL RAN TO THE OPENING OF THE TENT TO SEE WHAT MIGHT BE A MISS BUT MASTER WILL WHO PEEPED OUT FIRST NEEDED NO MORE THAN ONE GLANCE
1692,HE GAVE WAY TO THE OTHERS VERY READILY AND RETREATED UNPERCEIVED BY THE SQUIRE AND MISTRESS FITZ OF TO THE REAR OF THE TEBT
1693,CRIES OF A KNOTTING HIM ON KNOTING HIM
1694,BEFORE THEM FLED THE STROLLER AND HIS THREE SONS CAPITALIST AND TERRIFIED
1695,WHAT IS THAT TUMULT AND RIGHTING CRIED OUT THIS QUIRE AT THE RITATIVELY AND HE BLUE TWICE ON THE SILVER WHISTLE WHICH HUNG IT HAS BUILT
1696,NAY WE REFUSED THEY WERE QUEST MOST POLITELY MOST NOBLE SAID THE LITTLE STROLLER
1697,AND THEN MAY BECAME VEXED AND WOULD HAVE SENATURE PURSED FROM US
1698,I COULD NOT SEE MY BOY INJURED EXCELLENCE FOR BUT DOING HIS DUTIES ONE OF COMBERLAIN SONS
1699,SO BY DID PUSH THIS VILLOW
1700,IT IS E NOUGH SAID GEORGE GAME WILL SHARPLY AS HE TURNED UPON THE CROWD
1701,SHE MON YOU CITIZENS CRIED HE I BULLUSH FOR MY FELLOWS OF NOTTING HIM
1702,SURELY WE CAN SO MIT WITH GOOD GRACE
1703,TIS FIND FOR YOU TO TALK OLD MAN ANSWERED THE LEAN SO IN A PRENTICE
1704,BUT I RESOLVED WITH HIS FELLOW AND DO KNOW THAT HE PLAYED ON FAIRLY IN THE SECOND BOUNT
1705,SPOKE THIS QUIRE LOSING ALL PATIENT AND IT WAS TO YOU THAT HAD GAVE ANOTHER PERSON CONSOLATION
1706,COME TO ME MEN HERE HE RAISED HIS VOICE DILL LOUDER
1707,THE STROLLERS TOOK THEIR PARTNET WITH HARD ESSESSED NOW AT THEY HAD SOME CHANCE OF BEATING OFF THEIR FOSE
1708,ROBBID IN THE LITTLE TUMPLER BETWEEN THEM TRY TO FORCE THIS QUIRE TO STAND BACK AND VERY VALUATELY DID THESE TWO COMPORT THEMSELVES
1709,THE HEADEN CHIEF OF THE RIOT THAN AUDING HAM A PRENTICE WITH CLENCH FISTS THREATENED MOUNT FOUSSET
1710,THE SQUIRE HELPED A THRUST THEM ALL LAND AND ENTERED TWIFTLY HIMSELF
1711,NOW BE SILENT ON YOUR LIVES HE BEGAN BUT THE CAPTURED A PRENTICE SET UP AN INSTANT SHOUT
1712,SILENCE YOU NAVE CRIED MONTPHI SHAY
1713,HE FELT FOR AND FOUND THE WIZARD'S BLACK CLOTH THE SQUIRE WAS QUITE OUT OF BREATH
1714,THRUSTING OPEN THE PROPER ENTRANCE OF THE TENT ROBIN SUDDENLY RUSHED FORTH WITH HIS BURDEN WITH A GREAT SHOUT
1715,A MOFFIE SHAY A MONTHBE SHAY GAME WELL TO THE RESCUE
1716,TAKING ADVANTAGE OF THIS THIS QUIRES TO YOU MEN REDOUBLED THEIR EFFORTS AND ENCOURAGED BY ROBINS IN THE LITTLE STROLLER'S CRIES FALTH THEIR WAY TO HIM
1717,GEORGE MONTH FEW SHAY WILL NEVER FORGET THIS DAY
1718,WHAT IS YOUR NAME LORDING ASKED A LITTLE STROLLER PRESENTLY
1719,ROBBIN FITSERF
1720,AND MINE AS WILL STUTLY SHALL WE BECOME RADS
1721,RIGHT WILLINGLY FOR BETWEEN US WE HAVE ONE THE BETTLE ANSWERED BROBBIN
1722,I LIKE YOU WILL YOU ARE THE SECOND WILL THAT I HAVE MET IN LIKE WITHIN TWO DAYS IS THERE AS SIGN ON THAT
1723,MONTHBICHET CALLED OUT FOR ROBBIN TO GIVE HIM AN ARM
1724,FOR ENDS SAID MONTPHY SHAFE FAINTLY TO THE RESTLERS BARE US ESCORTS OF FAR THE SHERIES HOUSE
1725,IT WILL NOT BE SAFE FOR YOU TO STAY HERE NOW
1726,PRAY FOLLOW US WITH MIND IN MY LORD SHERIFFS MEN
1727,NODDING HIM CASTLE WAS REACH AND ADMITTENED WAS DEMANDED
1728,MASTER MONSOE THE SHERIFF OF NODDING HIM WAS MIGHTILY PUT ABOUT WHEN TOLD OF THE RIDING
1729,AND HANRY MIGHT RETURNED INWANT AT ANY MOMENT
1730,HAVE YOUR WILL CHILD IF THE BOY ALSO WILLS IT MONTGO SHAY ANSWERED FEELING TO ILL TO OPPOSE ANYTHING VERY STROMPLY JUST THEN
1731,HE MADE AN EFFORT TO HIDE HIS CONDITION FROM THEM ALL AND ROBIN FELT HIS FINGERS TIGHTEN UPON HIS ARM
1732,BEGGED ME A ROOM OF THE SHERIFF CHILD QUICKLY
1733,BUT WHO IS THIS FELLOW PLUCKY IT RESTEIVE
1734,HE IS MY ESQUIRE EXCELLENCY RETURNED ROBIN WITH DIGNITY
1735,MISTRESS FITZUT HAD BEEN CARRIED OFF WITH THE SERIFF'S DAUGHTER AND HER MADE SAYS SOON AS THEY HAD ENTERED THE HOUSE SO THAT BROPPIN ALONE HAD THE CARE OF MODFUSHAME
1736,ROPPIN WAS GLAD WHEN AT LEG THEY WERE LEFT TO THEIR OWN DEVICES
1737,THE WINDED CERTAINLY BRING BACK THE COLOR TO THIS QUIRES CHEEKS
1738,THESE ESCAPATES ARE NOT FOR OLD GAME WELL LAD HIS DAY HAS COME TO TWILIGHT
1739,WILL YOU FORGET ME NOW
1740,IT WILL BE NO DISAPPOINTMENT TO ME
1741,NO THANKS I AM GLAD TO GIVE YOU SUCH EASY HAPPINESS
1742,YOU ARE WORTHY LEAGUE WILL PRESENTLY WHISPERED ROBIN THE WINE HAS WORKED A MARFUL
1743,I AND SHOW YOU SOME PRETTY TRICKS
1744,YOUNG FITZ YOUTH HAD BEEN COMMANDED TO HIS MOTHER'S CHAMBER SO SOON AS HE HAD COME OUT FROM HIS CONVERSE WITH THE SQUIRE
1745,THERE BEFELL AN ANXIOUS INTERVIEW MISTRESS FITZ WHO ARGUING FOUR IN AGAINST THE SQUIRE'S PROJECT IN A BREATH
1746,MOST OF ALL ROBIN THOUGHT OF HIS FATHER WHAT WOULD HE COUNSEL
1747,IF VER WIN YOU BEGGAR YOURSELF I CANNOT STAY YOU
1748,BUT TAKE IT WILL STYLIVE AND WHERE MONTH FEASHES SHIELD IN THE DAYS WHEN MY EYES CAN BE REJOICED BY SO BRAVE THE SIGHT FOR YOU WILL NEARER DISGRACE OUR STUTCH AND I WARRANT ME
1749,THE LAD HAD CHACKED HIM THEN
1750,NEVER THAT SIR HE HAD SAID
1751,HE WAS INDEEP PONVERSE WITH THE CLERK AND ENTERED THE WHOLE HOLDING HIM BY THE ARM
1752,NOW TO BED BOY
1753,TIS LATE AND I GO MYSELF WITHIN A SHORT SPACE
1754,DOES MISS YOUR SQUIRE ROBIN AND BID ME GOOD EIGHN
1755,AS ANY AN ENGLAND I WOULD SAY SET CAME WHILE PROUDLY THAT IS IN HIS DAY
1756,YET HE WILL TEACH YOU A FEW TRICKS WHEN WORNING HIS COME
1757,THERE WAS NO CHANF TO ALTER HIS SLEEPING ROOM TO ONE NEARER TO GAME WELL'S CHAMBER
1758,PRESENTLY HE CROSSED THE FLOOR OF HIS ROOM WITH DECIDED STEP
1759,WILL CRIED HE SOFTLY AND STUTLY WHO ACHOSEN HIS COUNT RECROSS THE DOOR OF HIS YOUNG MASTER'S CHAMBER SPRANG UP AT ONCE HAD ANSWER
1760,WE WILL GO OUT TOGETHER TO THE BOWER THERE IS A WAY DOWN TO THE COURT FROM MY WINDOW
1761,REST AND BE STILL UNTIL I WARN YOU
1762,THE HOURS PASSED WE ARE ALI BY AND MOVEMENT COULD YET BE HEARD ABOUT THE HALL
1763,AT LAST ALL WAS QUIET AND BLACK IN THE COURTYARD OF GAME WELL
1764,WILL WHISPERED ROBBIN OPENING HIS DOOR AS HE SPOKE ARE YOU READY
1765,THEY THEN RENEWED THEIR JOURNEY AND UNDER THE BETTER LIGHT MADE A SAVE CROSSING OF THE STABLE ROOFS
1766,ROBIN ENTERED THE HOT DRAGGING THE UNWILLING ASQUIRE AFTER HIM
1767,BE NOT SO FOOLISH FRIEND SAID FISTER THROUGH CROSSLY
1768,THEY MOVED THEIR AFTER QUAUTIOUSLY ABOUT THE HUT GROPPING BEFORE AND ABOUT THEM TO FIND SOMETHING TO SHOW THAT THE WARRANT IN AT FOR FILL HIS MISSION
1769,THEY WERE UPON THE VERGE OF AN OPEN TRAP IN THE FAR CORNER OF THE HUT AND STUTLY HAD TRIPPED OVER THE EDGE OF THE REVERSED FLAP MOUTH OF THIS PIT
1770,FITZ HAND RESTED AT LAST UPON THE TOP RUNG OF A LATTER AND SLOWLY THE TRUTH CAME TO HIM
1771,ROBIN CAREFULLY DESCENDED THE LATTER AND FOUND HIMSELF SOON UPON FIRM BROCKY ROUND
1772,WHO STUATLY WAS BY HIS SIDE IN A FLASH AND THEN THEY BOTH BEGAN FEELING ABOUT THEM TO ASK HER TAIN THE SHAPE AND CHARACTER OF HIS VAULT
1773,FROM THE BLACKNESS BEHIND THE LIGHT THEY HEARD A VOICE WAR INTONS
1774,SAVE ME MASTERS WE STARTLED ME RARELY
1775,CRIED HE WAVING THE LANTHERN BEFORE HIM TO MAKE USE AND FRONT OF HIM
1776,INQUIRED ROBIN WITH HIS ESPICION STILL UPON HIM
1777,TRULY SUCH A HORSE WOULD BE WORTH MUCH IN NOTING HIM FAIR
1778,THEY NAY HATE LORDING ANSWERED WARRANTON WITH A HALF LAUGH
1779,WARRANT AND SPOKE THUS WITH SUGDIFFICANCE TO SHOW ROBIN THAT HE WAS NOT TO THINK JEFFERS CLAIMS TO THE ESTATE WITH HE PASSED BY
1780,ROBIN FITZ YOUTH SAW THAT HIS DOUBTS OF WARN TO HAD BEEN ON FAIR AND HE BECAME ASHAMED OF INSELF FOR HARBOURING THEM
1781,HIS TONES RANG PLEASANTLY ON WORRINTANS YEARS AND FOURTH WITH A GOOD FELLOWSHIP WAS HARRELED IT BETWEEN THEM
1782,THE OLD SERVANT TOLD HIM QUIETLY AS THEY CREPT BACK TO GAME WHILE THAT THIS PASSAGEWAY LED FROM THE HUTTIN THE PLEASANTS TO SUREWOOD AND THAT JEFFERY FOR THE TIME WAS HIDING WITH THE OUTLAWS IN THE FOREST
1783,HE EMPLORES US TO BE DISGREET AS THE GRAVE AND THIS MATTER FOR IN SOOTH HIS LIFE AS IN THE HOLLOW OF OUR HANDS
1784,THEY REGAINED THEIR APARTMENT APPARENTLY WITHOUT DISTURBING THE HOUSEHOLD OF GAME WELL
1785,OUT IN THE WOODS STOOD A NICE LITTLE FIRTRY
1786,THE PLACE HE HAD WAS A VERY GOOD ONE THE SUN SHOT ON HIM AS TO FRESH AIR THERE WAS ENOUGH OF THAT AND ROUND HIM GREW MANY LARGE SIGHS COMRADES PINES AS WELL AS FURS
1787,HE DID NOT THINK OF THE WARM SON AND OF THE FRESH AIR HE DID NOT CARE FOR THE LITTLE COTTAGE CHILDREN THAT RAN ABOUT AND PRATTLED WHEN THEY WERE IN THE WOODS LOOKING FOR WILD STRAWBERRIES
1788,BUT THIS WAS WHAT THE TREE COULD NOT BEAR TO HEAR
1789,IN WINTER WHEN THE SNOW LEG LITTERING ON THE GROUND A HAIR WOULD OFTEN COME LEAPING ALONG AND JUMP RIGHT OVER THE LITTLE TREE
1790,OH THAT MADE HIM SO ANGRY
1791,TO GROW AND GROW TO GET OLD EARN AND BE TALL THOUGHT THE TREE THAT AFTER ALL IS THE MOST OF LIGHTFUL THING IN THE WORLD
1792,IN AUTUMN THE WOOD CUTTERS ALWAYS CAME AND FELLED SOME OF THE LARGEST TREES
1793,THEN THE HORSES DRAGGED EVERY YEAR AND THE YOUNG FERGERY THAT HAD NOW GROWN TO A VERY COMELY SIGHS TREMBLED AT THE SIGHT FOR THE MAGNIFICENT GREAT TREES FELL TO THE EARTH WITH NOISE AND CRACKING THE BRANCHES AND THE HORSES DRAGGED OF THEM OUT OF THE WOOD
1794,HAVE YOU NOT MET THE MANY WHER
1795,REJOICE AND LIE GROWTH SAID THE SUNBEAMS
1796,AND THEN WHAT HAPPENS THEN
1797,I WOULD FAIN NO IF I AM DESTINED FOR SO GLORY AS A CAREER CRIED THE TREE REJOICING
1798,I AM NOW TALL IN MY BRANCHES SPREAD LIKE THE OTHERS THAT WERE CARRIED OFF LAST YEAR OH
1799,WHERE I BUT ALREADY ON THE CART
1800,WHERE EYE IN THE WARM ROOM WITH ALL THE SPLENDOR IN MAGNIFICENCE
1801,YES AND SOMETHING BETTER SOMETHING STILL PRANCURE WILL SURELY FOLLOW OR WHEREFORE SHOULD THEY THUS ORNAMENT ME
1802,SOMETHING BETTER SOMETHING STILL GRANDEUR MUST FOLLOW BUT WHAT
1803,REJOICE IN OUR PRESENCE SAID THE AIR AND THE SUNLIGHT
1804,REJOICE IN THY OWN FRESH YOUTH
1805,BUT THE TREE DID NOT REJOICE AT ALL HE GREW AND GREW AND GREW AND WAS GREEN BOTH WINTER IN SUMMER
1806,AND TOWARDS CHRISTMAS HE WAS ONE OF THE FIRST THAT WAS CUT DOWN
1807,THE ACTS STRUCK DEEP INTO THE VERY PIFF THE TREE FELL TO THE EARTH WITH A SIGH HE FELT A PANG HE WAS LIKE A SWOON HE COULD NOT THINK OF HAPPINESS FOR HE WAS SORROWFUL BEING SEPARATED FROM HIS HOME FROM THE PLACE WHERE HE HAD SPRUNG UP
1808,HE WELL YOU THAT HE SHOULD NEVER SEE HIS DEAR OLD COMRADES THE LITTLE BUSHES AND FLOWERS AROUND HIM ANY WAR PERHAPS NOT EVEN THE BIRDS
1809,THE DEPARTURE WAS NOT AT ALL AGREEABLE
1810,THE TREAL ONLY CAME TO HIMSELF WHEN HE WAS UNLOADED IN A COURTYARD WITH THE OTHER TREES AND HEARD A MAN SAY THAT ONE IS SPLENDID WE DON'T WANT THE OTHERS
1811,THERE TWO WERE LARGE EASY CHAIRS SILKEN SOFAS LARGE TABLES FULL OF PICTURE BOOKS AND FULL OF TOYS WERE HUNDREDS AND HUNDREDS INTO HUNDREDS AND HUNDREDS OF CROWNS AT LEAST THE CHILDRENS AND SO
1812,THE SERVANTS AS WELL AS THE YOUNG LADIES DECORATED
1813,THIS EVENING THEY ALL SAID
1814,HOW IT WILL SHY IN THIS EVENING
1815,PERHAPS THE OTHER TREES FROM THE FOUR ESTILL COME TO LOOK IT ME
1816,IT BLAZED UP FAMOUSLY HELP
1817,CRIED THE YOUNG LADIES AND THEY QUICKLY PUT OUT THE FIRE
1818,A STORY
1819,A STORY CRIED THE CHILDREN DRAWING A LITTLE FAT MAN TOWARDS THE TREE
1820,BUT I SHALL TELL OF ONLY ONE STORY
1821,HOW BE DON'T BE FELL DOWNSTAIRS AND YET HE MARRIED THE PRINCESS
1822,THAT'S THE WAY OF THE WORLD
1823,THOUGHT THE FIRTURY AND BELIEVE IT ALL BECAUSE THE MAN WHO TOLD THE STORY WAS SO GOOD LOOKING WELL WELL
1824,I WON'T TREMBLE TO MORROW THOUGHT THE FIRST TREE
1825,AND THE WHOLE NIGHT THE TREE STOOD STILL AND IN DEEP THOUGHT
1826,IN THE MORNING THE SERVANTS AND THE HOUSE MADE CAME IN
1827,BUT THEY DRAGGED HIM OUT OF THE ROOM AND UP THE STAIRS INTO THE LOFT AND HERE IT HAD DARK A CORNER WHERE NO DAY LIKE COULD ENTER THEY LEFT HIM
1828,WHAT THE MEANING OF THIS THOUGHT THE TREE
1829,AND HE LEANED AGAINST THE WALL LOST IN REVERY
1830,TIME ENOUGH HAD HE TOO FOR HIS REFLECTIONS FOR DAYS AND NIGHTS PASSED ON A NOBODY CAME UP AND WHEN IT LAST SOMEBODY DID COME IT WAS ONLY TO PUT SOME GREAT TRUNKS IN A CORNER OUT OF THE WAY
1831,IS NOW WINTER OUT OF DOORS THOUGHT THE TREE
1832,HOW KIND MAN IS AFTER ALL
1833,IF DON'T WE WERE NOT SO DARK HERE AND SO TERRIBLY LONELY
1834,SQUICK
1835,THEY SNUFFED ABOUT THE FIRTREE AND RUSTLED AMONG THE BRANCHES
1836,I AM BY NO MEANS OLD SAID THE FIR TREE
1837,THERE'S MANY A ONE CONSIDERABLY OLDER THAN I AM
1838,THEY WERE SO EXTREMELY CURIOUS
1839,I KNOW NO SUCH PLACE SAID THE TREE
1840,AND THEN HE TOLD ALL ABOUT HIS YOUTH AND THE LITTLE MICE HAD NEVER HEARD THE LIKE BEFORE AND THEY LISTENED AND SAID
1841,SAID THE FIR TREE THINKING OVER WHAT HE HAD HIMSELF RELATED
1842,YES IN REALITY THOSE WERE HAPPY TIMES
1843,WHO IT'S HAM P DONE PE ASKED THE MICE
1844,ONLY THAT ONE ANSWERED THE TREE
1845,IT IS A VERY STUPID STORY
1846,DON'T YOU KNOW ONE NABOUT BACON AND TEVER KENDOMES CAN'T YOU TELL ANY LODDER STORIES
1847,NO SAID THE TREE
1848,THEN GOOD BYE SAID THE RATS AND THEY WENT HOME
1849,AT LAST THE LITTLE MICE STAYED AWAY ALSO AND THE TREE SIDE AFTER ALL IT WAS VERY PLEASANT WHEN THE SLEEK LITTLE MIGHT SAT ROUND ME AND LISTENED TO WHAT I TOLD THEM
1850,NOW THAT TOO IS OVER
1851,WHY ONE MORNING THEIR CAME ACQUANTITY OF PEOPLE AND SET TOO WORK IN THE LOFT
1852,THE TRUNKS WERE MOVED THE TREE WAS PULLED OUT AND THRONE RATHER HARD IT IS TRUE DOWN ON THE FLOOR BUT A MAN DREW HIM TOWARDS THE STAIRS WHERE THE DAYLIKE SHONE
1853,BUT IT WAS NOT THE FERRITRY THE THEY MENS
1854,IT WAS IN A CORNER THAT HE LAY AMONG WEEDS AND NETTLES
1855,THE GOLD AND STAR OF TINCIL WAS STILL ON THE TOP OF THE TREE AND GLITTERED IN THE SUNSHINE
1856,IN THE COURT YARD SOME OF THE MARIAD CHILDREN WERE PLAYING WHO HAD DANCED A CHRISTMAS ROUND THE FERRETREE AND WERE SO GLAD AT THE SIGHT OF HIM
1857,AND THE GUARD NEAREST BOY CHOPPED THE TREE INTO SMALL PIECES THERE WAS A WHOLE HEAP LYING THERE
1858,THE WOOD FLAMED UP SPLENDIDLY UNDER THE LARGE BROWING COPPER AND ITS SIDE SOWED TEEPLY
1859,HOWEVER THAT WAS OVER NOW THE TREE GONE THE STORY HADN'T END
1860,CAN IF AND BETH REFRAIN FROM DULLING THAT OTHER GIRLS OR UNCLE JOHN OF OLD WILL RODGERS PHYSIT BUT THEY GOT MISTER WATSON IN THE LIBRARY AND QUESTIONED HIM CLOSELY ABOUT THE PENALTY FOR FORTUNE A JECK
1861,IT WAS A SERIOUS CRIME INDEED MISTER WATSON TOLD THEM AND ON GATES BADE FAIR TO SERVE A LENGTH THE TERM IN THE STATES PRISON AS A CONSEQUENCE OF HIS RASH ACT
1862,I CAN'T SEE IT IN THAT LIGHT SAID THE OLD LAYER
1863,IT WAS A DELIBERATE FEFT FROM HIS EMPLOYERS TO PROTECT A GIRL HE LOVED
1864,BUT THEY COULD NOT HAVE PROVENICASE AGAINST LUCY IF SHE WAS INNOCENT AND ALL THEIR THREATS OF ARRESTING HER WERE PROBABLY A MERE BLUFF
1865,HE WAS SOFT HEARTED AND IMPETUOUS SAID BETH AND BEING AND LOVE HE DIDN'T STOP TO COUNT THE COST
1866,IF THE PROSECUTION WERE WITHDRAWN AND THE CASE SETTLED WITH THE VICTIM OF THE FORTUNE CHECK THEN THE YOUNG MAN WOULD BE ALLOWED AS FREEDOM
1867,BUT UNDER THE CIRCUMSTANCES I DOUBT OF SUCH AN ARRANGE WE COULD BE MADE
1868,FAIR VIEW WAS TWELVE MILES AWAY BUT BY TEN O'CLOCK THEY DREW UP AT THE COUNTY DRAIL
1869,THEY WERE RECEIVED IN THE LITTLE OFFICE BY A MAN NAME MARKHAM WAS THE CHAILOR
1870,WE WISHED TO TALK WITH HIM ANSWERED KEN IT TALK
1871,I AM RUNNING FOR REPRESENTATIVE ON THE REPUBLIC AND TICKET SAID KENNETH QUIETLY
1872,OH SAY THAT'S DIFFERENT OBSERVED MARKHAM ALTERING HIS DIMETER
1873,MAY BE SEE JAYS AT ONCE ASKIN IT
1874,THEY FOLLOWED THE CHAILOR ALONG THE SUCCESSION OF PASSAGES
1875,SOMETIMES ON THAT EARN IN FIRST SMOKE AM NEARLY CRAZY IN I DON'T KNOW WHICH IS WORSE DINE ONE WHERE THERE
1876,HE AND LOCKED THE DOOR IN CALLED HERE'S VISITORS TOM
1877,WORSE TOM WORSE AN HEROR REPLIED THE JAILER GLOOMILY
1878,MISTER GRAPH SAID KENNETH NOTICING THE BOY'S FACE CRITICALLY AS HE STOOD WHERE THE WHITE FROM THE PASSAGE FELL UPON IT
1879,SIR WE HAVE IT ANY RECEPTION ROOM IN THE JAIL
1880,SAID GATES IN A TURE FULL AND PLEASANT VOICE THERE IS A PENSURE
1881,A FRESH WHOLE SOME LOOKING BOY WAS TOM GATES WAS STEADY GRAY EYES AND INTELLIGENT FOREHEAD BUT ASSENSITIVE RATHER WEEK MOUTH
1882,WE HAVE HEARD SOMETHING OF YOUR STORY SAID KENNETH AND OUR INTERESTED IN IT
1883,I DIDN'T STOP TO THINK WHETHER IT WAS FOOLISH HER NOT I DID IT AND I'M GLAD I DID IT
1884,OLD WILL IS A FINE FELLOW BUT POOR AND HELPLESS SINCE MISSUS RODDERS HAD ACCIDENT
1885,THEN RODDERS WOULDN'T DO ANYTHING BUT LEADER AROUND AND WAIT UPON HER AND THE PLACE WENT TO RACK AND ROOM
1886,HE SPOKE SIMPLY THOUGH PASTE UP AND DOWN THE NARROW SELL IN FRONT OF THEM
1887,WHOSE NAME DID YOU SIGN TO THE CHICK ASKED KENNETH
1888,HE IS SUPPOSED TO SIGN ALL THE CHECKS OF THE CONCERT
1889,IT TO STOP COMPANY IN RICH
1890,I WAS BIT KEEPER SO IT WAS EASY TO GET UPON ANXIC AND FORGED THE SIGNATURE
1891,AS REGARDS MY ROBBING THE COMPANY I'LL SAY THAT I SAVED HIM A HEAVY LOST ONE DAY
1892,I DISCOVERED AND PUT OUT A FIRE THAT WOULD HAVE DESTROYED THE WHOLE PLET BUT MARSHALL NEVER EVEN THINK ME
1893,IT WAS BETTER FOR HIM TO THINK THAT GIRL AND FEELING THAN HAD NOW THE TRUTH
1894,I'M GOING TO SEE MISTER MARSHAL SAID KENNETH AND DISCOVER WHAT I CAN DO TO HIS HISTOUT THANK YOU SIR
1895,IT WON'T BE MUCH BUT IMGRATEFUL TO FIND A FRIEND
1896,THEY LEFT HIM THEN FOR THE JAILER ARRIVED TO A LOCK THE DOOR AND ASCORT THEM TO THE OFFICE
1897,I SEEN LOTS AT THAT KIND A MIDDAY
1898,AND IT ROANS OF ANNE'S DISPOSITION
1899,HE LOOKED UP RATHER AND GRACIOUSLY BUT MOTIONED THEM TO BE SEATED
1900,SOME GIRLS BEEN IN HERE TWICE TO INTERVIEW MY MEN AND I HAVE REFUSED TO ADMITTER
1901,A NOT ELECTION YEARING JUST NOW
1902,OH WELL SIR WHAT ABOUT HIM
1903,AND HE DESERVES A TERM IN STATES PRISON
1904,IT IS COST ME TWICE SIXTY DOLLARS IN THE NOINCE
1905,I'LL PAY ALL THE COST BESIDES
1906,YOUR FOOLISH WHY SHOULD YOU DO ALL THIS
1907,I HAVE MAY OWN REASONS MISTER MARSHAL
1908,GIVE ME A CHECK FOR A HUNDRED AND FIFTY AND I'LL TURN OVER TO YOU THE FORCE CHECK AND QUOTH FURTHER PROCEEDINGS
1909,HE DETESTED THE GRASPING DISPISION THAT WOULD ENDEAVOUR TO TAKE ADVANTAGE OF HIS EVIDENT DESIRE TO HELP YOUNG GATES
1910,BETH UNEASY AT HIS HILENCE NUDGED HIM
1911,THERE WAS A GRIM SMILE OF AMUSEMENT ON HIS SHRUTE FACE
1912,HE MIGHT HAVE HAD THAT FORGE JECK FOR THE FACE OF IT IF HE'D BEEN SHARP
1913,AND TO THINK WE CAN SAVE ALL THAT MISERY AND DESPAIR BY THE PAYMENT OF A HUNDRED AND FIFTY DOLLARS
1914,SO TO THE SURPRISE OF THE DEMOCRATIC COMMITTEE AND ALL HIS FRIENDS MISTER HOPKINS ANNOUNCED THAT HE WOULD APPOSE FORDS A GRESS OF CAMPAIGN WITH AN EQUAL AGGRESSIVENESS AND SPEND AS MANY DOLLARS IN DOING SO AS MIGHT BE NECESSARY
1915,ONE OF MISTER HOPKINS FIRST TASKS AFTER CALLING HIS FAITHFUL HINCHMAN AROUND HIM WAS TO MAKE A CAREFUL CAME THIS OF THE VOTERS OF HIS DISTRICT TO SEE WHAT WAS STILL TO BE ACCOMPLISHED
1916,THOUGH WEAK NEED CONTENTIONCY MUST BE STRENGTHENED AND FORTIFIED AND A COUPLE OF HUNDRED VOTES IN ONE WAY OR THE OTHER SECURED FROM A OPPOSITION
1917,THE DEMOCRATIC COMMITTEE FIGURED OUT AWAY TO DO THIS
1918,UNDER ORDINARY CONDITIONS REMALS WAS SURE TO BE ELECTED BUT THE COMMITTEE PROPOSED TO SACRIFICE HIM IN ORDER TO ALL ACCOPKINS
1919,THE ONLY THING NECESSARY WAS TOO FIXED SATH RENDELS AND THIS HOPKINS ARRANGED PERSONALLY
1920,AND THIS WAS WHY KENNETH AND BETH DISCOVERED HIM CONVERSING WITH THE YOUNG WOMAN IN THE BUGGY
1921,THE DESCRIPTION SHE GAVE OF THE COMING RECEPTION TO THE WOMEN'S POLITICAL LEAK WAS SO HUMOROUS AND DEVERTING THAT THEY WERE BOTH LAUGHING HARDLY OVER THE THINK WHEN THE YOUNG PEOPLE PASSED THEM AND THUS MISTER HOPKINS FAILED TO NOTICE WHO THE OCCUPANT OF THE OTHER VEHICLE WERE
1922,THESE WOMEN WERE FLATTERED BY THE ATTENTION OF THE YOUNG LADY AND HAD PROMISED TO ASSIST IN A LECKING MISTER FORBES
1923,THE WAYS HOPED FOR EXCELLENT RESULTS FROM THIS ORGANIZATION AND WISHED THE ENTERTAINMENT TO BE SO AFFECTIVE IN WINNING THEIR GOOD WILL THAT THEY WOULD WORK EARNESTLY FOR THE CAUSE IN WHICH THEY WERE ENLISTED
1924,THE FAIRVIEW ABAND WAS ENGAGED TO DISCOURSE AS MUCH HARMONY AS IT COULD PRODUCE AND THE RESOURCES OF THE GREAT HOUSE WERE TAX TO ENTERTAIN THE GUESS
1925,TABLES WERE SPREAD ON THE LAWN AND A DAINTEEP ITS UBSANTIAL REPAST WAS TO BE SERVED
1926,THIS WAS THE FIRST OCCASION WITHIN A GENERATION WHEN SUCH AN ENERTAINMENT HAD BEEN GIVEN AT ELM HURST AND THE ONLY WIND WITHIN THE MEMORY OF MEN WERE THE NEIGHBORS AND COUNTRY PEOPLE HAD BEEN THE INVITED GUESS
1927,THE ATTENDANTS WAS UNEXPECTEDLY LARGE AND THE GIRLS WERE DELIGHTED FOR SEEING GREAT SUCCESS FOR THEIR FIGHT
1928,WE OUGHT TO HAVE MORE ATTENTANT BETH SAID THE WEES APPROACHING HER COUSIN
1929,WON'T YOU RUN INTO THE HOUSE AND SEE IF MARTHA CAN'T SPARE ONE OR TWO MORE MAIDS
1930,SHE WAS VERY FOND OF THE YOUNG LADIES WHOM SHE HAD KNOWN WHEN IT JANE WAS THEIR MISTRESS HERE AND BETH WAS HER ESPECIAL FAVORITE
1931,THE HOUSEKEEPER LED THE WAY AND BETH FOLLOWED
1932,FOR A MOMENT BUT STOOD STARING WHILE THE NEW MADE REGARDED HER WITH COMPOSURE AND OF SLIGHT SMILE UPON HER BEAUTIFUL FACE
1933,SHE WAS DRESSED IN THE REGULATION CAUSED TO MOVE THE MAIDS AT ELM HURST A PLAYING BLACK GOWN WITH A WHITE APRON AND CAP
1934,THEN SHE GAVE A LITTLE LAT AND REFLIED NO MISS BETH I MAALIZABETH PARSONS
1935,BUT IT CAN'T BE PROTESTED THE GIRL
1936,I ATTEND TO THE HOUSEHOLD BENDING YOU KNOW AND CARE FOR THE LINEN
1937,YOU SPEAK LIKE AN ECHICATED PERSON SAID BETH WONDERINGLY WHERE'S YOUR HOME
1938,FOR THE FIRST TIME THE MAID SEEMED A LITTLE CONFUSED AND HER GAZE WANDERED FROM THE FACE OF HER VISITOR
1939,SHE SAT ON IN A ROCKING CHAIR AND CLASPING HER HANDS IN HER LAP ROCKS SLOWLY BACK IN FORTH I'M SORRY SAID BETH
1940,ALIES PARSONS SHOOK HER HEAD
1941,THEY THEY HAVE FIGHT ME AND SUMLY AND I I CAN'T BEAR THEM YOU MUST EXCUSE ME
1942,SHE EVEN SEEMED MILDLY AMUSED AT THE ATTENTION SHE ATTRACTED
1943,BETH WAS A BEAUTIFUL GIRL THE HANDSOMES OF THE THREE COUSINS BY FAR YET ALIZES SURPASSED HER IN NATURAL CHARM AND SEEMED WELL AWARE OF THE FACT
1944,HER MANNER WAS NEITHER INDEPENDENT NOR ASSERTIFF BUT RATHER ONE OF WELL BREAD COMPOSURE AND COMRALLIANCE
1945,HER EYES WONDERED TO THE MAIDS HANDS
1946,HOWEVER HER FEATURES AND FOR MIGHT REPRESS ANY EVIDENCE OF NERVOUSNESS THESE HANDS TOLD A DIFFERENT STORY
1947,SHE ROSE QUICKLY TO HER FEET WITH AN IMPETUOUS GESTURE THAT MADE HER VISITOR CATCH REBREATH
1948,I WISH I KNEW MYSELF SHE CRIED FIERCELY
1949,WILL YOU LEAVE ME ALONE IN MY OWN ROOM OR MUST EYE GO AWAY TO ESCAPE YOU
1950,ELIZA CLOSED THE DOOR BEHIND HER WITH A DECIDED SLAM AND HE KEY CLICKED IN THE LOCK
1951,CONQUERED RETURNED TO ITS PLACE AMIDST THE TENTS
1952,THE ENGLISH FOLDED TO THE FRENCH BASKETS AFLOWERS OF WHICH THEY HAD MADE A POINTABLE FROVISION TO GREET THE ARRIVAL OF THE YOUNG PRINCESS THE FRENCH INRETURN INVITED THE ENGLISH TO A SUPPER WHICH WAS TO BE GIVEN THE NEXT DAY
1953,CONGRATULATIONS WERE POURED IN UPON THE PRINCESS EVERYWHERE DURING HER JOURNEY
1954,FROM THE RESPECT PAID HER ON ALL SIDES SHE SEEMED LIKE A CLEAN AND FROM THE ADORATION WITH WHICH SHE WAS TREATED BY TWO OR THREE SHE APPEARED IN OBJECT OF WORSHIP THE QUEEN MOTHER GAVE THE FRENCH THE MOST AFFECTION AT RECEPTION FRANCE WAS HER NATIVE COUNTRY AND SHE HAVE SUFFERED TOO MUCH IN ENGLAND FOR ENGLAND TO HAVE MADE HER FORGATE FRANCE
1955,SHE TAUGHT HER DAUGHTER THEN BY HER OWN AFFECTION FOR IT THAT LOVE FOR A COUNTRY WHERE THEY HAD BOTH BEEN HIS SPITABLY RECEIVED AND WHEREAB GRILLIANT FUTURE OPENED FOR THEM
1956,THEY COUNT HAVE THE ROAN HIMSELF BACK ON HIS SEAT LEANING HIS SHOULDERS AGAINST THE PARTITION OF THE TENT AND REMAINED THUS HIS FACE BURIED IN HIS HANDS WITH HEAVING CHEST AND RESTLESS LIMBS
1957,THIS HAS INDEED BEEN A HORRESSING DAY CONTINUED THE YOUNG MAN HIS EYES FIXED UPON HIS FRIEND
1958,YOU WILL BE FRANK WITH ME I ALWAYS AM
1959,CAN YOUR MAGINE MY BUCKINGHAM HAS BEEN SO VIOLENT I SUSPECT
1960,IT IS YOU HORAMISTAKEN ROW I HAVE READ HIS DISTRESS IN HIS EYES IN HIS EVERY GESTURE AND ACTION THE WHOLE DAY
1961,I CAN PERCEIVE LOVE CLEARLY ENOUGH
1962,I AM CONVINCED OF WHAT I SAY SAID THE COUNT
1963,IT IS A NOINCE THAN
1964,IN THOSE VERY TERMS I EVEN HAD AT MORE
1965,BUT CONTINUED ROW NOT INTERRUPTED BY THIS MOMENT OF HIS FRIEND HEAVEN BE PRAISED THE FRENCH WHO ARE PRONOUNCED TO BE THOLESS AND INTERSCREET RECOLLESS EVEN A CAPABLE OF BRINGING A CALM AND SOUND JUDGMENT TO BEAR ON MATTERS OF SUCH HIGH IMPORTANCE
1966,THUS IT IS THAT THE HONOUR OF THREE ESSAVED A COUNTRY ARE MASTERS AND OUR OWN
1967,YES I NEED REPOSE MANY THINGS HAVE AGITATED ME TO DAY BOTH IN MIND AND BODY WHEN YOU RETURN TO MORROW I SHALL NO LONGER BE THE SAME MAN
1968,BUT IN THIS FRIENDLY PRESSURE ROW COULD DETECT THE MERVIOUS AGITATION OF A GREAT INTERNAL CONFLICT
1969,THE NIGHT WAS CLEAR STARLET AND SPLENDID THE TEMPEST HAD PASSED AWAY AND THE SWEET INFLUENCES OF THE EVENING HAD RESTORED LIFE PIECE AND SECURITY EVERYWHERE
1970,UPON THE LARGE SQUARE IN FRONT OF THE HOTEL THE SHADOWS OF THE TENTS INESCECTED BY THE GOLDEN MOON BEAMS FORMED AS IT WERE A HUGE MOSEIC OF JECK AND YELLOW FLAG STONES
1971,BRIGHTLE ON WASHED FOR SOME TIME THE CONDUCT OF THE TWO LOVERS LISTENED TO THE LOUD AND UNCIL SLUMBERS OF MANICAMP WHO SNOWLED AS IMPERIOUSLY AS THOUGH HE WAS WEARING HIS BLUE AND GOLD INSTEAD OF HIS VIOLET SUIT
1972,GALLYATH MAKES ANOTHER DISCOVERY
1973,THERE WERE CERTAINLY NO NEAR THE SOLUTION OF THEIR PROBLEM
1974,THE POOR LITTLE THINGS CRIED SYNTHY A THINK OF THEM HAVING BEEN TURNED OF THE WALL ALL THESE YEARS
1975,NOW WHAT IT DESCENT OF IT TOO IN THIS OF BABIES LIKE THAT
1976,BUT JOYCE HAD NOT BEEN LISTENING ALL IT ONES SHE PUT ON HER CAN TO ON THE TABLE AND FACED HER COMPANION
1977,THE TWIN BROTHER DID SOMETHING SHE DON'T LIKE AND SHE TURNED HIS PICTURE TOOTH A WALL
1978,HERS HAPPENED TO BE ON THE SAME FRAME TOO BUT SHE EVIDENTLY DINK CARE ABOUT IT
1979,NOW WHAT HAVE YOU TO SAY SYNTHIA'S BROG
1980,I THOUGHT WE WERE STOMPED AGAIN WHEN I FIRST SAW THAT PECTURE BUT IT SPEND OF SOME USE AFTER ALL
1981,DO YOU SUPPOSE THE MINTER WAS ACCOMPANY OF THE SAME THING
1982,WHEN IN THE WORLD IS IT CLEARY JOYCE
1983,MAY WORRY ME TERRIBLY AMBESIDES I'D LIKE TO SEE WHAT THIS LOVELY FURNITURE LOOKS LIKE WITHOUT SUCH QUAT TO DEES OF DEST A LOVER IT GOOD SCHEME SEEM
1984,WILL COME IN HEAD THIS AFTERNOON WITH OLD CLOSE ON IN HALF OR REGULAR HOUSE CLEANING
1985,IT CAN'T HEARD ANYTHING I'M SURE FOR WE WILL DISTURB THINGS AT ALL
1986,THIS THOUGHT HOWEVER DID NOT ENTER THE HEADS OF THE ENTHUSIASTIC PAIR
1987,SMUNGLING THE HOUSE CLEANING PAIRFANELIA INTO THE CELLAR WINDOW ON OBSERVED THAT AFTERNOON PREED NO EASY TASK FOR SINTHIA HAD ADDED A WHISK BRUTE AND DUSK PAN TO THE OUTFIT
1988,THE LUWER PROVED TOO MUCH FORM ANY CAME SPORTING AFTER AS FRISKILY AS A YOUNG KITTEN MUCH TO SINK THE AS DELIGHT WHEN SHE CAUGHT SIGHT OF HIM
1989,OH LET HIM COME ALONG SHE URGED I DO LOVE TO SEE HIM ABOUT THAT OLD HOUSE
1990,HE MAKES IT SORT OF COSIER
1991,NOW ITS DUST THE FURNITURE AND TEXTURES
1992,YET LITTLE AS IT WAS IT HAD ALREADY MADE A VAST DIFFERENCE IN THE ASPECT OF THE ROOM
1993,SURFACE DUSTS AT LEAST HAD BEEN REMOVED AND THE FINE OLD FURNITURE GAVE A HINT OF ITS REAL ELEGANCE AND IMPOLISH
1994,THEN AT SHE SOMELY REMARKED
1995,AND MY POCKET MONEY DOES GETTING LOW AGAIN AND YOU HAVE IT ANY LAUGHED AS USUAL
1996,THEY SAY ILLUMINATION BY CANDLIGHT IS THE PRETTIEST IN THE WORLD
1997,WHY IT'S GO MY AFFAIRS UGE RALL THEY BOTH CRIED PEERING IN
1998,IS THE HAY THAT GREATEST FORGETTING INTO OUR CORNERS
1999,FORGETTING ALL THEIR WEARINESS THEY SEIZE THEIR CANDLES AND STREET THROUGH THE HOUSE FINDING ON OCCASIONAL PAPER TOPPED AWAY AND SO ARD CORNER
2000,WELL I CONFIST AT THE BOARDED UP HOUSE MYSTERY HAPPEN NOT EARLIER THAN APROM SIXTEENTH EIGHTEEN SIXTY ONE AND PROBLY NOT MUCH LATER
2001,NO WORDS WERE SPOKEN NO LANGUAGE WAS UTTERED SAVE THAT OF WAILING IN HISSING AND THAT SOMEHOW WAS INDISTINCT AS IF IT EXISTED IN FANCY AND NON ENREALITY
2002,I HEARD A NOISE BEHIND I TURNED AND SAW CAFFER HIS BLACK EYES SHINING WALL IN HIS HAND HE HELD A GLEAMING KNIFE HE LIFTED ABOVE HIS HEAD AS IF TO STRIKE BUT A HAD THE STRENGTH OF TEN MEN AND I HURLED HIM FROM ME
2003,ON WORD SET A DISTINCT VOICE
2004,NO SOUND BROKE THE STILLNESS OF THE NIGHT
2005,THE STORY OF ITS EVIL INFLUENCE CAME BACK TO ME AND IN MY BEWILDERED CONDITION I WONDERED WHETHER THERE WAS NOT SOME TRUTH AND WHY HAD BEEN SAID
2006,WHAT WAS THAT
2007,WHAT THEN A HUMAN HAND LARGE AND SHAPELY APPEARED DISTINCTLY ON THE SURFACE OF THE POND
2008,NOTHING MORE NOT EVEN THE RIST TO WHICH IT MIGHT BE ATTACHED
2009,IT DID NOT BECOME OR INDEED ME THAT ALL IT WAS A STILL AS THE HAND OF DEATH
2010,I AWOKE TO CONSCIOUSNESS FIGHTING AT FIRST AS SEEMED AS IF I WAS FIGHTING WITH THE FANTAM BUT GRADUALLY MY OPPONENT BECAME MORE REAL TO ME IT WAS CATHER
2011,ASSOUND A VOICES A FLASH OF LIGHT
2012,A FEELING A FREEDOM AND I WAS AWAKE WHERE
2013,SET ANOTHER VOICE WITH I RECOGNIZED ESVULTURES CATHER
2014,I HAD SCARCELY KNOWN WHEN I HAD BEEN SAY OR DOING UP TO THIS TIME BUT AS HE SPOKE I LOOKED AT MY HAND
2015,IN THE LIGHT OF THE MOON I SAW ENKNIFE RED WITH BLOOD AND MY HAND TOO WAS ALSO DISCOLORED
2016,I DO NOT KNOW I AM DAZED BE WILDERED
2017,BUT THAT IS CALFERS KNIFE
2018,I KNOW HE HOW IT THIS VERY EVENING
2019,I RUMBER CHAYING HAVE WE'D BEEN TOGETHER
2020,WHILE CHAIR PICKED UP SOMETHING FROM THE GROUND AND LOOKED AT IT
2021,I SAY YOU DO KNOW WHAT THIS MEANS AHE YOU MUST TELL US
2022,A TERRIBLE THOUGHT FLAST INTO MY MIND
2023,I HAD AGAIN BEEN ACTING UNDER THE INFLUENCE OF THIS MAN'S POWER
2024,PROCHANCE TOO CAFFERS DEATH MIGHT SIR OF HIM AND GOOD STEAD
2025,MY TONGUE REFUSED TO ARTICULATE MY POWER OF SPEECH LAUGHED ME
2026,MY POSITION WAS TO TERRIBLE
2027,MY OVER ROUGHT NERVE HEELED IT OUTLAST
2028,FOR SOME TIME AFTER THAT I REMEMBERED NOTHING DISTINCTLY
2029,THE THREE MODES OF MANAGEMENT
2030,TO SUPPOSE THAT THE OBJECT OF THIS WORK IS TO AID IN AFFECTING SUCH A SUBSTITUTION IS THAT IS ENTIRELY TO MISTAKE ITS NATURE AND DESIGN
2031,BY REASON AND AFFECTION
2032,AS THE STRUCTURE AND THE CHASE STRIVES AWAY MARY STANDS BEWILDERED AND PERPLEXED ON THE DOOR STEP HER MIND IN A TUMULT OF EXCITEMENT IN WHICH HATRED OF THE DOCTOR DISAPPOINTMENT VEXATIONS AND EREPARABLE INJURY
2033,THE MOTHER AS SOON AS THE CHASE IS SO FAR TURNED THAT MARY CAN NO LONGER WATCH THE EXPRESSION OF HER CONTINENCE GOES AWAY FROM THE DOOR WITH A SMILE OF COMPLAISANCY AND SENAS FACTION ON HER FACE AT THE INGENUITY AND SACCESS OF HER LITTLE ARTIFICE
2034,SO YOU WILL BE A GOOD GIRL I KNOW AND NOT MAKE ANY TROUBLE BUT WILL STAY AT HOME CONTENDEDLY WON'T YOU
2035,THE MOTHER IN MANAGING THE CASE IN THIS WAY REALIZED PARTLY ON CONVINCING THE REASON OF THE CHILD AND PARTLY ON AN APPEAL TO HER AFFECTION
2036,IF YOU SHOULD NOT BE A GOOD GIRL BUT SHOULD SHOW SIGNS OF MAKING US ANY TROUBLE I SHALL HAVE TO SEND YOU OUT SOMEWHERE TO THE BACK PART OF THE HOUSE UNTIL WE ARE GONE
2037,BUT THIS LAST SOPOSITION IS ALMOST ALWAYS UNNECESSARY FOR IF MARY HAS BEEN HABITUALLY MANAGED ON THIS PRINCIPLE SHE WILL NOT MAKE ANY TROUBLE
2038,IT IS INDEED TRUE THAT THE IMPORTANCE OF TACT AND SKILL IN THE TRAINING OF THE YOUNG AND OF CULTIVATING THEIR REASON AND SECURING THEIR AFFECTION CANNOT BE OVERATED
2039,TO SUCH BERSONS THESE INDIRECT MODES OF TRAINING CHILDREN INHABITS OF SUBORDINATION TO THEIR WILL OR RATHER OF YIELDING TO THEIR INFLUENCE ARE SPECIALLY USEFUL
2040,DELAH HAD A YOUNG SISTER NAMED REA AND A COUSIN WHOSE NAME WAS JANE
2041,NO DELIA CONTRIVED TO OBTAIN A GREAT INFLUENCE AND ASSIMINACY OVER THE MINDS OF THE CHILDREN BY MEANS OF THESE DALLS
2042,TO GIVE IDEA OF THESE CONVERSATIONS I WILL REPORT ONE OF THEM INFUL
2043,YOU HAVE COME AND DELLAH AND DELLA WAS THE NAME OR JANE STALL TO MAKE ROSILY A VISIT
2044,I AM VERY GLAD
2045,I EXPECT YOU HAVE BEEN A VERY GOOD GIRL AND DELAH SINCE YOU WERE HERE LAST
2046,THEN TURNING TO JANE SHE ASKED IN A SOMEWHAT ULTERED TONE HAS SHEEP IN A GOOD GIRL JANE
2047,FOR INSTANCE ONE DAY THE CHILDREN HAD BEEN PLAYING UPON THE PIAPSET WITH BLOCKS AND OTHER PLAY THINGS AND FINALLY HAD GONE INTO THE HOUSE LEAVING ALL THE THINGS ON THE FLOOR OF THE PIANCA INSTEAD OF PUTTING THEM AWAY IN THEIR PLACES AS THEY OUGHT TO HAVE DONE
2048,THEY WERE NOW PLAIN WITH THEIR DOLLS IN THE PARLOR
2049,DELIA CAME TO THE PARLOR AND WITH AN AIR OF GREAT MYSTERY BECKONED THE CHILDREN ASIDE AND SET TO THEM IN A WHISPER LEAVE AND DENAH AND GROZILY HERE AND DON'T SAY A WORD TO THEM
2050,SO SAYING SHE LED THE WAY UNTIPTO FOLLOWED BY THE CHILDREN OUT OF THE ROOM AND ROUND BY A CIRCUITOUS ROOT TO THE BIANCA THERE
2051,SAID SHE POINTING TO THE PLAY THINGS SEE
2052,PUT THESE PLEATHINGS ALL AWAY QUIT AND CAREFULLY AND WE WILL NOT LEFT THEM NO ANYTHING OBJER LEAVING THEM OUT
2053,AND THIS METHOD OF TREATING THE CASE WAS MUCH MORE EFFECTUAL IN MAKING THEM DISPOSED TO AVOID COMMITTING A SIMILAR FAULT ANOTHER TIME THAN ANY DIRECT REBUKES OR EXPRESSIONS OF DISPLEASURE ADDRESSED PERSONALLY TO THEM WOULD HAVE BEEN
2054,NATURE OF THE EFFECT PRODUCED BY EARLY IMPRESSIONS
2055,THAT IS COMPARATIVELY NOTHING
2056,THEY ARE CHIEFLY FORMED FROM COMBINATIONS OF THE IMPRESSIONS MADE IN CHILDHOOD
2057,VAST IMPORTANCE AND INFLUENCE OF THIS MENTAL FURNISHING
2058,WE HALT GOING TO ANY SUCH EXTREME AS THIS WE CAN EASILY SEE ON REFLECTION HOW VAST IN INFLUENCE ON THE IDEAS AND CONCEPTIONS AS WELL AS ON THE PRINCIPLES OF ACTION IN MATURE YEARS MUST BE EXERTED BY THE NATURE AND PRESS UPON THE MIND
2059,THE PAIN PRODUCED BY AN ACT OF HASTY AND ANGRY VIOLENCE TO WHICH A FATHER SUGGECTS HIS SON MAY SOON PASS AWAY BUT THE MEMORY OF IT DOES NOT PASS AWAY WITH THE PAIN
2060,BUT ANDERS CARED NOTHING ABOUT THAT
2061,HE MADE A BOW SO DEEP THAT HIS BACK CAME NEAR BREAKING AND HE WAS DUMB FOUNDED I CAN TELL YOU WHEN HE SAW IT WAS NOBODY BUT ANDERS
2062,HE WAS SUCH A BIG BOY THAT HE WORE HIGH BOOTS AND CARRIED A JACKNIFE
2063,NOW THIS KNIFE WAS A SPLENDIDLE THOUGH HALF THE BLABE WAS GONE AND HANDLE WAS A LITTLE CRACT AND ENDERS KNEW THAT ONE IS ALL MOST A MAN AS SOON AS ONE HAS A JACKNIFE
2064,YES WHINE HUT THOUGHT ANDERS
2065,SEEMED THAT I AM SO FIVE I MAY AS WELL GO AND VISIT THE KING
2066,I AM GOING TO THE COURT BALL ANSWERED ANDERS
2067,AND SHE TOOK ENDERS HAND AND WALKED WITH HIM UP THE BROAD MARBLE STAIRS WHERE SOLDIERS REPOSTED AT EVERY THIRD STEP AND THROUGH THE MAGNIFICENT HALLS WHERE COURTIERS IN SILK AND VELVET STOOD BOWING WHEREVER HE WENT
2068,FOUR LIKE AS NOT THEY MUST HAVE THOUGHT HIM A PRINCE WHEN THEY SAW HIS FINE CAP
2069,AT THE FARTHER END OF THE LARGEST HALL A TABLE WAS SET WITH GOLDEN CUPS AND GOLDEN PLATES IN LONG ROSE
2070,ON HUGE SILVER PLATTERS WERE PEARMENTS OF TARTS AND CAKES AND RED WINES BARKLED IN GLITTERING THE CANTERS
2071,THE PRINCESS AT DOWN UNDER A BLUE CANAPY WITH BOUQUETS OF ROSES AND SHE LET ENDER SIT IN A GOLDEN CHAIR BY HER SIDE
2072,BUT YOU MUST NOT EAT WITH YOUR CAP ON YOUR HEAD SHE SAID AND WAS GOING TO THEY GET OFF
2073,THE PRINCESS CERTAINLY WAS BEAUTIFUL AND HE WOULD HAVE DEALLY LIKED TO BE GIST BY HER BUT THE CAP WHICH HIS MOTHER HAD MADE HE WOULD NOT GIVE UP ON ANY CONDITION
2074,HE ONLY SHOOK HIS HEAD
2075,WELL BUT NOW SAID THE PRINCESS AND SHE FILLED HIS POCKETS WITH CAKES AND PUT HER OWN HEAVY GOLD CHAIN AROUND HIS NECK AND BENT DOWN AND KISSED HIM
2076,THAT IS A VERY FINE CAP YOU HAVE HE SAID
2077,SO IT IS SIN ANTERS
2078,AND IT IS MADE OF MOTHER'S BEST YOURN AND SHE KNITTED AT HERSELF AND EVERYBODY WANTS TO GET IT AWAY FROM ME
2079,WITH ONE JUMP ANDERS GOT OUT OF HIS CHAIR
2080,HE DARTED LIKE AN ARROW THROUGH ALL THE HALLS DOWN ALL THE STAIRS AND ACROSS THE YARD
2081,HE STILL HELD ONTO IT WITH BOTH HANDS AS HE RUSHED INTO HIS MOTHER'S COTTAGE
2082,AND ALL HIS BROTHERS AND SISTERS STOOD ROUND AND LISTENED WITH THEIR MOUNTAINS OPEN
2083,BUT WHEN HIS BIG BROTHER HEARD THAT HE HAD REFUSED TO GIVE HIS CAP FOR A KING'S GOLDEN CROWN HE SAID THAT ANDERS WAS A STUPID
2084,ANDERS FACE GREW RED
2085,BUT HIS MOTHER HAD DEEM CLOSE
2086,NO MY LITTLE THUN SHE SAID
2087,IF YOU DRESSED HIM SILL AND GOLD FROM TOP TO TOE YOU COULD NOT LOOK ANY NICER THAN IN YOUR LITTLE RED CAP
2088,AT THE CONCLUSION OF THE BANQUET WHICH WAS SERVED AT FIVE O'CLOCK THE KING ENTERED HIS CABINET WHERE HIS TAYLORS WERE AWAITING HIM FOR THE PURPOSE OF TRYING ON THE CELEBRATED COSTUME REPRESENTING SPRING WHICH WAS THE RESULT OF SO MUCH IMAGINATION AND HAD CAUSED SO MANY EFFORTS OF THE COURT
2089,AH VERY WELL
2090,LET HIM COME IN THEN SAID THE KING AND AS IF CALBERRE HAD BEEN LISTENING AT THE DOOR FOR THE PURPOSE OF KEEPING HIMSELF AWKARAB WITH THE CONVERSATION HE ENTERED IS SOON AS THE KING HAD PRONOUNCED HIS NAME TO THE TWO CORTIERS
2091,JETTLEMENT DEAR POSTS WERE UPON SANDANION AND VIEW THE RIGHT TOOK THEIR LEAVE
2092,CERTAINLY SIR BUT I MUST HAVE MONEY TO DO THAT WHO AT
2093,WHAT DO YOU MEAN INQUIRED LIES
2094,HE HAS GEVEN THEM WITH TOO MUCH GRACE NOT TO HAVE OTHER STILL TO GIVE IF THEY ARE REQUIRED WHICH IS THE CASE AT THE PRESENT MOMENT
2095,IT IS NECESSIR THEREFORE THAT HE SHOULD COMPLY BUT THE KING FROWNED
2096,DOES YOUR MAJESTY THEN NO LONGER BELIEVE THE DISLOYAL ATTENT
2097,NOT AT ALL YOU ARE ON THE CONTRARY MOST AGREEABLE TO ME
2098,YOUR MAJESTY'S PLAN THEN AND THIS AFFAIR IS
2099,YOU WILL TAKE THEM FROM MY PRIVATE TREASURE
2100,THE NEWS CIRCULATED WITH THE REPEDITY OF LIGHTNING DURING ITS PROGRESS IT KENDLED EVERY VARIET OF COQUETRY DESIRE AND WILD AMBITION
2101,THE KING HAD COMPLETED HIS TOILET BY NINE O'CLOCK HE APPEARED IN AN OPEN CARRIAGE DECORATED WITH BRANCHES OF TREES AND FLOWERS
2102,THE QUEENS HAD TAKEN THEIR SEATS UPON A MAGNIFICENT DAYS OR PLATFORM ARRECTED UPON THE BARDERS OF THE LAKE AND A THEATRE OF WONDERFUL ELEGANCE OF CONSTRUCTION
2103,SUDDENLY FOR THE PURPOSE OF RESTORING PIECE AND ORDER SPRANG ACCOMPANIED BY HIS WHOLE COURT MADE HIS APPEARANCE
2104,THE SEASONS ALLIES OF SPRING FOLLOWED HIM CLOSELY TO FORM A QUADREAL WHICH AFTER MANY WORDS OF MORE OR LESS FLATTERING IMPORT WAS THE COMMENCEMENT OF THE ANCE
2105,HIS LEGS THE BEST SHAPED AT COURT WERE DISPLAYED TO GREAT ADVANTAGE AND FLESH COLOURED SILKEN HOSE AT SILK SO FINE AND SO TRANSPARENT THAT IT SEEMED ALMOST LIKE FLUSH ITSELF
2106,THERE WAS SOMETHING IN HIS CARRIAGE WHICH RESEMBLED THE BOINT MOVEMENTS OF AN IMMORTAL AND HE DID NOT BANCE SO MUCH AS SEEMED TO SOUR ALONG
2107,YES IT IS SUPPRESSED
2108,FAR FROM IT SIRE YOUR MAJESTY HAVE ENGIVEN NO DIRECTIONS ABOUT IT THEY MUSICIANS ARE RETAINED IT
2109,YES SIRE AND READY DRESSED WITH A BALLET
2110,SIRE HE SAID YOUR MAJESTIES MOST DEVOTED SERVANT OPPROACHES TO PERFORM A SERVICE ON THIS OCCASION WITH SIMILAR ZEAL THAT HE IS ALREADY SHONE ON THE FIELD OF BATTLE
2111,THE KING SEEMED ONLY PLEASED WITH EVERY ONE PRESENT
2112,MONSIEUR WAS THE ONLY ONE WHO DID NOT UNDERSTAND ANYTHING ABOUT THE MATTER
2113,THE BALLEY BEGAN THE EFFECT WAS MORE THAN BEAUTIFUL
2114,WHEN THE MUSIC BY ITS BURSTS OF MELODY CARRIED AWAY THESE ELESTRIOUS STANCERS WHEN THE SIMPLE UNTUTORED PANTAMINE OF THAT PERIOD ONLY THE MORE NATURAL ON ACCOMPLINE OF THE AUGUST ACTORS HAD REACHED ITS COMMUNATING POINT OF TRIUMPH THE THEATRE SHOOK WITH THEMALTUOUS APPLAUSE
2115,DISTAINFUL OF A SUCCESS OF WHICH MADAME SHOWED NO ACKNOWLEDGMENT HE THOUGHT OF NOTHING BUT BOLDLY REGAINING THE MARKED PREFERENCE OF THE PRINCESS
2116,FIND AGREES ALL HIS HAPPINESS ALL HIS BRILLIANCY SUBSIDED INTERREGRET AND UNEASINESS SO THAT HIS LIMBS LOST THEIR POWER HIS ARMS HUNG HEAVILY BY HIS SIDES AND HIS HEAD GROUPED AS THOUGH HE WAS STUPIFIED
2117,THE KING WHO HAD FROM THIS MOMENT BECOME ENREALITY THE PRINCIPLE DANCER IN THE QUADRIAL CAST A LOOK UPON HIS VANQUISHED RIVAL
2118,EVERYONE COULD OBSERVE HIS AGITATION AND PROSTRATION APPROSTRATION WHICH WAS INDEED THE MORE REMARKABLE SINCE PEOPLE WERE NOT ACCUSTOMED TO SEE HIM WITH HIS ARMS HANGING LISTLESSLY BY HIS SIDE HIS HEAD BEWILDERED AND HIS EYES WITH ALL THEIR BRIGHT INTELLIGENCE BEDEMNED
2119,UPON THIS MEDAME DAINED TURN HER EYES LANGUISHINGLY TOWARDS THE COMPT ABSERVING
2120,DO YOU THINK SO SHE REPLIED WITH INDIFFERENCE
2121,YES THE CHARACTER WHICH YOU ARE ROYAL HIGHNESS OF SUMED AS IN PERFECT HARMONY WITH YOUR OWN
2122,EXPLAIN YOURSELF
2123,I ALLUDE TO THE GOTTOS
2124,THE PRINCESS INQUIRED NO
2125,SHE THEN ROSE HUMMING THE AIR TO WHICH SHE WAS PRESENTLY GOING TO DANCE
2126,THE ARROW PIERCED HIS HEART AND WOUNDED HIM MORTALLY
2127,A QUARTER OF AN HOUR AFTERWARDS HE RETURNED TO THE THEATRE BUT IT WILL BE READILY BELIEVED THAT IT WAS ONLY A POWERFUL EFFORT OF REASON OVER HIS GREAT EXCITEMENT THAT ENABLED HIM TO GO BACK OR PERHAPS FOR LOVE IS THUS STRANGELY CONSTITUTED HE FOUND AT IMPOSSIBLE EVEN TO REMAIN MUCH LONGER SEPARATED FROM THEIR PRESENCE OF ONE WHO HAD BROKEN HIS HEART
2128,WHEN SHE PERCEIVED THE YOUNG MAN SHE ROSE LIKE A WOMAN SURPRISED IN AMIDST OF IDEAS SHE WAS DESIROUS OF CONCEALING FROM HERSELF
2129,REMAIN I IMPLORE YOU THE EVENING AS MOST LOVELY
2130,INDEED A
2131,I REMEMBER NOW AND I CONGRATULATE MYSELF DO YOU LOVE ANY ONE
2132,FOR GIVE ME I HARDLY KNOW WHAT I AM SAYING A THOUSAND TIMES FORGIVE ME MADAME WAS RIGHT QUITE RIGHT THIS BRITTLE EXILE HAS COMPLETELY TURNED MY BRAIN
2133,THERE CANNOT BE A DOUBT HE RECEIVED YOU KINDLY FOR IN FACT YOU RETURNED WITHOUT HIS PERMISSION
2134,OH MADMOSELLE WHY HAVE I NOT A DEVOTED SISTER OR A TRUE FRIEND SUCH AS YOURSELF
2135,WHAT ALREADY HERE THEY SAID TO HER
2136,I HAVE BEEN HEAR THIS QUARTER OF AN HOUR REPLIED LAVADIE
2137,DID NOT THE DANCING AMUSE YOU NO
2138,NO MORE THAN THE DANCING
2139,NAVOLIET IS QUITE A POETUS SAID TEN A SHARANT
2140,I AM A WOMAN AND THERE ARE FEW LIKE ME WHOEVER LOVES ME FLATTERS ME WHOEVER FLATTERS ME PLEASES ME AND WHOEVER PLEASES WELL SAID MONTELLA YOU DO NOT FINISH
2141,IT IS TOO DIFFICULT REPLIED MADMOZAL DETENICIAL AND LAUGHING LAUDLY
2142,LUCKY ADDER DO YOU NOT SEE THE MOON SLOWLY RISING SILVERING THE TOT MOST BRANCHES OF THE CHESTNUTS AND THE YOKES
2143,EXQUISITE SOFT TURF OF THE WOODS THE HAPPINESS WHICH YOUR FRIENDSHIP CONFERS UPON ME
2144,WELL SAID MY DIT WHEN I SHAW AND I ALSO THINK A GOOD DEAL BUT I TAKE CARE
2145,TO SAY NOTHING SAID MONTELLA SO THAT WHEN MADMOZAL DETENACIOUR ON THINKS AT THE NAY IS THE ONLY ONE WHO KNOWS IT
2146,QUICK QUICK THEN AMONG THE HIGH RED GRASS SAID MONTELLEY STOOP AT THINA YOU ARE SO TALL
2147,THE YOUNG GIRLS HAD INDEED MADE THEMSELVE SMALL INDEED INVISIBLE
2148,SHE WAS HEAR JUST NOW SAID THE COUNT
2149,YOU ARE POSITIVE THEN
2150,YES BUT PERHAPS I FRIGHTENED HER AND WHAT WAY
2151,HOW IS IT LAVALIER SAID MODEMOISELLE DETENNAE SHAWNED THAT THE VECOME TO BREAK ALONE SPOKE OF YOU AS LOUISE
2152,IT SEEMS THE KING NOT CONSENT TO IT
2153,COOK GRACIOUS AS THE KING ANY RIGHT TO INTERFERE IN MATTERS OF THAT KIND
2154,I GIVE MY CONSENT
2155,OH I AM SPEAKING SERIOUSLY REPLIED MONTELLEY AND MY OPINION IN THIS CASE IS QUITE AS GOOD AS THE KINGS I SUPPOSE IS IT NOT LOUISE
2156,LET US RUN THEN SAID ALL THREE AND GRACEFULLY LIFTING UP THE LONG SKIRTS OF THEIR SILK DRESSES THEY LIGHTLY RAN ACROSS THE OPEN SPACE BETWEEN THE LAKE AND THE THICKEST COVERED OF THE PARK
2157,IN FACT THE SOUND OF MADAMES AND THE QUEEN'S CARRIAGES COULD BE HEARD IN THE DISTANCE UPON THE HARD DRY GROUND OF THE ROADS FOLLOWED BY THE MOUNTAIN CAVALIERS
2158,AND THIS WAY THE FET OF THE WHOLE CORPS WAS A FET ALSO FOR THE MYSTERIOUS AND HABITANTS OF THE FOREST FOR CERTAINLY THE DEAR IN THE BRAKE THE FEASANT ON THE BRANCH THE FEASANT ON THE BRANCH THE FOX IN ITS WHOLE WERE ALL LISTENING
2159,ALL ABOUT HIM WAS A TUMULT OF BRIGHT AND BROKEN COLLAR SCATTERED AND BROADS BLASHES
2160,THE MREGANCE ARE HAD A CRUSTED HEAD OF EAR DESCENT GREEN BLACK A BROAD COLLAR OF LUSTROUS WHITE BLACK BACK BACK BLACK BACK BLACK AND WHITE WINGS WHITE BELLY SIDES FINELY PINCILED IN BLACK AND WHITE AND A BREAST OF RICH JUST NOT RED STREAKED WITH BLACK
2161,HIS FEET WERE RED HIS LONG NARROW BEAK WITH ITS SALT TOOTHED EDGES AND SHARP HOOKS TIP WAS BRIGHT RED
2162,BUT HERE HE WAS AT A TERRIBLE DISADVANTAGE AS COMPARED WITH THE HOUSE HAWKS AND EAGLES HE HAD NO RENDING THALLS
2163,BUT SUDDENLY STREET AND SWIFT AS A DIET INCOMRANT HE SHOT DOWN INTO THE TORRENT AND DISAPPEARED BENEATH THE SURFACE
2164,ONCE FAIRLY A WING HOWEVER HE WHEELED AND MADE BACK HER READLY FOR HIS PERCH
2165,AND MIGHT HAVE SEEMED THAT I TROUT OF THIS EYES WAS A FAIRLY SUBSTANTIAL MEAL
2166,BUT SUCH WAS HIS KEENNESS THAT EVEN WHILE THE WIDE FLUKES OF HIS ENGOOD TO VICTIM WERE STILL STICKING OUT OF THE CORNS OF HIS A BEAK HIS FIERCE RED EYES OF OR ONCE MORE PEERING DOWNWARD INTO THE TORRENT AND SEARCH OF FRESH PRAY
2167,AND DESPAIR HE HURLED HIMSELF DOWNWARD TWO SOON
2168,THE GREAT HAWK VOWED HEARDLY THROUGH TREEVE HIS PRAY FROM THE GROUND
2169,THE CAT GRALLED SOFTLY BICKED UP THE PRIZE IN HER JAWLS AND TRODDED INTO THE BUSHES TO DEVOUR IT
2170,IN FACT HE HAD JUST MINISHED IT THE LAST OF THE TROUTS TAIL HAD JUST VANISHED WITH A SPASM DOWN HIS STRAINED GOLLET WHEN THE BAVELLED HAWK CALLED SIGHT OF HIM AND SWOOPED
2171,THE HALK ALIGHTED ON THE DEAD BRANCH AND SAT UPRIGHT MOTIONLESS AS IF SURPRISED
2172,LIKE HIS UNFORTUNATE LITTLE COUSIN THE TEAL HE TOO HAD FELT THE FEAR OF DEATH SMITTEN INTO HIS HEART AND WAS HEADING DESPERATELY FOR THE REFUGE OF SOME DARK OVERHANGING BANK DEEP FRINGED WITH WEEDS WHERE THE DREADFUL I HAVE THE HAWK SHOULD NOT DECERN HIM
2173,THE HOCK SAT UPON THE BRANCH AND WATCHED HIS QUARRY SWIMMING BENEATH THE SURFACE
2174,ALMOST INSTANTLY YOU AS FORCE TO THE TOP
2175,STRAIGHT WAY THE HOOK GLIDED FROM HIS PURCH AND DARTED AFTER HIM
2176,BUT AT THIS POINT IN THE RAPIDS IT WAS IMPOSSIBLE FOR HIM TO STAY DOWN
2177,BUT THIS FREQUENTURE OF THE HEIGHTS OF AIR FOR ALL HIS SAVAGE VALLER WAS TROUBLED AT THE LEAPING WAVES IN THE TAUSSING FOAM OF THESE MAD RAPIDS HE DID NOT UNDERSTAND THEM
2178,AS HE FLEW HIS DOWN WEACHING CLUTCHING TALENTS WERE NOT HAPPY YARD ABOUT THE FUGETIVES HEAD
2179,WERE THE WAY THIS FOR INSTANT SANK THEY CAME CLOSER BUT NOT QUITE WITHIN GRASPING REACH
2180,BUT ADD BEFORE THE LEAPING WAVES OF THE RAPIDS WERE TOO MUCH FOR HIS PURSUER AND YOU THEY ABLE TO FLAP HIS WAY ORWARD AND A CLOUD OF FAMED BOLD DOOM HUNG LOBE OF HIS HEAD YET HESITATED TO STRIKE
2181,THE HAWK EMBITTERED BY THE LOSS OF HIS FIRST QUARRY HAD BECOME AS DOGS IN PURSUIT AS A WEASEL NOT TO BE SHAKEN OFF OR EVADED OR DECEIVED
2182,HE HAD A LOT OF LINE OUT AND THE PLACE WAS NONE TOO FREE FOR A LONG CAST BUT HE WAS IMPATIENT TO DROP HIS FLY'S AGAIN ON THE SPOT WHERE THE BIG FISH WAS FEEDING
2183,THE LAST DROP FLY AS LUCK WOULD HAVE IT CAUGHT JUST IN THE CORNER OF THE HOCKS ANGRILY OPEN BEAK HOOKING ITSELF FIRMLY
2184,AT THE SUDDEN SHARP STING OF IT THE GREAT BIRD TURNED HIS HEAD AND NOTICED FOR THE FIRST TIME THE FISHERMAN STANDING ON THE BANK
2185,THE DRAG UPON HIS BEAK AND THE LIGHT CHECK UPON HIS WINGS WERE INEXPLICABLE TO HIM AND A PALLING
2186,THAN THE LEATER PARTED FROM THE LINE
2187,HE IS THEY WELCOME FIGURE AT THE GARDEN PARTIES OF THE ELECT WHO WERE ALWAYS READY TO ENCOURAGE HIM BY ACCEPTING FREE SEATS FOR HIS PLAY ACTOR MANAGER IS NOD TO HIM AND YEARS ELOVEM TO CONTRIBUTE WITHOUT CHARGE TO HIS EMPOSIUM ON THE PRICE OF GALF ALLS
2188,ENGERED HE BECOMES A PROMINENT FIGURE IN ONE OF THE CIETY AND IF HE IS NOT CAREFUL SOMEBODY WILL SAY SO
2189,BUT EVEN THE UNSUCCESSFUL DRAMAGEST HAS HIS MOMENTS
2190,YOU WERE PLAY MUST BE NOT MERELY A GOOD PLAY BUT A SUCCESSFUL ONE
2191,FRANKLY I CANNOT ALWAYS SAVE
2192,BUT SUPPOSE YOU SAID I AM FOND OF WRITING MY PEOPLE ALWAYS SAY MY LETTERS WHOM OR GOOD ENOUGH FOR PUNCH
2193,I'VE GOT A LITTLE IDEA FOR A PLAY ABOUT A MEN AND A WOMAN AND A WOMAN AND BUT PERHAPS I BETTER KEEP THE POT A SECRET FOR THE MOMENT
2194,IN HE HOW WITH A JOLLY EXCITING AND I CAN TO THE DIALOGUE ALL RIGHT
2195,LINE MERE YEAR FOR TEN MINUTES A NEW SHALL LEARN JUST WHAT STAGE CRAFT IS
2196,AND I SHOULD BEGIN WITH A SHORT HOMELY ON SILLER LOQUIS
2197,HIM TO BE OR NOT TO BE
2198,NOT THE OBJECT OF HIS SOLIQUEE IS PLAIN
2199,INDEED IRRESOLUTION MEAN THE CHINOTE OF HAMMENTS OF THE LOUILTUEE A CLEVER PLAYER COULD IT TOO SOME EXTENT INDICATE THE WHOLE THIRTY LINES MY A SILEGE WORKING OF THE JOB BUT AT THE SAME TIME IT WOULD BE IDLETO TO THE NIGHT THAT HE WOULD MISS THE FINER SHADES OF THE DROMATIST'S MEANING
2200,WE MODERNS HOWEVER SEE THE OBSERVITY OF IT
2201,IF IT BE GRANTED FIRST THAT THE AFFAULTS OF A CERTAIN CHARACTER SHOULD BE KNOWN TO THE AUDIENCE AND SECONDLY THAT SOLIC QUEET OR THE HABIT OF THINKING ALLOWED IS IN OPPOSITION TO WONDERN STAGE TAKE MINKED HOW WISH ALL OF SALOAKLY BEAUVOIDED WITHOUT DAMAGE TO THE PLAY
2202,AND SAID ON TILL YOU GET THE END WHEN A REALLY MIGHT SAY AH YES OR SOMETHING NON COMMITTEL OF THAT SORT
2203,THIS WOULD BE IN EASY WAY OF DOING IT BUT IT WOULD NOT BE THE BEST WAVE FOR THE READEN THAT IT IS TOO EASY TOO CALL ATTENTION TO ITSELF
2204,IN THE OLD ABADLAY MADE PLAYED IT WAS FREQUENTLY NECESSARY OR ONE OF THE CHARACTERS TO TAKE THE AUDIENCE INTO HIS COMPITENCE
2205,IN THE MODERN WHILE CONSTRUCTED PLAY HE SIMPLY RINGS UP AND IMAGINARY CONVERTED AND TELLS HIM WHAT HE HAS GOING TO DO COULD ANYTHING BE MORE NATURAL
2206,I WANT DOUBLE NINE PELLOW
2207,DOUBLE NINE TWO THREE ELSEN OUR THE DOUBLE NOT YES PELLOW AS THAT YOU HURRY SHOW PAMA SPEAKING
2208,I SAY I'VE BEEN WONDERING ABOUT THIS BUSINESS
2209,TO BE WERE NOT TO BE WERE NOT TO BE THAT AS THE QUESTION WHETHER TIS NOBLER IN THE MIND TO SUFFER THE SLINGS AND ARROWS WHAT NO HAM ITS BEAKING
2210,YOU GAME ME DOUBLE FIVE I'VE ONE DOUBLE NINE ELLOW IS THAT YOU HURRISHEL HAM IT SPEAKING
2211,TO BE OR NOT TO BE THAT IS THE QUESTION WHETHER TO IS NOBLER
2212,IT IS TO LET HIM IT IF THAT HAPPENED TO BE THE NAMEL YOUR CHARACTER INTERVALLY SMALL DOG PUT FALK IN MONGERS TAME BEAR ORDER ANIMAL IS MOST AND KEEP HIM WITH THE PART AND CONFIDE IN THIS ANMOST SUCH SORROWS HOPES OR SECRET HISTORY AS THE AUDIENCE HAS GOT TO KNOW
2213,INTERHEMIT WITH HIS FAVORITE BOREHOUND
2214,LADY LARKS BURST OR SUDDENLY INTRANSHWART HIM
2215,LARKSPER BIT ME AGAIN THIS MORNING FOR THE THIRD TIME
2216,I WANT TO GET AWAY FROM IT ALL SWOON
2217,INTERE LORD ARTHUR FLUFF AND HOSE
2218,AND THERE YOU ARE YOU WILL OF COURSE APPRECIATE THAT THE UTTEN FINGERSTANCES IS NOT ONLY SAVE TIME MUT ALSO MAKE THE MANUERING VERY MUCH MORE NATURAL
2219,HOW YOU MAY BE WONDERING ARE YOU TO BE GINGER MAJORPIECE
2220,WE'RE LOPS IS IN DECIDES FLOWERS OF THE ENING
2221,THE DATCHERS THE SOUTHBRIDGE TWO LORD REGIPED OH REGI WHAT DID YOU SAY
2222,THEN NO LURRED TEAPANY WELL WHAT ABOUT ACTION
2223,THE CROWD DRIFTS OFF LEAPING HEROINE ALONE IN MILLEFISTAGE AND THEN YOU CAN BEGAN
2224,THEN IS THE TIME TO ENTRODUCE A MEAL ON STAGE
2225,A STAGE ME LESS POPULAR BECAUSE IT BRUTE TO THE AUTONS OF THE ACTORS EVEN ONE CALLED CHARLES WHOLE TREE OR OWN NEARS ALREAL BEABLE JUST LIKE YOU AND MEAN
2226,TEA PLEASE MATTHEWS BUTTLER IMPROSIVELY
2227,HOSTESS REPLACES LUMP AND IN KINDS EMPTY TEAPOT OVERTRAY FOR MOMENT THAN HANDSOME AKE UP PATED BROWN INSIDE LESTY SEEING THE GENTLEMAN WITH A TELESCOPE IN THE UPPER CIRCLE
2228,WE INTERBUFFLER AND THREE FOOTMEN WHO MOVED THE TEETHINGS HOSTESS TO GUEST
2229,AND NOVELS AHERE OF HIS OFTEN PUSHED HIS MEALS AWAY UNTASTED BUT NO ESTEED SURE WOULD DO ANYTHING SO UNNATURAL AS THIS
2230,TWO WHITE ZARMAID AND THE BREAD IS CROMBOANT WITH A NARROW OF GREAT EAGERNESS INDEED ONE FIELDS IT IN REALLY BEGUS WOULD CLUTCH HOLD OF THE FUTMEN AND SAY HAVE A MOULD CHAP I HAVEN'T NEARLY FINISHED BUT THE ACTORS BETTER SCHOOL THAN US
2231,BUT IT IS THE CIGARETTE WHICH CHIEFLY HAS BROUGHT THE MONOR DROLLATE WHICH PRESENT STATE A PERFECTION
2232,LURGEON TAKING OUT GOLD CIGARETTE CASE FROM HIS LEFT HAND UPPER WAISTCOAST BOCKET
2233,THE BOTH IS LEGISLATURE NUMBERED THIRTY SIX MEMBERS
2234,THIS WAS AT THE MARCH ELECTION EIGHTEEN FIFTY FIVE
2235,THAT SOMERS IMMEGRATION HOWEVER BEING MEANLY FROM THE FREE STAYS GREATLY CHANGED THE RELATIVE STRENGTH OF THE TWO PARTIES
2236,FOR GENERAL SERVICE THEREFORE REQUIRING NO SPECIAL EFFORT THE NUMERICAL STRENGTH OF THE FACTIONS WAS ABOUT EQUAL WHILE ON EXTRA ORDINARY OCCASIONS THAT TWO THOUSAND BORDER REPHEE AND RESERVED LYING A LITTLE FARTHER BACK FROM THE SCALE
2237,THE FREE STATE MEN HAD ONLY THEIR CONVICTIONS THEIR INTELLIGENCE THEIR COURAGE AND THE WARLS SUPPORT OF THE NORTH THE CONSPIRACY HAD ITS SECRET COMBINATION THE TERRITORIAL FICIALS THE LEGISLATURE THE VOGEST LAWS THE PRESIDENT AND THE ARMY
2238,THIS WAS A FORMABLE ARRAY EVIDENTAGES SLAVERY WAS PLAYING WITH LOADED DICE
2239,COME IN BY WAY OF THE MAZERY RIVER TOWNS HE FELL FIRST AMONG BORDER REFIANT COMPANIAGES HAVE AN INFLUENCES AND PERHAPS HAVING HIS INCLINATIONS ALREADY MULDED BY HIS WASHINGTON INSTRUCTIONS HIS EARLY IMPRESSIONS WERE DECIDEDLY ADVERSE TO THE FREE STATE CAUSE
2240,HIS RECEPTION SPEECH AT WESPORT IN WHICH HE MAINTAINED THE LEGALITY OF THE LEGISLATURE AND HIS DETERMINATION TO INFORCE THEIR LAWS DELIGHTED HIS PERSONABLE REOTITORS
2241,ALL THE TERRITORIAL DIGNITARIES WERE PRESENT GOVERNOR SHAM AND PRESIDED JOHN CALHOUND THE SURVEYER GENERAL MADE THE PRINCIPAL SPEECH A DENANCIATION OF THE ABOLITIONIST SUPPORTING THAT'S A PEAK EMOVEMENT CHIEF JUSTICE LUCONFIGNIFY THE OCCASION WITH APPROVING REMARKS
2242,ALL THIS CENT ALL NON COMPLIANS ALL HESITATION ALL MERE SILENCE EVEN WERE IN THEIR STRONGHOLD TOWNS LIKE LEVEN WORK BRANDED AS ABOLITIONISM DECLARED TO BE HOW STILLITY TO THE PUBLIC WELFARE AND PUNISHED WITH PROSCRIPTION HERSONAL VIOLENCE EXPLOSION AND FREQUENTLY DEATH
2243,OF THE LENCHINGS THE MOBS AND THE MURDERS IT WOULD BE IMPOSSIBLE EXCEPT IN A BERY EXTENDED WORK TO NOTE THE FREQUENT AND A TRACIOUS DETAILS
2244,THE PRESENT CHAPTERS CAN ONLY TOUCH UPON THE MORE SAILIANT MOVEMENTS OF THE CIVIL WARNED HANDS WHICH HAPPILY OR NOT SANGLINARY IF HOWEVER THE INDIVIDUAL AND MORE ISOLATION CASES OF BLOODSHID COULD BE DESCRIBED THEY WOULD SHOW A STARTLING AGGREGET OF BARBARITY AND A LOSS OF WIFE FOR OPINION SAKE
2245,SEVERAL HUNDRED FREE STATE MEN PROPLY RESPONDED TO THE SUMMONS
2246,IT WAS IN FACT THE BEST WEAP ANOTHER TO STAY
2247,THE LEADERS OF THE CONSPIRACY BECAME DISTRUSTFUL OF THEIR POWER TO CRUSH THE TOWN
2248,ONE OF HIS MALICIA GENERALS SUGGESTED THAT THE GOVERNOR SHOULD REQUIRE THE OUTLAWS AT LORENTS AND ALSEWHERE TOO SURRENDER THE SHARP'S RIFLES ANOTHER ROAD ASKING HIM TO CALL OUT THE GOVERNMENT TRUTHS AT FORT LEVEN WORTH
2249,THE GOVERNOR ON HIS PART BECOMING DOUBTFUL OF THE LEGALITY OF EMBLOYING MISERY MOLICIA TO INFORCE CANSON'S LAWS WAS ALSO EAGER TO SECURE THE HELP OF FEDERAL TROOPS
2250,SHERIFF CHONES HAD IS POCKETS ALWAYS FULL OF WRITS ISSUED IN THE SPIRIT OF PERSECUTION THAT WAS OFTEN BAFFLED BY THE SHARP WITS AND READY RESOURCES OF THE FREE STATE PEOPLE AND SOMETIMES DEFIED OUTRIGHT
2251,LITTLE BY LITTLE HOWEVER THE LATTER BECAME HIM DOWN IN THE MASHES OF THE VARIOUS DEVICES AMPROCEEDINGS WHICH THE TERRITORIAL OFFICIALS EVOLVED FROM THE BOGUS LAWS
2252,TO EMBARRASS THIS DAMAGING EXPOSURE JUDGE LECOQ ISSUED A WRIT AGAINST THE EXCOVENER ON A PRIVILESS CHARGE OF CONTEMPT
2253,THE INCIDENT WAS NOT VIOLENT NOR EVEN DERMATIC NO POSSE WAS SUMMONED NO FURTHER EFFORT MADE AND READER FEARING PERSONAL VIOLENCE SOON FLED IN DISGUISE
2254,BUT THE AFFAIR WAS MANUFIED AS A CROWNING PROVE THAT THE FREE STATE MEN WERE INSURRECTIONNESS AND OUTLAWS
2255,FROM THESE AGAIN SPRANG BARRICATED AND FORTIFIED DWELLINGS CAMPSON'S SCOUT PARTIES FINALLY COMMONATING IN ROVING GAROLABANDS HALF PREDITORY
2256,THEIR DISTINCTIVE CHARACTERS HOWEVER DISPLAY ONE BROAD AND UNFAILING DIFFERENCE
2257,THE FREE STATE MEN CLUNG TO THEIR PRAIRIE TOWNS AND PRAIRIER VEINS WITH ALL THE OBSTINACY AND COURAGE OF TRUE DEFENDERS OF THEIR HOMES AND FIRE SIDES
2258,THEIR ASSUMED CHARACTER CHANGED WITH THEIR CHANGING OPPORTUNITIES OR NECESSITIES
2259,IN THE SHOOTING OF SHERIFF JONES AND LORENTS AND IN THE REFUSAL OF EXCOVEN A READER TO ALLOW THE DEPITY MARSHAL TO ARRAST HIM THEY DISCOVERED GRAVE OFFENCES AGAINST THE TERRITORIAL AND THE UNITED STATES LAWS
2260,FOOTNOTE SUMMER TO SHANNAN MAY TWELVE EIGHTEEN FIFTY SIX
2261,PRIVATE PERSONS WHO HAD LEAST THE FRESTATE HOTEL THEINLY BESOUGHT THE VARIOUS AUTHORITIES TO PRESENT THE DESTRUCTION OF THEIR PROPERTY
2262,TEN DAYS WERE CONSEMBED IN THESE NEGOTIATIONS BUT THE SPIRIT OF VENGEANCE REFUSED TO YIELD
2263,HE SUMMONED HALF A DOZEN CITIZENS TO JOIN HIS POSSE WHO FOLLOWED OBEYED AND ASSISTED HIM
2264,HE CONTINUED HIS PRETENDED SEARCH AND TO GIVE COLOR TO HIS ERRAND MADE TO ARREST
2265,THE FREE DINNER AND HONOUR TELL A STONE BUILDING INDIMENSIONS FIFTY BY SEVENTY FEET THREE STORIOUS HIGH AND HANDSOMELY FURNISHED PREVIOUSLY OCCUPIED ONLY FOR LAUNGING ROOMS ON THAT DAY FOR THE FIRST TIME OPENED ITS TABLE ACCOMMODATIONS TO THE PUBLIC AND PROVIDED A FREE DINNER AND HONOUR OF THE OCCASION
2266,AS HE HAD PROMISED TO PROTECT THE HOTEL THE REASSURED CITIZENS BEGAN TO LAUGH AT THEIR OWN FEARS
2267,TO THEIR SORROW THEY WERE SOON AND DECEIVED
2268,THE MILITARY FORCE PARTLY RABBLE PARTLY ORGANIZED HAD MEANWHILE MOVED INTO THE TOWN
2269,HE PLANET AT COMPANY BEFORE THE HOTEL AND DEMANDED A SURRENDER OF THE ARMS BELONGING TO THE FREE STATE MILITARY COMPANIES
2270,HALF AN HOUR LATER TURNING A DEAF EAR TO ALL REMONSTRANCE HE GAVE THE PROPRIETORS UNTIL FIVE O'CLOCK TO REMOVE THEIR FAMILIES AND PERSONAL PROPERTY FROM THE FREE STATE HOTEL
2271,AJUSTNE WHO HAD BEEN HER ANY THE MOB PLENTED HIS TOO GANCE BEFORE THE BUILDING AND TRAINED THEM APIED
2272,THE INMATES BEING REMOVED AT THE APPOINTED HOUR IF YOU CANNON BALLS REFIRED TO THE STONE WALLS
2273,IN THIS INCIDENT CONTRASTING THE CREATIED AND THE DESTRUCTIVE SPIRIT OF THE FACTIONS THE IMIGRANT AID SOCIETY OF MASSACHUSES FINDS IS MOST HONORABLE ANTRIUMPHANT VINDICATION
2274,THE WHOLE PROCEEDING WAS SO CHILDISH THE MISERABLE PLAUGHT SO TRANSPARENT THE OUTRAGE SO GROSS AS TO BRING DISCUSSED TO THE BETTER CLASS OF BORDER RUFFIANS WHO WERE WITNESSES AND ECCESSORIES
2275,RELOCATED FOOTNITE GOVERNOR ROBINS AND BEING ON HIS WAY EAST THE STEAM BOAT ON WHICH HE WAS TRAVELLING STOPPED AT LEXING TO MISERY
2276,IN A FEW DAYS AND OFFICER CHAME WITH A REQUISITION FROM GOVERNOR SHANNAN AND TOOK THE PRISONER BY LAND A WEST PORT AND AFTERWARDS FROM THEIR TO CANS A CITY AND LEVIN WORTH
2277,HEREOUS PLACE IN THE CUSSITY OF CAPTAIN MARTIN OF THE KICK APPEARANGERS WHO PROVED A KIND JAILER AND MATERIALLY ASSISTED AND PROTECTING HIM FROM THE DANGEROUS INTENTIONS OF THE MOB WHICH AT THAT TIME HOW LEVEN WORTH UNDER THE REIGN OF TERROR
2278,CAPTAIN MARTIN SAID I SHALL GIVE YOU A PISTOL TO HOUT PROTECT YOURSELF IF WORSE COMES TO WORSE
2279,IN THE EARLY MORNING OF THE NEXT DAY MAY TWENTY NINE A COMPANY OF DRAGOONS WITH ONE EMPTY SADDLE CAME DOWN FROM THE FORT AND WHILE THE PROST LABOR REMAND STILL SLEPT THE PRISONER AND HIS ESCORT WERE ON THEIR WAY ACROSS THE PRAIRIES TO THE COMPTON IN THE CHARGE OF OFFICERS OF THE UNITED STATES ARMY
2280,THOUGH THROWN INTO PRISON FOR THIS ENTERPRISE AND DETAINED SOME TIME HE WAS NOT DISCOURAGED BUT STILL CONTINUED BY HIS COUNTENANCE AND PROTECTION TO INFUSE SPIRIT INTO THE DISTRESSED ROYLESS
2281,AMONG OTHER PERSONS OF DISTINCTION WHO UNITED THEMSELVES TO HIM WAS LORD NAPIER OF MERCHASTON SON OF THE FAMOUS INVENTOR OF THE LOGER THEMS THE PARSON TO WHO THE TITLE OF A GREAT MAN IS MORE JUSTLY DUE THAN TO ANY OTHER WHOM HIS COUNTRY EVER PRODUCED
2282,WHILE FORMER FORMER FOR TOLD THAT THE SKUTISH COVENANTERS OR SECRETLY FORMING A UNION WITH THE ENGLISH PARLIAMENT AND INCULCATED THE NOCESSITY OF PREVENTING THEM BY SOME VIGOROUS UNDERTAKING THE LATTER STAND INSISTED THAT EVERY SUCH ATTEMPT WOULD PERCIPITATE THEM INTO MEASURES TO WHICH OTHERWISE THEY WERE NOTE PERHAPS INCLINED
2283,THE KING'S EARS WERE NOW OPEN TO MONTROSE'S COUNSELS WHO PROPOSED NONE BUT THE BULDEST AND MOST DARING AGREEABLY TO THE DESPERATE STATE OF THE ROYAL COULS IN SCULPLIND
2284,FIVE HUNDRED MEN MORE WHO HAD BEEN LEVIED BY THE COVENANTERS WERE PERSUADED TO EMBRACE THE ROYAL COURSE AND WITH THIS COMBINED FORCY HASTENED TO ATTACK LORD ELCOW WHO LAY IT PARTH WITH AN ARMY OF SIX THOUSAND MEN A SEMBLED UPON THE FIRST NEWS OF THE IRISH INVASION
2285,DREADING THE SUPERIOR POWER OF ARGUL WHO HAVING JOINED HIS VASSALS TO A FORCE LEVIED BY THE PUBLIC WAS APPROACHING WITH A CONSIDERABLE ARMY MONTROWS HASTENED NORTHWARD IN ORDER TO ROUSE AGAIN THE MARKEY OF HUNTLY AND THE GORDENS WHO HAD BEEN INSTANTLY SUPPRESSED BY THE COVENANTERS
2286,THIS NOBLEMAN'S CHARACTER THOSE SEVERATED FOR PENITICAL COURAGE AND CONDUCT WAS VERY LOW FOR MILITARY PROWESS AND AFTER SOME SKIRMISHES IN WHICH HE WAS WORSTED HE HERE ALOUD MONTROZED TO ESCAPE HIM
2287,BY QUICK MARCHES THROUGH THESE INEXCESSIBLE MOUNTAINS THAT GENERAL FREED HIMSELF FROM THE SUPERIOR FORCES OF THE COVENANTERS
2288,WITH THESE AND SOME REENFORCEMENTS OF THE ETHOL MEN AND MOTOLTS WHOM HE HAD RECOLD MONTROES FELL SUDDENLY UPON OUR GUILS COUNTRY AND LET LOOSE UPON IT ALL A RAGE OF WAR CARRYING OFF THE CATTLE BURNING THE HOUSES AND PUSHING THE INHABITANTS TO THE SWORD
2289,THIS SEVERITY BY WHICH MONTRODE SOLID HIS VICTORIES WAS THE RESULT OF PRIVATE ANIMOSITY AGAINST THE CHIEFTAIN AS MUCH AS A ZEAL FOR THE PUBLIC QUALS ARE GUILE COLLECTING THREE THOUSAND MEN MARCHED IN QUEST OF THE ENEMY WHO HAD RETIRED WITH THEIR PLUNDER AND HE LAY AT INERLOCKY SUPPOSING HIMSELF STILL AT A CONSIDERABLE DISTANCE FROM THEM
2290,BY A QUICK AND UNEXPECTED MARCH ONE TROES HASTENED TO INTERLOCKY AND PRESENTED HIMSELF IN ORDER OF BATTLE BEFORE THE SURPRISED BUT NOT AFRIGHTENED COVENENTERS
2291,HIS CONDUCT AND PRESENCE OF MIND IN THE SEMERGENTS APPEARED CONSPICUOUS
2292,MONTROES WEAK IN CAVALRY HAIR LINED HIS TROOPS OF HORSE WITH INFANTRY AND OFTER PUTTING THE ENEMY'S HORSE TO ROUT FELL WITH UNITED FORCE UPON THEIR FOOT WHO WERE ENTIRELY CUT IN PIECES THERE WITH THE LOSS OF THE GALLANT LORD GORDEN ON THE PART OF THE ROYLESSES
2293,FROM THE SAME MEN KNEW REGIMENTS AND NEW COMPANIES WERE FORMED DIFFERENT OFFICERS APPOINTED AND THE WHOLE MILITARY FORCE BUT INTO SUCH HANDS AS THE INDEPENDENCE COULD RELARM
2294,BESIDES MEMBERS OF PARLIAMENT WHO WERE AS GLUDED MANY OFFICERS UNWILLING TO SERVE UNDER THE NEW GENERALS THROUGH UP THEIR COMMISSIONS AND THEN WEARILY FACILITATED THE PROJECT OF PUTTING THE ARMY ENTERLY INTO THE HANDS OF THAT FACTION
2295,THAT THE DISCIPLINE OF THE FORMER POLIMENTARY ARMY WAS NOT CONTEMPTABLE A MORE EXACT PLAN WAS INTRODUCED AND RIGOROUSLY EXECUTED BY THESE NEW COMMONDERS
2296,VALA INDEED WAS VERY GENERALLY DEFUSED OF THE ONE PARTY AS WHALE AS THE OTHER DURING THIS PERIOD DISAPPLINE ALSO WAS ATTAINED BY THE FORCES OF THE PARLIAMENT BUT THE PERFECTION OF THE MILITARY ART IN CONCERTING THE GENERAL PLANS OF ACTION AND THE OPERATIONS OF THE FIELD SEEMS STILL ON BOTH SIDES TO HAVE BEEN IN A GREAT MEASURE WONTING
2297,HISTORIANS AT LEAST PERHAPS FROM THEIR OWN IGNORANCE AND INEXPERIENCE HAVE NOT REMARKED ANYTHING BUT AHEADLO IMPETUOUS CONDUCT EACH PARTY HURRYING TO A BATTLE WHERE VALLER AND FORTUNE CHIEFLY DETERMINED THE SUCCESS
2298,HE PASSED THROUGH HENLY SINT ALBANDS AND CAME SO NEAR TO LONDON AS HORROW ON THE HILL
2299,THE SKUTISH GENERALS AND COMMISSIONERS EFFECTED GREAT SURPRISE ON THE APPEARANCE OF THE KING AND THOUGH THEY PAID HIM ONLY EXTERIOR RESPECT DUTY THEY INSTANTLY SIT A GUARD UPON HIM UNDER COLOR OF PROTECTION AND MAY HIM IN REALITY A PRISONER
2300,THEY INFORMED THE ENGLISH PONIMENT OF THIS UNEXPECTED INCIDENT AND ASSURED THEM THAT THEY HAD ENTERED INTO NO PRIVATE'S TREATY WITH THE KING
2301,OR HATH HE GIVEN US ANY GIFT
2302,AND THE MEN OF ISRAEL AUNTS IT THE MEN OF JUDA AND SAID WE HAVE TEN PARTS IN THE KING AND WE HAVE ALSO MORE RIGHT INDAVID THAN YE WHY THEN DID YE DESPISE US THAT OUR ADVICE SHOULD NOT BE FIRST HEAD IN BRINGING BACK OUR KING
2303,ANOTHER PREACHER OFTER REPROACHING HIM TO HIS FACE WITH HIS MISGOVERNMENT ORDERED THIS SOME TO BE SUN
2304,THE KING STOOD UP AND COLD FOR THAT SOMM WHICH BEGINS WITH THESE WORDS
2305,HAVE MARCY LORD ON ME I PRAY FOR MEN WOULD ME DEVOUR
2306,THE GOOD NATURED ORDIANS IN PITY TO FALL IN MAGISTY SHOWN FOR ONE SCRITE HER DEFERENCE TO THE KING THAN TO THE MINISTER AND SUNG THE SONG WHICH THE FORMER HAD COLD FOR
2307,THE PONIMENT AND THE SCOTS LAID THEIR PROPOSALS BEFORE THE KING
2308,BEFORE THE CETTLEMENT OF TERMS THE ADMINISTRATION MUST BE POSSESSED ENTIRELY BY THE PARLIAMENTS OF BOTH KINGDOMS AND HOW INCOMPATIBLE THAT SCHEME WITH THE LIBERTY OF THE KING IS EASILY IMAGINED
2309,THE ENGLISH IT IS EVIDENT HAD THEY NOT BEING PREVIOUSLY ASSURED OF RECEIVING THE KING WOULD NEVER HAVE PARTED WITH SO CONSIDERABLE OF SUM AND WHILE THEY WEAKENED THEMSELVES BY THE SAME MEASURE HAVE SO MATERIAL AND INTEREST TO DISCUSS
2310,IF ANY STILL RETAINED RANKER AGAINST HIM IN HIS PRESENT CONDITION THEY PAUSED IN SILENCE WHILE HIS WELL WISHERS MORE GENEROUS THAN PRUDENT ACCOMPANIED HIS MARCH WITH TEARS WITH ACCLAMATIONS AND WITH PRAYERS FOR HIS SAFETY
2311,HIS DEATH IN THIS CONJUNCTURE WAS A PUBLIC MISFORTUNE
2312,THE ANALYSIS OF KNOWLEDGE WILL OCCUPIAS UNTIL THE END OF THE THIRTEENTH LEXURE AND AS THE MOST DIFFICULT PART OF OUR WHOLE ANTERPRISE
2313,WHAT IS CALLED PERCEPTION DIFFEREST FROM SENSATION BY THE FACT THAT THE SENSATIONAL INGRIDIANCE BRING UP ABITUAL ASSOCIATES IMAGES AND EXPECTATIONS OF THEIR USUAL COROLETS ALL OF WHICH ARE SUBJECTIVELY INDISTINGUISHABLE FROM THE SENSATION
2314,WHETHER NOT THIS PRINCIPLE IS LIABLE TO EXCEPTIONS EVERY ONE WOULD AGREE THAT IT HAS A BROAD MEASURE OF TRUTH THOUGH THE WORD EXACTLY MIGHT SEEM MORE CORRECT TO SAY THAT I DOES A PROXIMENTLY REPRESENT IMPRESSIONS
2315,AND WHAT SORT OF EVIDENCE IS LOGICALLY POSSIBLE
2316,THERE IS NO LOGICAL IMPOSSIBILITY AND THE HIGH POTHESIS THAT THE WORLD SPRANG INTO BEING FIVE MINUTES AGO EXACTLY AS IT THIN WAS WITH THE POPULATION THAT REMEMBERED A WHOLLY UNREAL PASSED
2317,ALL THAT IAM DOING IS TO USE ITS LODGICAL TUNABILITY AS A HELP IN THE UNALYSIS OF WHAT OCCURS WHEN WE REMEMBER
2318,THE BEHAVIOUROUS TO ATTEMPT TO MAKE PSYCHOLOGY OR RECORD OF BEHAVIOUR HAS TO TRUST HIS MEMORY AND MAKING THE RECORD
2319,HABIT IS A CONCEPT INVOLVING THE OCCURRENCE OF SIMILAR EVENTS AT DIFFERENT TIMES IF THE BEHAVIOURS FILLS CONFIDENT THAT THERE IS SUCH A PHENOMENON AS HABIT THAT CAN ONLY BE BECAUSE HE TRUSTS HIS MEMORY WHEN IT ASSURES HIM THAT THERE HAVE BEEN OTHER TIMES
2320,BUT I DO NOT THINK SUCH AN IFFERENCE HIS WORLDTED
2321,OUR CONFIDENCE OR LACK OF CONFIDENCE IN THE ACCURACY OF A MEMORY EMAGE MUST INFUNIMENTAL CASES BE BASED UPON A CHARACTERISTIC OF THE IMAGE ITSELF SENSE WE CANNOT A VOKE THE PAST BODILY AND COMPARENT WITH THE PRESENT IMAGE
2322,WE SOMETIMES HAVE EMMAGES THAT OUR BY NO MEANS PECULIARLY VAGUE WHICH YET WE DO NOT TRUST FOR EXAMPLE UNDER THE INFLUENCE OF FATIGUE WE MAY SEE A FRIEND'S FACE VIVIDLY AND CLEARLY BUT QUARRIBLY DISTORTED
2323,SOME IMAGES LIKE SOME SENSATIONS FILL VERY FAMILIAR WHILE OTHERS FILL STRANGE
2324,FAMILIARITY IS A FILLING CAPABLE OF DEGREES
2325,IN AN IMAGE OF A WELL KNOWN FACE FOR EXAMPLE SOME PARTS MAY FEEL MORE FAMILIAR THAN OTHERS WHEN THIS HAPPENS WE HAVE MORE BELIEF IN THE ACCURACY OF THE FAMILIAR PARTS THAN AND THAT OF THE UNFORMILIAR PARTS
2326,I COME NOW TO THE OTHER CHARACTERISTIC WHICH MEMORY IMAGES MUST HAVE IN ORDER TO ACCOUNT FOR OUR KNOWLEDGE OF THE PAST
2327,THEY MUST HAVE SOME CHARACTERISTIC WHICH MAKES US REGARD THEM AS REFERRING TO MORE ELESS REMOTE PORTIONS OF THE PAST
2328,IN ACTUAL FACT THEIR ARE DALLACE VARIOUS FACTORS THAT CAN CUR ENGIVING US THE FILLING OF GREATER OR LESS REMOTENESS AND SOME REMOTENESS AND SOME REMEMBERED EVENT
2329,THERE MAY BE A SPECIFIC FILLING WHICH COULD BE CALLED THE FILLING OF PASTNESS ESPECIALLY WHERE IMMEDIATE MEMORY ESCONCERNED
2330,THERE IS OF COURSE A DIFFERENCE BETWEEN KNOWING THE TEMPORAL RELATION OF A REMEMBERED EVENT TO THE PRESENT AND KNOWING THE TIME ORDER OF TWO REMEMBERED EVENTS
2331,IT WOULD SEEM THAT ONLY RATHER RECENT EVENTS CAN BE PLACED AT ALL ACCURALLY BY MEANS OF FEELINGS GIVING THEIR TEMPORAL RELATION TO THE PRESENT BUT IT IS CLEAR THE SUCH FILLINGS MUST PLAY AND A CENTURAL PART IN THE PROCESS OF DATING REMEMBERED EVENTS
2332,IF WE HAD RETAINED THE SUBJECT OR ACT IN KNOWLEDGE THE WHOLE PROBLEM OF MEMORY WOULD HAVE BEEN COMPARATIVELY SIMPLE
2333,REMEMBERING HAS TO BE A PRESENT OCCURRENCE AND SOME WAY RESEMBLING OR LATED TO WHAT IS REMEMBERED
2334,SOME POINTS MAY BE TAKEN AS FIXED AND SUCH AS ANY THORY OF MEMORY MUST ARRIVAT
2335,IN THIS CASE AS IT MOST OTHERS WHAT MAY BE TAKEN A CERTAIN INDEVANCE IS RATHER VEY
2336,THE FIRST OF OUR VAGUE ABOUT INDUBITABLE DATA IS THAT THERE IS KNOWLEDGE OF THE PAST
2337,WE MIGHT PROVISIONALLY THOUGH PERHAPS NOT QUITE CORRECTLY DEFINE MEMORY AS THAT WE HAVE KNOWING ABOUT THE PAST WHICH HAS NO ANNOLOGUE OF THE FUTURE SUCH A DEFINITION WOULD AT LEAST SERVE TO MARK THE PROBLEM WITH WHICH WE ARE CONCERNED THOSE SOME EXPECTATIONS MAY DESERVE TO WRANK WITH MEMORY AS REGARDS IMMEDIACY
2338,THIS DESINCTION IS VITAL TO THE UNDERSTANDING OF MEMORY BUT IT IS NOT SO EASY TO CARRY OUT IN PRACTICE AS IT IS TO DRAW AND THEORY
2339,A GRANITHONE BY THE HELP OF SUITABLE RECORDS MARTIRELATE TO US THE INCIDENTS OF ITS PASSED AND PEOPLE ARE NOT SO DIFFERENT FROM GRANIFOUNCE AS THEY LIKE TO BELIEVE
2340,I CONSET TO WORT NOW TO REMEMBER THINGS I NEVER REMEMBER BEFORE SUCH AS WHAT I HAD TO EAT REBREAKFAST THIS MORNING AND IT CAN HARDLY BE HOLY HAB IT THAT ENABLES ME TO DO THIS
2341,THE FACT THAT A MAN CAN RECITE A POEM DOES NOT SHOW THAT HE REMEMBERS ANY PREVIOUS OCCASION ON WHICH HE HAS RECITED OR READ IT
2342,SIMONS TOO BOOKS MENTIONED IN AN EARLIER LEXURE DO NOT TOUCH KNOWLEDGE MEMORY AT ALL CLOSELY
2343,THEY GIVE ALLS ACCORDING TO WHICH EMAGES OF PASS OCCURRENCE IS COME INTO OUR MINDS BUT DO NOT DISCUSS OUR BELIEVE THAT THESE EMAGES REFER TO PASS OCCURRENCES WHICH HAS WHAT CONSTITUTES KNOWLEDGE MEMORY
2344,IT IS THIS THAT IS EVENTURES TO THEORY OF KNOWLEDGE
2345,IT IS BY NO MEANS ALWAYS RELIABLE ALMOST EVERYBODY HAS AT SOMETIME EXPERIENCED THE WELL NOT ILLUSION THAT ALL THAT IS HAPPENING NOW HAPPENED BEFORE AT SOME TIME
2346,WHENEVER THE SENSE OF FAMILIARITY OCCURS WITHOUT A DIFFINENT OBJECT IT LEASE US TO SEARCH THE INVIREMENT UNTIL WE ARE SATISFY THAT WE HAVE FOUND THE APPROPRIATE OBJECT WHICH LEADS US TO THE JUDGMENT THIS IS FAMILIAR
2347,THUS NO KNOWLEDGE AS TO THE PAST IS TO BE DERIVED FROM THE FILLING OF FAMILIARITY ALONE
2348,A FURTHER STAGE IS RECOGNITION
2349,RECOGNISION AND THIS SENSE DOES NOT MESSESSARILY INVOLVE MORE THAT A HABIT OF ASSOCIATION THE KIND OF OBJECT WE ARE SEEING AT THE MOMENT IS ASSOCIATED WITH THE WORD CAT OR WITH AN OTTITORY IMAGE OF PURRON OR WHATEVER OTHER CHARACTERISTIC WE MAY HAPPEN TO RECOGNIZE IN THE CAT OF THE MOMENT
2350,THAT WE ARE OF COURSE AND FACT ABLE TO JUDGE WHEN WE RECOGNIZE AND OBJECT THAT WE HAVE SEEN IT BEFORE BUT THIS JUDGMENT AS SOMETHING OVER AND ABOVE RECOGNITION IN THIS FIRST SINCE AND MAY VERY PROBABLY BE IMPOSSIBLE TO ANIMALS THAT NEVERTHELESS HAVE THE EXPERIENCE OF RECOGNITION AND THIS FIRST SINCE OF RECOGNITION AND THIS FIRST SINCE OF THE RECOND
2351,THIS KNOWLEDGE IS MEMORY AND ONCE SENSE THOUGH IN ANOTHER IT IS NOT
2352,THEIR ARE HOWEVER SEVERAL POINTS IN MUCH SUCH AN ACCOUNT OF RECOGNITION IS AN ADEQUANT TO THE GIN WITH IT MIGHT SEEM A FIRST SIGHT MORE CORRECT TO DEFINE RECOGNITION AS I HAVE SEEN THIS BEFORE THAN AS THIS HAS EXISTED BEFORE
2353,THE DEFINITION OF MY EXPERIENCE IS DIFFICULT BROADLY SPEAKING IT IS EVERYTHING THAT IS CONDECTED WITH WHAT I AM EXPERIENCING NOW BY CERTAIN LENGTHS OF WHICH THE VARIOUS FORMS OF MEMORY ARE AMONG THE MOST IMPORTANT
2354,THUS IF I RECOGNIZE A THING THE OCCASION OF ITS PREVIOUS EXISTENCE IN VIRTUE OF WHICH I RECOGNIZED FORMS PART OF MY EXPERIENCE BY DEFINITION WILL BE ONE OF THE MARKS BY WHICH MY EXPERIENCE IS SINGLE THOU FROM THE REST OF THE WORLD
2355,OF COURSE THE WORDS THIS HAS EXISTED BEFORE ARE A VERY INADEQUATE TRANSLATION OF WHAT ACTUALLY HAPPENS WHEN WE FORM A JUDGMENT A RECOGNITION BUT THAT IS UNAVOIDABLE WORDS ARE FRAMED TO EXPRESS A LEVEL THOUGHT WHICH IS BARNOEMENTARY ACCOURANCE AS IT RECOGNITION
2356,I REMAIN THEIR ALONE FOR MANY HOURS BUT I MUST AGNOW AS THAT BEFORE ELEFT THE CHAMBERS I HAD GRADUALLY BROUGHT MYSELF TO LOOK AT THE MATTER AND ANOTHER LIGHT
2357,HAD EVER CRUSTWELLER NOT BEEN GOOD LOOKING HAD JACKED AND STILL A COLLEGE HAD SIR KENNINGTON ALVEL REMAINED IN ENGLAND HAD MISTER BUNNET AND THE BARKEYPER NOT SUCCEEDED IN STOPPY MY CARRIAGE ON THE HILL SHELL I HAVE SUCCEEDED IN A RADING FOR THE FINE ON THE PARTURE OF MY OLD FRIEND
2358,ON ARRIVIA HOME AND MY OWN RESIDENCE I FOUND THAT OUR SALON WAS FILLED WITH A BRILLIANT COMPANY
2359,AS I SPOKE I MADE HIM A GRACIOUS BOW AND I THINK I SHOWED HIM BY MY MODE OF ADDRESS THAT I DID NOT BEAR ANY GRUDGE AS TO MY INDIVIDUALSELF
2360,I HAVE COME TO YOUR SHORES MISTER PRESIDENT WITH THE PURPOSE OF SEEING HOW THINGS ARE PROGRESSING IN THIS DISINQUARTER OF THE WORLD
2361,WE HAVE OUR LITTLE STRUGGLES HERE AS ELSEWHERE AND ALL THINGS CANNOT BE DONE BY ROSE WATER
2362,WE ARE QUITE SATISFIED NOW CATCH AND BETTEL AXE SAID MY WIFE
2363,QUITE SATISFIED SAID EVER
2364,THE LADIES AND COMPLIENTS WITH THAT SOFTNESS OF HARM WHICH IS THEIR CHARACTERISTIC ARE ON ONE SIDE AND THE MEN BY WHOM THE WORLD HAST TO BE MANAGED ARE ON THE OTHER
2365,NO DOUBT AND PROCESS OF TIME THE LADIES WILL FATHER
2366,THEIR MASTER SAID MISSUS NEVER BEND
2367,I DID NOT MEAN SAID CAPTAIN BAD LIKES TO TOUCH UPON PUBLIC SUBJECTS AT SUCH A MOMENT AS THIS
2368,MISSUS NEVER BEN YOU MUST INDEED BE PROUD OF YOUR SON
2369,JAH KEPBON STANDING IN THE FAR CORNER THE ROOM TALKING TO EVER AND WAS NOW REDUCED A SILENCE BY HIS PRAISES
2370,SIR KENNINGTON OVAL IS VERY FINE PLAYER SAID MY WIFE
2371,I AM MY WIFE AND SON AND THE TWO CREST WELLERS AND THREE OR FOUR OTHERS A GREAT DINE UP BOARD THE SHIP ON THE NEXT
2372,THIS I FELT WAS PAID TO ME HAS BEING PRESIDENT OTHER REPUBLIC AND I ENDEAVOURED TO BE HAVE MYSELF WITH SUCH MINGLED HUMILITY AND DIGNITY AS MY BE FIT THE OCCASION BUT I COULD NOT A FEEL THIS SOMETHING WAS WANTING TO THE SIMPLICITY OF MY ORDINARY LIFE
2373,MY WIFE ON THE SPUR THE MOMENT MANISH TO GIVE THE GENTLEMEN A VERY GOOD DINNER
2374,THIS SHE SAID WAS TRUE HOSPITALITY AND I AM NOT SURE THAT I DID NOT AGREE WITH THERE
2375,THEN THERE WERE THREE OR FOUR LEADING MEN OF THE CUMUNITY WITH THEIR WIVES WHO WERE FOR THE MOST PART THE FATHERS AND MOTHERS OF THE YOUNG LADIES
2376,OH YES SAID JACK AND I'M NOWHERE
2377,BUT I MEAN TO HAVE MY ENNINGS BEFORE LONG
2378,OF WHAT MISSUS NEVER BEN HAD GONE THROUGH IN PROVIDING BIRDS BEASTS AND FISHES NOT TO TALK OF TARTS AND JEALLYS FOR THE DINNER OF THAT DAY NO ONE BUT MYSELF CAN HAVE ANY IDEA BUT IT MUST BE ADMITTED THAT SHE ACCOMPLISHED HER TASK WITH THOROUGH SUCCESS
2379,WE SAT WITH THE OFFICER SOME LITTLE TIME AFTER DINNER AND THEN WENT ASSURE
2380,HOW MUCH OF EVIL A REAL ACCOMPLISHED EVIL HAD THERE NOT OCCURRED TO ME DURING THE LAST FEW DAYS
2381,WE'LL CUT I DO NOW BUT JUST LAY MYSELF DOWN AND DIE
2382,AND THE DEATH OF WHICH I DRUNK COULD NOT ALAS
2383,WHEN THIS CAPTAIN SHOULD HAVE TAKEN HIMSELF AND HIS VESSEL BACK TO ENGLAND I WOULD RETIRE TO A SMALL FARM WHICH I POSSESSED AT THE FURTHER'S SIDE OF THE ISLAND AND THERE IN SECLUSION WHAT I END MY DAYS
2384,JACK WOULD BECOME EVE HIS HAPPY HUSBAND AND WOULD REMAIN A MIST THE HURRIED DUTIES OF THE EAGER WORLD
2385,THINK IF ALL THIS I WENT TO SLEEP
2386,MISTER NEVER BEND BEGAN THE CAPTAIN AND I OBSERVED THAT UP THAT MOMENT HE HAD GENERALLY ADDRESSED ME IS PRESENT THEY CANNOT BE THE NIGHT THAT WE HAVE COME HERE UNAN UNPLEASANT MISSION
2387,YOU HAVE RECEIVED US WITH ALL THAT COURTESY IN HOSPITALITY FOR WHICH YOUR CHARACTER IN ENGLAND STAND SO HIGH
2388,IT IS A DUTY SAID I
2389,BUT YOUR POWER IN SO SUPERIOR TO ANY THAT I CAN ADVANCE AS TO MAKE US HERE FEEL THAT THERE IS NO DISGRACE IN YIELDING TO IT
2390,NOT A DOW BUT HAD YOUR FORCE BEEN ONLY DOUBLE OR TROUBLE OUR OWN I SHOULD HAVE FEND IT MY DUTY TO STRUGGLE WITH YOU
2391,THAT IS ALL QUITE TRUE MISTER NEVER BEN SAID SIR FERNANDO BROWN
2392,I CAN AFFORD TO SMILE BECAUSE I AM ABSOLUTELY PARELESS BEFORE YOU BUT I DO NOT THE LESS FEEL THAT AN A MATTER OF WHICH THE PROGRESS OF THE WORLDESS CONCERNED I OR RATHER WE HAVE BEEN PUT DOWN BY BRUVE FORCE
2393,YOU HAVE COME TO US DREADING US WITH ABSOLUTE DESTRUCTION
2394,THEREFORE I FEEL MYSELF QUITE ABLE AS PRESIDENT OF THIS REPUBLIC TO RECEIVE YOU WITH A COURTESY DO TO THE SERVANTS OF A FRIENDLY ALLY
2395,I CAN ASSURE YOU HE HAS NOT EVEN ALLOWED ME TO SEE THE TRIGGER SINCE I HAVE BEEN ON BOARD
2396,THEN SAID SIR FOR A NANDO THERE IS NOTHING FOR IT BUT THAT WE MUST TAKE YOU WITH HIM
2397,THERE CAME UPON YOU SUDDEN SHOT WHEN I HEARD THESE WORDS WHICH EXCEEDED ANYTHING WHICH I HAD YET FELT
2398,YOU HEAR WHAT SIR FERDINANDO BROWN I SAID REPLIED CAT THEM BATTLE AX
2399,BUT WHAT IS TO DELICATE MISSION HASTE
2400,I WAS TO BE TAKEN AWAY AND CARRIED TO ENGLAND OR ELSEWHERE OR DROWNED UPON THE VOYAGE MATTER NOT WITCH
2401,THEN THE REPUBLIC UP BRITIN ULA WAS TO BE DECLARED US NON EXISTENT AND THE RIDDISH FLAG WAS TO BE GREATESH FLAG WAS TO BE GREATEST GOVERNOR AND STALL THAN HE EXECUTIVE CHAMBERS
2402,YOU MAY BE QUITE SHORTS THERE SAID CAPTAIN BATTLE ACTS AND THAT I CAN SO USE IT AS TO HALF A BLITERAY YOUR TOWN WITH INTO MINUTES OF MY RETURN ON BOARD
2403,YOU PROPOSE TO KID NOT ME I SAID
2404,WELL WILL BECOME WITH YOUR GUN WHERE I TO CANNOT YOU
2405,LUTENANT CROSTRIES IS A VERY GALLANT OFFICER
2406,ONE OF US ALWAYS REMAINS ON POURED WHILE THE OTHERS ON SURE
2407,WHAT WORLD WIDE INIQUITY SUCH A SPEECH AS THAT THIS SCLOSES SAID I STILL TURNY MYSELF TO THE CAPTAIN FOR THOUGH I WOULD HAVE CRUSHED THEM BOTH BY MY WORDS HAD HAD BEEN POSSIBLE MY JUST LIFE SENTED ITSELF AND SIR FERTIMANDO
2408,YOU WILL ALLOW ME TO SUGGEST AT HE THAT THAT IS A MATTER OF OPINION
2409,WHERE I TO COMPLY WITH YOUR ORDERS WITH AT EXPRESSING MY OWN OPINION I SHALL SEEM TO HAVE DONE SO WILLINGLY HAREAFTER
2410,THE LETTER RAN AS FOLLOWS
2411,SIR I HAVE A INCOMMAND TO AN FORM YOUR EXCELLENCY THAT YOU HAVE BEEN APPOINTED GOVERNOR OF THE CROWN CALNI WHICH IS CALLED BRITTEN MULA
2412,THE PECULIAR CIRCUMSTANCES OF THE CALLONY ARE WITHIN YOUR EXCELLENCIES KNOWLEDGE
2413,BUT IN THEIR SELECTION OF A CONSTITUTION THE BRITTEN ULISTS HAVE UNFORTUNATELY ALLOWED THEMSELVES BUT ONE DELIBERATE ASSEMBLY AND HENCE AS FROM THEIR PRESENT DIFFICULTIES
2414,IT IS FOUND IN ONLY ACKNOWLEDGE WEAKNESS OF THOSE WHO SURVIVE THAT PURED OF LIFE AT WHICH MEN CEASED TO WORK
2415,BUT IT IS SURMISE THAT YOU WILL FIND DIFFICULTIES IN A WAY OF YOUR ENTERING AT ONCE UPON YOUR GOVERNOR
2416,THE JOHN BRIGHT IS ARM WITH A WEAPON OF GREET POWER AGAINST WHICH IT IS IMPOSSIBLE THAT THE PEOPLE OF BRITTEN ULISH SHOULD PREVAIL
2417,YOU WILL CARRY OUT WITH YOU ONE HUNDRED MEN OF THE NORTH NORTH WEST BURNING HAM REGIMENT WHICH WILL PROWERLY SUFFICE FOR YOUR OWNS COURTY AS IT IS THOUGHT THAT OF MISTER NEVER BEEN BE WITHDRAWN THE PEOPLE WILL REVERT EALLY TO THEIR OLD HABITS OF OBEDIENCE
2418,WHEN YOU INTEND THAT THE JOHN BRIGHT SHALL START
2419,TO DAY I SHOUTED
2420,AND I HAVE NO ONE READY TO WHOM I CAN GIVE UP THE ARCHISE OF THE GOVERNMENT
2421,I SHALL BE HAPPY TO TAKE CHARGE OF THEM SAID SURFER MANDA
2422,THEY HAVE COURSE MUST ALL BE AUTURN
2423,OR OF THE HABITS OF OUR PEOPLE IT IS QUITE IMPOSSIBLE
2424,YOUR POWER TO SUFFICIENT I SAID
2425,IF YOU WILL GIVE US YOUR PROMISE TO MEET CAT THEM AT ALL AFTER AT THIS TIME TO MORROW WE WILL STRETCH A POINT AND DELAY THE DEPARTURE OF THE JOHN BRIGHT FOR TWENTY FOUR HOURS
2426,AND THIS PLAN WAS A DOCTOR TOO IN ORDER TO EXTRACT FROM ME APPROMISED THAT I WOULD DEPART AND PEACE
2427,THIS WAS WHAT DID THE MISCHIEF SO FAR AS THE RUNNING AWAY WAS CONCERNED
2428,IT IS HARDLY NECESSARY TO SAY MORE OF THEM HERE
2429,FROM THE MANNER IN WHICH HE EXPRESSED HIMSELF WITH REGARD TO RIVER HOLLAND NO MAN IN THE WHOLE RANGE OF HIS RECOLLECTIONS WILL BE LONG A REMEMBERED THAN HE IS IN THROWMENT WHILE UNDER HOLLAND WILL HARDLY EVER BE FORGOTTEN
2430,OF THIS PARTY EDWARD A BOY OF SEVENTEEN CALLED FORTH MUCH SYMPATHY HE TOO WAS CLAIMED BY HARLAND
2431,JOHN WESTLY COMBASH JAKE OBTAILER AND THOMAS EDWARD TO SKINNER
2432,IF YEARS BACK ONE OF THEIR'S LAVES A COACHMAN WAS KEPT ON THE COACHMAN WAS KEPT ON THE COACH BOX ONE CALLED NIGHT WHEN THEY WERE OUT AT A BALL AND JULIE BECAME ALMOST FROZEN TO DEATH AND FAT HE DID DIE IN THE INFIRMARY FROM THE EFFECTS OF THE FROST ABOUT ONE WE CAFTERWARDS
2433,THE DOCTOR WHO ATTENDED THE INJURED GREATURE IN THIS GACE WAS SIMPLY TOLD AT SHE SLIPPED AND FELLED DOWN THE STAIRS AS SHE WAS COMING DOWN
2434,ANOTHER CASE SAID JOHN WESTLY WAS A LITTLE GIRL HALF GROWN WHO WAS WASHING WINDOWS UP STAIRS ONE DAY AND UNLUGGLY FELL ASLEEP IN THE WINDOW AND IN THIS POSITION WAS FOUND BOUGHT HER MISTRESS IN ARRANGED THE MISTRESS HID HER A HEAVY SLAP NOFT HER OUT OF THE WINDOW AND SHE FELT TO THE PAVEMENT AND DIED IN A FEW HOURS FROM HE EFFECTS THERE OF
2435,AS SHE IS ROTE NOTHING WAS DONE IN THE WAY OF PUNISHMENT
2436,AND EVER KNEW OF BUT ONE MAN WHO COULD EVER PLEASE HIM
2437,HE WORK ME VERY HEARD HE WANTED TO BE BEATING ME ALL THE TIME
2438,SHE WAS A LARGE HOMELY WOMAN THEY WERE COMMON WHITE PEOPLE WAS NO REPUTATION IN THE COMMUNITY
2439,SUBSTANTIALLY THIS WAS JAKE OF UNVARNISHED DESCRIPTION OF HIS MASTER AND MISTRESS
2440,AS HIS AGE AND ALSO THE NAME OF HIS MASTER JACOP STATEMENT VARIED SOMEWHAT FROM THE ADVERTISEMENT
2441,OF STARTING I DIDN'T KNOW THE WAY TO COME
2442,ITS ALMOST BEYOND CONJECTURE
2443,THIS REALITY BEGINS TO EXCLAIMED DARK POWER AND OTHER WORLDLY FASCINATION OF TWENTY THOUSAND LEAGUES UNDER THE SEAS
2444,FIRST AS A PARIS DOCK ROKER LATER AS A CELEBRATED AUTHOR AND YARDSMAN HE WENT ON FREQUENT FOREGES TO BRITTEN AMERICA THE MEDITERRANEAN
2445,NAME OBUILDS A FABULESS FUTUREOUS DICK SEPMARING THE NAUTILUS THAN CONDUCTS AND UNDERWATER CAMPAIGN OF VENGEANCE AGAINST HIS IMPERIALIST APPRESSOR
2446,IN ALL THE DAVIL HAD A DIFFICULT GESTATION
2447,OTHERS SUBTLETIES OCCUR IN SIDE EAGE UPSOUT THE TEXTURES SPARKLING WITH WHIT INFORMATION AND INSIGHT
2448,HIS PECIFICATIONS FOR AN OPEN SEA SUGARING AND ASSELF CONTAINING DIVING SUIT WERE DECADES BEFORE THEIR TIME YETS MODERN TECHNOLOGY THERE'S THE MOUNT TRIUMPHANTLY
2449,EVEN THE SUPPORTING CAST IS RUDELY DRAWN PROVESSOR ARANAX THE CAREER SCIENTIST CAUGHT IN AN ETHICAL CONFLICT CONSEIL THE COMPOSIVE CLASSIFIER WHO SUPPLIES HUMOROUS TAGLISE FOR VERNS FAST FACTS THE HARPOONER NED LAND A CREATURE OF CONSTANT APPETITES MAN AS HEROIC ANIMAL
2450,BUT MUCH OF THE DOVELS BROODING POWER COAST FROM CAPTAIN NEMO
2451,THIS COMPALSION LEADS NEMO INTO UGLY CONTRADICTIONS HIS AFRIDER FOR FREEDOM YET ALL WHO BOARD HIS SHIP OR IMPRISONED THERE FOR GOOD HE WORKS TO SAVE LIVES BOTH HUMAN AND ANIMAL YET HE HIMSELF CREATES A HOLICOST HE DETESTS IMPERIAL CLAIM TO THE SOUTH OF ALL
2452,AND IN THIS LAST ACTION HE FALLS INTO THE CLASS EXCEND OF PRIDE
2453,HE IS SWIFTLY PUNISHED
2454,THE NAUTILUS NEARLY PARISHES IN THE ANTARCTIC AND NEMOSE SINKS INTO A GROWING DEPRESSION
2455,FOR MANY THEN THIS BOOK HAS BEEN A SOURCE OF FASCINATION SURELY ONE OF THE MOST INFLUENCIAL NOVELS EVER WRITTEN AND INSPIRATION FOR SUCH EXCITES AND DISCOVERERS AS INGENIOR SIMON LAKE O SHOULD OTHER FER WILLIAM BE POLAR TAVELERS ARE EARNEST CHACKLETON
2456,FATAM SIX FEET
2457,GRAHAM RAFTLY WANT TWENTY EIGHTH OF AN OUTS
2458,MILLEGRAM RAFTLY ONE TWENTY EIGHT THOUSAND OF AN OUNCE
2459,LEADER RAFTLY ONE COURT
2460,METER RAFTLY ONE YARD THREE ANCHES
2461,MILLAMEETER RAFTLY ONE TWENTY FIFTH OF AN INCH
2462,CHAPTER THREE AS MASTER WISHES
2463,THREE SECONDS BEFORE THE ARRIVAL OF JABY HOBSON'S LETTER I KNOW MORE DREAMED OF CHASING THE UNICORN THAN OF TRYING FOR THE NARTHWEST PASSAGE
2464,EVEN SO I HAD JUST RETURNED FROM AN ARDUOUS JOURNEY EXHAUSTED AND BADLY NEEDING A REST
2465,I WANTED NOTHING MORE THAN TO SEE BY CONTRY AGAIN MY FRIENDS MY MODEST QUARTERS BY THE PATANICAL GARDENS MY DEARLY BELOVED COLLECTIONS
2466,BUT NOW NOTHING COULD HOLD ME BACK
2467,COSETTE WAS MY MAN'S SERVANT
2468,FROM RUBBY SHELDERS WITH SCIENTISTS IN OUR LITTLE UNIVERSE BY THE PATANICAL GODS THE BOY HAD COME TO KNOW A THING OR TWO
2469,CLASSIFYING WAS EVERYTHING TO HIM SO HE DO NOTHING ELSE WELL VERSE TO THE THEORY OF CLASSIFICATION HE WAS POORLY VERSED IN ITS PRACTICAL APPLICATION AND I DOW THAT HE COULD TELL US BROWN WAIL FROM A BELLINE WAIL
2470,AND YET WHAT A FINE GALLANT BLAD
2471,NOT ONCE DID HE COMMENT ON THE LENGTH OR THE HARDSHIPS OF THE JOURNEY
2472,NEVER DID HE OBJECT TO BUCKLING UP HIS SUIT CASE FOR ANY COUNTRY WHATEVER CHINA OR THE CONGO NO MATTER HOW FAR OFF IT WAS
2473,HE WHAT HERE AND EVERYWHERE IN PERFECT CONTANTMENT
2474,BUT FORGIVE ME FOR THIS UNDERHANDED BLAY OF ADMITTING AT I HAD TURNED FORTY
2475,HE WAS A PHINATIC ON FORMALITY AND HE ONLY ADDRESSED ME IN THE THIRD PERSON TO THE POINT WHERE AT GOT HIGHERSOME
2476,THERE WAS GOOD REASON TO STOP AND THINK EVEN FOR THE WORLD'S MOST IMMOTIONLESS MAN
2477,CONSEIL I CALLED A THIRD TIME CONSEIL APPEARED
2478,DEAD MASTER SUMMONLY HE SAID ENTERY
2479,PACK AS MUCH INTO MY TRUNK AS YOU CAN MY TRAVELLING KIT MY SUITS SHIRTS AND SOCKS DON'T BY THE COUNTING JUST SQUEEZE IT ALL IN AND HURRY
2480,WE'LL DO YOU WITH GANE LATER WHAT'S
2481,IN HOW WE'LL EVEN STRUTIONS TO SHIP THE HOME AND AZURY TO FRANCE
2482,YES WE ARE CERTAINLY I REPLIED A VASIVELY BUT AFTER WE MAKE A DETOR
2483,A ROUND SLIGHTLY LESS DIRECT THAT'S ALL
2484,WERE LEAVING ON THE APREHAM LINCOLN
2485,YOU SEE MY FRIEND IT'S AN ISSUE OF THE MONSTER BUT NOTORIOUS NORWHILE
2486,WE DON'T KNOW WHERE IT WILL TAKE US
2487,THAT WE'LL GO IN JUST THE SAME
2488,WE HAVE A COMMANDER WHOSE GAME FOR ANYTHING
2489,I LEFT INSTRUSTIONS FOR SHIFFING MY CONTAINORS OF STUFFED ANIMALS AND DRAWED PLANTS TO PARIS FRANCE
2490,I OVEN DELINE OF CREDIT SUFFICIENT TO COVER THE BUBBARUSA AND CONSEIL AT MY HEELS I JUMPED INTO A CARRIAGE
2491,OUR BAGGAGE WAS IMMEDIATELY CARRIED TO THE DECK OF THE FRUIT I RUSHED ABOARD
2492,I ASKED RECOMMANDER FAR THAT
2493,ONE OF THE SAILORS LED ME TO THE AFTER DECK WHERE I STOOD IN THE PRESENCE OF A SMART LOOKING OFFICER WHO EXTENDED HIS HAND TO ME
2494,IN PERSON WELCOME ABOARD PROFESSOR YOUR CABIN IS WAITING FOR YOU
2495,I WAS WELL SATISFIED WITH MY CABIN WHICH WAS LOCATED IN THE STERN AND OPENED INTO THE OFFICER'S MISS
2496,WILL BE QUITE COFFETABLE HERE I TOLD CONSEIL
2497,AND SO IF I HAD BEEN DELIGHTED BY A QUARTER OF AN HOUR WE EVEN LESS THE FRIGATE WOULD HAVE GONE WITHOUT ME AND I WOULD HAVE MESSED OUT ON HIS UNEARTHLY EXTRAORDINARY IT INCONCEIVABLE EXPEDITION WHOSE CHEERSTORY MIGHT WELL MEAT WITH SOME SCAPTACISM
2498,THE WAR OF SOFT BROOKLIN AND EVERY PORTERING THE EAST RIVER WERE CROWDED WITH CURIOSITY SECRETS
2499,DEPARTING FROM FIVE HUNDRED THOUSAND THROATS THREE CHEERS BURST FORTH IN SUCCESSION
2500,THOUSANDS OF HYCOCHIEF SWEAR WAVING ABOVE THESE TIGHTLY PACKED MASSES HALING THE ABRAHAM LANCOLN UNTIL IT REACHED THE WATERS OF THE HUDSON RIVER AT THE TIP OF THE LONG PENENTIAL OF THE LONG PENENTIAL AT THAT FORMS NEW YORK CITY
2501,THEN HE ROSE DOWNSTAIRS INTO THE COURTYARD SHOUTING LOUDLY FOR HIS SOLDIERS AND THREATENING TO PETCH EVERYBODY IN HIS DOMINIONS AT THE CAILOR MOON WAS NOT RECAPTURED
2502,HOLD HIM BAST UPON IN AND AS SOON AS I HAD MY COFFEE ENOTEBLE I WILL TAKE HIM TO THE ROOM OF A GREAT KNIFE AND PATCHING
2503,I WOULDN'T MIND THE COUPLE GOT YOU MYSELF SAID KEM THOUGH I HAVE HAD CONSIDERABLE ACT THE HERSISE DISMORNIN AND A MARDERER EATY FOR BREAKFAST
2504,PUT CAT'N BILL MADE NO SUCH ATTEMPT KNOWING IT WOULD BE USELESS
2505,AS SOON AS THEY ENTERED THE ROOM OF THE GREAT NITH THE BULLEROO GAVE A YELLOW DISAPPOINTMENT
2506,THE ROOM OF THE GREAT KNIFE WAS HIGH AND BIG AND AROUND IT ROUND IT ROSE OF BENCHES FOR THE SPECTATORS THE CITOPON
2507,IN ONE BLACE AT THE HEAD OF THE ROOM WAS ARRAISED PLATFORM FOR THE ROYAL FAMILY WITH ELEGANT THROWN CHAIRS FOR THE KING IN QUEEN AND SIX MOLLAR BUT REACHLY APPOSTURED CHAIRS WITH US NO NOSE BRINCESSES
2508,THEY ARE FOREHER MAJESTINE CADE NO ATTENTION TO ANYONE AND NO ONE PAID ANY ATTENTION TO HER
2509,WRITCH CHEWELS OF BLUE STONES GLITTERED UPON THEIR PERSONS AND THE ROYAL LADIES WERE FULLY AS CORDIOUS AS THE WERE HAUGHTY AND OVERBEARING
2510,MARNING GERLS HOPEPIAL AS WELL AS YOU LOOK
2511,CONTROL YOURSELVES AND MY DEARS REPLIED THE BULLEROOM THE WARS CUNISHMENT I KNOW HOW TO AND LOOK DONE ANYONE THIS PRISONERS ABOUT TO SUFFER YOU WILL SEE A VERY PRETTY PATCHING MY ROYAL DAUGHTERS
2512,SUPPOSE ITS OF BRING
2513,THE CAPTAIN SHOOK HIS HEAD
2514,WHY YOU SIT OF VERSE LIVING CRITUE WE MET AND NOT WAS THE SPIG OAT REPLIED THE CAPTAIN PANTING HARD AS HE HELD FAST TO ONE OF THE GOAT'S HORNS
2515,THE IDEA A PATCHING CAMBO TO A GOAT WAS A VASTLY AMUSING TO HIM AND THE MORE HE THOUGHT OF IT THE MORE HE ROARED WITH LAUGHTER
2516,THEY HOPE SOMETHING A LIKE YOU KNOW SUGGESTED THE CAPTAIN OF THE GARDS LOOKING FROM ONE TO THE OTHER DOUBTFULLY AND THEY NEARLY BESAME SAW AS IT IS STAND ABOATS ON HIS HONE NEGS THEY'VE BOTH GOT THE SAME STYLE OF WHISKES AND THEIR BOTH OF THEM OBSTINATE AND DIANGEROUS SO THEY OLD TO MY COULD GO PATCH LENDED
2517,FINE CLOURIOUS
2518,WHEN THIS HAD BEEN ACCOMPLISHED THE BULLEROOM LEANED OVER TO CHILD YOU THE SCOVER WIDE OF FRAMERAL DAWAY SEEMINGLY OF ITS OWN ACCORD AND HE WAS THE MORE PUZZLE BECAUSE IT HAD NEVER DONE SUCH TO THING BEFORE
2519,I HAD ONCE TO GO TO GAVE A LEAP ESCAPE FROM THE SOLDIERS AND WITH BOWED HEAD RUSHED UPON THE BULLEROO
2520,BEFORE ANY COULD STOP HIM HE BUT IT HIS MAJESTY SO FURIOUSLY BUT THE KING SORD FAR INTO THE AIR AND TUMBLED AND A HAPE AMONG THE BENCHES WHERE HE LAY MONEY AND GROWNING
2521,THE GOATS WAR LIKE SPIRIT WAS ROUSED BY THIS SUCCESSFUL ATTAP
2522,THEN THEY SPED AND GREAT HASTE FOR THE DOOR AND THEY GO GAVE A FINAL BUT THE SENT THE ROOM OF ROYAL LADIES ALL DIVING INTO THE CORRIDOR AND ANOTHER TANGLE WHERE OF ON THEY SHRIEKED IN A MANNER THAT TERRIFIED EVERY WOMEN SOUND OF THEIR VOICES
2523,I AN ANNOTION IT WAS YOU MAY DESIGN ME FROM THE NICE
2524,I'D BUDN'T SHUDDER MUCH BEING BOUNDS ALL TIGHT BUT WHEN I LOSE I MEAN TO HAVE JUST LONG GOOD SHIVER TO RELIEVE MY FEELINGS
2525,COMING AT THE BOWL AROUGH SHE SAID GOING TOWARD THE BENCHES
2526,SO THEY REQUITE WILLING TO OBEY THAT ORDERS OF THEIR GIRL QUEEN AND IN A SHORT TIME THE BLAST OF TRUMPETS AND ROLL OF JOMMS AND CLASHING OF SIMILS TOLD TROT AND CATTEN BILL THAT THE BLUE BANCE HAD A SIMPLED BEFORE THE PALACE
2527,THEN THEY ALL MARCHED OUT A LITTLE WAY INTO THE FILLED AND FOUND THAT THE ARMY OF PINKIES HAD ALREADY FIRMED AND WAS ADVANCING STEADILY TOWARD THEM
2528,AT THE HEAD OF THE PHINKIES WERE GET GACIZAL AND BUT EMBRIGHT WHO HAD THE PARIT ON HIS SHOULDER AND THEY WERE SUPPORTED BY CAPTAIN QUARRELY AND CAPTAIN QUARRELY AND CAPTAIN TENT AND ROSILY THE WHICH
2529,WHEN THE BLOOSE CAN SAW GET CASSYSAL DAY RAISED ANOTHER GREAT SHOUT FOR HE WAS THE FAVOURITE OF THE SOLDIERS AND VERY POPULAR WITH ALL THE PEOPLE
2530,SINCE LAST THERE'S DAY I GET GUISSISLE HAVE BEEN THE LAWFUL BULLEROO OF THE BLUE COUNTRY BUT NOW THAT YOU ARE CONQUERED BY QUEEN SHOT IS SUPPOSE I AM CONQUERTOO AND YOU HAVE NO BULLER WITH ALL
2531,WHEN HE FINISHED SHE SAID CHEERFULLY
2532,TON'T WORRY CISIL DEAR IT ALL COMRIPERY SOON
2533,NOW THEN LETS ENTER THE CITY AND ENJOY THE GREAT FEAST ITS BEING COOKED ON EARLY STARMED MYSELF FOR THIS CONGRING KINGDOMS'S HARD WORK
2534,THEN SHE GAVE ROSELY BACK HER MIND TO GRING THANKING THE KIND WHICH FOR ALL SHE HAD DONE FOR THEM
2535,YOU ARE MATE REPLIED THE SAINER
2536,IT WILL BE SUBJESS AT A SFACTION
2537,THE GUARDS HAD A TERRIBLE STRUGGLE WITH THE GOAT WHICH WAS LOOSE IN THE ROOM AND STILL WHEN IT TO FIGHT BUT FINALLY THEY SUBDUED THE ENIMAL AND THEN THEY TOOK THE BILLARIEU OUT OF THE FRAMEWS TIED IN AND BROUGHT BOTH HIM AND THE GOAT BEFORE QUEEN TROT WHO WAITED THEM IN THE THRONE ROOM OF THE PALACE
2538,I'LL BLADLY DO THAT PROMISE THE NEW BOOTH ROOM AND I'LL FEED THE HONORABLE GOET ALL THE SHAVINGS AND LEATHER INTON CANSE AGAIN EAT THE SIGHS THE GRASS
2539,SCUSE ME SAID SHOT I NEGLECT KELT YOU THAT YOU'RE NOT THE BULLER OF ANY MORE
2540,THE FORMER BILLARY GROANED
2541,HO NOT BE WICKED ANY ORA SIGHED THE OLD BURIEU HOW REFORM
2542,AS A PRIVATE CITIZEN I SHALL BE A MODEL OF DEPORTMENT BECAUSE IT WOULD BE DANGEROUS TO BE OTHERWISE
2543,WHEN FIRST THEY ENTERED THAT THE ROWN ROOM THEY TRIED TO BE AS HAUGHTY AND SCORNFUL AS EVER BUT THE BLUE SWEWER ASSEMBLED THERE ALL LAUGHED AT THEM ENJOYED THEM FOR THERE WAS NOT A SINGLE PERSON AND ALL THE BLUE COUNTRY HE LOVED THE PRINCESS AS THE LEAST LITTLE BED
2544,SO GIP THIS ISLE ORDERED THE CAPTAIN TO TAKE A FILE OF SOLDIERS AND ESCORT THE RAVING BEAUTIES TO THEIR NEW HOME
2545,THAT EVENING TROT GIVE A GRAND BALL IN THE PALACE TO WHICH THE MOST IMPORTANT OF THE PINKIES IN THE BLUE'S GUINS WERE INVITED
2546,THE COMBINE BANDS OF BOAT THE COUNTRIES PLAYED THEM USAC AND A FINE SULVER WAS SERVED
2547,BRIDER THAN EARLY DAWNS MOST BRILLIANT DIE ARE BLOWN CLEAR BANCE OF COLOUR THROUGH THE SKY THAT SWIRL AND SWEEP AND MEAT TO BREAK AND FOAM LIKE RAIN BOAT VELLES UPON A BUBBLE STONE
2548,GUIDED BY YOU HOW WE MIGHT STROLL TOWARDS DEATH OUR ONLY MUSIC WHEN ANOTHER'S BREATH THROUGH GARDENS ENTIMENT WITH HOLLY HOCKS WHERE A SILENT POPPY'S BURN BETWEEN THE ROCKS BY PROOLS WHERE BIRCHES BEN TO CONFIDANCE ABOVE GREEN WATERS SCUMMED WITH A LILY PLANS
2549,VINIS
2550,IN A SUN SET GLOWING OF CRIMSON AND GOLD SHE LIES THE GLORY OF THE WORLD A BEACHED KING'S GALLEY WHO SAILS ARE FURLED WHO WAS HUNG WITH TAPPISTRIES WRITCH AND OLD
2551,THE PITY THAT WE MUST COME AND DO
2552,WHILE THE OLD GOLD AND THE MARBLE STAYS FOREVER GLAIMING ITS SOFT STRARM BLAZE CALM IN THE EARLY EVENING GLOW
2553,THE PLEASANT GREY YARD OF MY SOUL WITH SENTIMENTAL SIGHBRIS TREES AND FLOWERS IS FILLED THAT I MY STROLL AND MEDITATION AT MY EASE
2554,IT IS MY HEART HUNG IN THE SKY AND NO CLOUDS EVER FLOAT BETWEEN THE GREAT FLOWERS AND MY HEART ON HIGH
2555,OVER THE TRACK LINED CITY STREET THE YOUNG MAN THE GRENTING MAN PASS
2556,HO HE SAILS THAT SEEMED TO WONDER AND DREAM FILLED MEADOWS SAY IS THE SHORE WHERE I STAND THE ONLY FILLED OF STRUGGLE OR ARE HE HIT AND BATTERED OUT THERE BY WAVES AND WHEN GUSTS AS HE TACK OVER A CLESHING SEA OF WATERY ECHOES
2557,OLD DENSES ARE SYMPLIFIED AT THEIR YEARNING BLEECHED BY TIME
2558,HE HAD GOT INTO HER COURTYARD
2559,THROUGH THE BLOOD NIGHT RAIN HE SANG TO HER WINDOW BARS
2560,THAT WAS BORE RUSTLING OF TRIPPING PLANTS IN A DARK
2561,SHE WAS ALONE THAT NIGHT
2562,HE HAD BROKEN INTO HER COURTYARD
2563,TO FADE AWAY LIKE MORNING BEAUTY FROM HER MORT DAY DOWN BY THE RIVER OF A DANNA HER SOFT VOICES HEARD AND THUS HER GENTLE LAMENTATION FALLS LIKE MORNING DO
2564,OH LIFE OF THIS ARE SPRING
2565,WHY FADES THE LODEST OF THE WATER
2566,WHY FAID THESE CHILDREN OF THE SPRING
2567,FELL IS LIKE A WATREY BOW AND LIKE A PARTING CLOUD LIKE A REFLECTION IN A GLADS LIKE SHADOWS IN THE WATER LIKE DREAMS OF INFANCE LIKE A SMILE UPON IT INFINCE FACE
2568,LIKE THE DOVE'S VOICE LIKE TRANSIENT DAY LIKE MUSIC IN THE AIR AH
2569,AND GENTLE SLEEP THE SLEEP OF DEATH AND GENTLY HEAR THE VOICE OF HIM THAT WALKET IN THE GARDEN IN THE EVENING TIME
2570,THE LILY OF THE VALLEY BREATHING IN THE HUMBLE GRASS ANSWERED THE LOVELY MADE AND SAID I AM A WATRY WEED AND I AM VERY SMALL AND LOVED TO TWELVE AND LOWLY VEILED SCARCE PURCHASE ON MY HEAD YET I AM VISITED FROM HEAVEN AND HE BET SMILES ON ALL WALKS IN THE VALLEY AND HE BET SMILES ON ALL WALKS IN THE VALLEY AND HE WALKS IN THE VALLEY AND WALLY FLILLY FLILLLY FLILLY FLOWE FLILLY FLILLY FLILLY FLY FLILY FLILY FLILY FLILY FLILY FLILY F FLILY F F FLILLLLY FLILY F F F FLILY FLILY FLILILY FLILY FLILY FLILY F F F FLOWA
2571,THOU GENTLE MADE OF SILENT VALLEYS AND OF MODEST BROOKS FOR THOU SHALL BE CLOTHED IN THE LIGHT AND FED WITH MORNING MANNA TILL SUMMERS HEAT MELSITY BESIDE THE FOUNTAINS AND THE SPRINGS THE FLOURISH IN A TERNAL VAILS THEY WHY SHOULD THOU COMPLAIN
2572,WHY SHOULD THE MISTRESS OF THE VEILS OF HAR UTTER A SIGH
2573,SHE CEASED AND SMILED AND TEARS THAN SAT DOWN IN HER SILVER SHRINE
2574,WHICH THOU DUST SCATCHER UNEVERY LITTLE BLADE OF GRASS THAT SPRINGS REVIVES THE MILKED CALL AND TAMES THE FIRE BREATHING STEED
2575,BUT THOU IS LIKE A FAINT CLOUD KINDLE THAT THE RISING SUN I VANISH FROM MY PEARLY THRONE AND WHO SHALL FIND MY PLACE
2576,AND WHY IT SCATTERS ITS BRIGHT EAUTY THROUGH THE HUMAN AIR
2577,DESCEND A LITTLE CLOUD AND HOVER BEFORE THE EYES OF FELL
2578,O LITTLE CLOUD THE VIRGIN SAID I CHARGELY TO TELL ME WHY THOU COMPLAIN US NOW WHEN IN ONE HOUR THOU FADE AWAY THEN WE SHALL SEEK ME BUT NOT FIND AH THOU IS LIKE THIVIE
2579,I PASS AWAY YET I COMPLAIN AND NO ONE HEARS MY VOICE
2580,THE CLOUD THEN SHOWED HIS GOLDEN HEAD AND HIS BRIGHT FORM A MERGED
2581,AND FEAR STOUT BECAUSE I VANISH AND EM SEEN NO MORE
2582,IT IS TOO TEN FOLD LIFE TO PEACE AND RAPTURES WHOLLY UNSEEMED A SENDING WAY MY LIGHT WINGS UPON BALMY FLOWERS AND POURT THE FAIR EYE DO TO TAKE ME TO HER SHINING TENT THE WEEPING VERGIN TREMBLING MEALS BEFORE THE RISENSON
2583,TILL WE ARRISE A LINKED AND A GOLDEN BAND AND NEVER PART BUT WALK YOU NIGHTED BEARING FOOD TO ALL OUR TENDER FLOWERS
2584,LIVES NOT ALONE NOR OF ITSELF FEAR NOT IN I WILL CALL THE WEAK WORM FROM ITS LOWLY BED AND THOU SHALT HERE ITS VOICE
2585,COME FORTHWARM AND THE SILENT VALLEY TO THY PENSIVE QUEEN
2586,THE HELPLESS WHIRM AROSE AND SAT UPON THE LILIES LEAF AND THE BRIGHT CLOUD SAY OLD ON DEFINED HIS PARTNER IN THE VEIL
2587,IMAGE OF WEAKNESS ART THOU BUT A WORM
2588,I SEE THEY WAY HELPLESS THEM NAKED WEEPING AND NONE TO ANSWER NONE TO CHERISH THEE WITH MOTHERS SMILES
2589,AND SAYS THOU MOTHER OF MY CHILDREN I HAVE LOVED THEE AND I HAVE GIVEN THEE A CROWN THAT NONE CAN TAKE AWAY
2590,AND LAY ME DOWN IN THY COLD BED AND LEAF MY SHINING LOT
2591,OR AN EYE OF GITS AND GRACES SHOUTERING FRUITS AND COINTED GOLD
2592,WHY AT TONGUE IMPRESSED WITH HONEY FROM EVERY WIND
2593,WHY AN EAR A WHIRLPOOL FIERCE TO DRAW CREATIONS BEN
2594,ALL IS SAID WITHOUT A WORD
2595,I SIT BENEATH THY LOOKS AS CHILDREN DO IN THE NOON SON WITH SOULS THAT TREMBLE THROUGH THEIR HAPPY ISLANDS FROM AN UNAVERD YET PRONICAL INWARD JOY
2596,I DID NOT WRONG MYSELF SO BUT I PLACED A WRONG ON THEE
2597,WHEN CALLED BEFORE I TOLD HOW HISTILY I DROPPED MY FLOWERS OR BREAK OFF FROM A GAME
2598,SHALL I NEVER MISS HOME TALK AND BLESSING AND THE COMMON KISS THE COMES TO EACH AND TURN NOR COUNT ITS STRANGE WHEN I LOOK UP TO DROP ON A NEW RANGE OF WALLS AND FLOORS ANOTHER HOME THAN THIS
2599,ALAS I HAVE GRIEVED SO I AM HARD TO LOVE
2600,OPEN THY HEART WIDE AND FOLD WITHIN THE WED WINGS OF THY DOTH
2601,GOOD AT MEAN TWO LAST A LOVE SAT PENDULOUS BETWEEN SORROW
2602,NAY I RATHER THRILLED DISTRUSTING EVERY LIGHT THAT SEEMED TO GILB BE ONWARD PATH AND FEAR TO OVERLEAN A FINGER EVEN
2603,AND THOUGH I HAVE GROWN SERENE AND STRONG SINCE THEN I THINK THAT GOT HIS WILLED A STILL RENEWABLE FEAR
2604,A LOVE O TROTH
2605,AND LOVE BEFALTHS
2606,IF HE TO KEEP ONE OATH MUST LOSE ONE JOY BY HIS LIFE'S STAR FOR TOLD
2607,SLOW TO WORLD GREETINGS QUICK WITH ITS ALL LIST WHEN THE ANGEL SPEAK
2608,A RING OF AMETHIST I COULD NOT WEAR HERE PLAIN OR TO MY SIGHT THEN THAT FIRST KISS
2609,THAT WAS THE CRISTEM OF LOVE WHICH LOVES OWN CROWN WITH SANK TO FIND SWEETNESS DID PROCEED THE THIRD UPON MY WITS WAS FOLD THE DOWN IN PERFECT PURPLE STAYED SINCE WHEN INDEED I HAVE BEEN PROUD IN SAID MY LOVE MY OWN
2610,DEAREST TEACH ME SO TO POOR OUT GRATITUDE AS THOU DUST GOOD
2611,MUSCLEMANS AND GUILERS DRAW CURCHIEFS AT A SMILE AND HAVE NO RUTH FOR ANY WEEPING
2612,BUT THOU ART NOT SUCH A LOVER MY BELOVED
2613,THOU CANST WEIGHT THROUGH SORROW AND SICKNESS TO BRING SOULS TO TOUCH AND THINK IT SOON WHEN OTHERS CRY TOO LATE
2614,I THINK ALL WHO HAS LOVED ME IN THEIR HEARTS WITH THANKS AND LOVE FROM MINE
2615,OH TO SHOOT MYSELF FULL MEANING INTO FUTURE YEARS THAT THEY SHOULD LEND IT UTTERANCE AND SALUTE LOVE THAT ENDURERS FROM LIFE THE DISAPPEARS
2616,THEN I LONG TRIED BY NATURAL ILLS WERE CEIVED THE COMFORT FAST WHILE BUDDING AT THY SIGHT MY PILGRIM STAFF GAVE OUT GREEN LEAVES WITH MORNING DOONES IMPERILED
2617,I LOVE THEE FREELY AS MEN STRIVE FOR RIGHT I LOVE THE APPUREDLY AS THEY TURNED FROM PRAISE
2618,I LOVE THEE WITH THE PASSION PUT TO USE AND MY OLD GREETS AND WITH MY CHILDHOODS FAITH
2619,I LOVE THEE WITH A LOVE I SEEMED TO LOVE WITH MY LOST SAINTS I LOVE THEE WITH THE BREATH SMILES TEARS OF ALL MY LIFE AND IF GOD CHOOSE I SHALL BUT LOVE THEE BETTER AFTER DEATH
